property_id;x;y
ES-3201209-F85BE62BC8E541559B9E46B6EB55810F;;
ES-3200607-5B278A9910134407A6DAF018078BC62C;;
ES-3201902-589314599A85476B86ADAB1B48E8F21A;;
ES-3205002-12447E7FAF1749B58AEDBC66A93FCB4D;;
ES-3204708-13C224C21C9146448BC31968B6B67200;;
ES-3204559-495CC76F7524451985A4686F56678EC9;;
ES-3203205-A7A3924E05024328A80008AE2F970B4B;;
ES-3201407-A2085C05058C41AD9D941E6CD0C0078A;;
ES-3203700-6BE6A472C6D442B794F2CF73D6CF53D1;;
ES-3204906-EACA237D2EA844CBB0CE8A4021A94D59;;
ES-3203163-4C11204BF7F84C17996B94DA143C9B19;;
ES-3202108-65FB797EE6CC4DBDB12340DBA9761B0A;;
ES-3204807-5FD69721FF184E54A08CC5972FDDDBE9;;
ES-3203346-8158CEE1CB4B41D68513D772CA4334E7;;
ES-3200102-856A29B36FD243C49497BFBCAE3312F7;;
ES-3202207-7098702AE97E4E29B82FEE266781810A;;
ES-3200300-16B34647A7334669B8F8E1B3A25DF76B;;
ES-3200359-76DB7E8C1A9046D598302CF329F3F23A;;
ES-3201308-3EEAF00EC717410982B0A11C6BE27212;;
ES-3202256-5B2D8EAD677546ECB8E787F27A0B48D4;;
ES-3200706-4EB869C550814E139F570D87932E80DC;;
ES-3203403-E1B46136B32141D39C49D3EA504CD231;;
ES-3203502-CDB776466825478AAFE9FCAD332A637A;;
ES-3203205-12C502497C0F4D0ABC226103531C93A4;;
ES-3203353-FA3DCEE00CB44DA3B51F437D5B22FEBC;;
ES-3201407-AA3D17BA06C44124AFEB12A520E87645;;
ES-3203403-4AA413729B214BB88ED8924E33508B06;;
ES-3203205-D7AB34E2758D4D5D9DC155CA31E8B473;;
ES-3202009-44630B40795B4E658586380CFA9DA320;;
ES-3204559-D7971C1A08BD410F987CA4BBCDEFB939;;
ES-3203403-7A8D370317744BBBB898BAA0BDD15F2E;;
ES-3203007-878B03D0091A458E889D48C6DBC9D4B2;;
ES-3203205-5B5C60445F3F47D3960C02C2B3DEEF1D;;
ES-3205002-5F2A1B49093540F8AA8601F2849A5105;;
ES-3202702-372E3C32D0F64537A42EEC85F3E076F3;;
ES-3202702-083B09C2AE2B459885A1550C518EF0E1;;
ES-3205002-ED8E973B6D2C401E9DC0CEBC66CF8A1B;;
ES-3200102-F9AF416D578141F0A2EF8793B72150DA;;
ES-3202207-AB1A006967974303AC01B8219ECFC6E9;;
ES-3204658-9B14A04EAFA442C5B8BA9C11165BFAD5;;
ES-3203403-E9831453F2604126924AA343523374D0;;
ES-3201209-95F6B252793746B8B43EBCE05A2EAEFE;;
ES-3202801-D9A6A3F62BEB40AD944F96C6700C2EFE;;
ES-3202108-96ECB61DE64B4950BAFC6723518FEBFB;;
ES-3201209-48A9E18EF9ED4991BEE3CC7E3C61F83B;;
ES-3204906-71D8B08A1F8D45F3B6F3A626B312524E;;
ES-3200607-38AD76BA385A4A01A8BCF61A8F4FAB65;;
ES-3201902-84FF051392BF43F1A7244465AEF68B32;;
ES-3201902-0CF330AECE6E4B0094C014AC73411B83;;
ES-3202207-BBD642AE12374FBDBEEA629F82B4A52C;;
ES-3203403-95C1F227A56F41649200E72F3EB5B752;;
ES-3202603-82ED3A9F10864CCF88A88F54568B620B;;
ES-3200607-3471A92D8F904444985607F58E4BE4FC;;
ES-3204559-E22AB017DB2642028607B02F9470E182;;
ES-3204609-5A464F0DC6274217BDB0D4044655BAB8;;
ES-3203056-B528608E6DF342AC80268558C7E23EB8;;
ES-3204906-49CD53E0F43949099D62B11DA41F2C35;;
ES-3205002-0D1D459427154AA8A0BACEF8594A6CF4;;
ES-3200136-B7F6207CE8AE4322947B5DBFAA3C5230;;
ES-3201902-B6CF41A4F1C94608A0576CB45E5FE981;;
ES-3200300-41A4288460D24ADEA141666EA7566813;;
ES-3201704-8F1CEE5A6A744E1A8FF3A865A6E6FB84;;
ES-3204906-3E6B2E51C7594245BFA652B32A39392A;;
ES-3201209-EA7E43E8C5934E31A777E7EDA7AFD2FF;;
ES-3205069-B6833F9238F44D10BA1630313526E8F3;;
ES-3204401-F7FB6ED853CA4796BAB2C5EABF27F5B8;;
ES-3201506-1E2450B3B5854577A8351899DADDE039;;
ES-3205036-FD1B6A10CC5749C3B5887BED85CD1FC0;;
ES-3203163-5E59F1E7606846878FFF88263904A58A;;
ES-3203304-B8B92B79F1D94B29869A2FD5103F86D9;;
ES-3202702-14882EF0D9A341D4913AA4C2CAA2F7B3;;
ES-3200805-D4BD405967364E40B90DCB2F9A4F3E69;;
ES-3204401-A9F029C0BCF44B48896552D6CDC6B20F;;
ES-3201902-90904B2D76E4489C82CC1F2DFE913EAB;;
ES-3202702-79DE12E0C44E4A2E86AC0872A077967A;;
ES-3204559-5B02CA860EA743F9A820B6CBF6A14B50;;
ES-3204559-6D635EF6D89E49D2A98D889B8CDE0922;;
ES-3202454-58AA1A48B51E417D9FBC7F7F49A85C55;;
ES-3201001-2878E22DE5C3443CB8986E8067D6946F;;
ES-3200300-04479C4F1C0C4A4DB961D7D75582428C;;
ES-3200102-E32536891628474888AB696E99DD20A0;;
ES-3203205-775EEDCE433340EEBEF6CCBA9F70FE14;;
ES-3204559-C348B0FE64EF46758239E05A44693516;;
ES-3201902-812F280BE9DF49948F9A8330362C7520;;
ES-3205010-1391F0D8BFB54EC9B0F2A1AADEF903C7;;
ES-3201308-EFF2210917F540E081DE4C18CA40E224;;
ES-3202454-B4478B0254084B62B05ED4CF353B05D4;;
ES-3201407-E5D79605F7534436AF4BF2D599458EBE;;
ES-3200904-73C55E19CFAE40C5A971A3868A1857C8;;
ES-3204351-980AFDE33968474D9BE3152D7365A559;;
ES-3204708-B4476E9BA0BC49C9B4F9F69C34D0CCAD;;
ES-3204906-9DD640DEAF194D2CAC3F4B4E22845F81;;
ES-3204906-1DEAFA89151A46B480B910B7257B7F68;;
ES-3200706-C52D803977E441E1A5B51B30580FF158;;
ES-3200102-2D6155DE1EBA4113BCAB3767AF406BA8;;
ES-3203700-2AEA31CA6707420593DC20E823F3AC54;;
ES-3202553-5521FC12F2B94E0F80B8F5A9884E197E;;
ES-3200706-F59E0177D4744355A516F413B825A3E7;;
ES-3204906-44BB0C66546843618861F5D360BBBF02;;
ES-3202207-43D962A2AD9645B7981AF3948A67FC0A;;
ES-3205150-586D4024FC69482CB1A66A1AA43EF536;;
ES-3203403-9E079974D2C9459B854C735B86B5A2D5;;
ES-3205101-F9417129C6A64E129E15FD46616709F7;;
ES-3200300-13DD04ADBFF246A980CCDC8351AC15E5;;
ES-3204104-B343DDC3565442189086D64BD7985F20;;
ES-3205176-2FEFDF2A31CA41498B0E55408028FB1F;;
ES-3205150-AAD3D2F96BE547E2BDFB53D0F39CB523;;
ES-3204203-894B75297C644A31AC21E1A474508A91;;
ES-3204708-EC71F7F153404E45994AAF8170160A00;;
ES-3203320-607391C2E6BA46E4BECA93574095695B;;
ES-3202207-0D81364499F2449C9DACCFC716B15320;;
ES-3200201-89D84DCA213A47469CD4A2CFA0DCBF67;;
ES-3200300-1AB1061DFB0745238828F62F4BA253BD;;
ES-3204955-DCB3FDB26E1945969D21A173EB75C559;;
ES-3204559-55BA055BD6294850A1C8B052F7D78540;;
ES-3203353-B9B7E292CD464E43B86F58F0A27C0232;;
ES-3204500-5EE7F4BB811243A2874392E6C1C396AF;;
ES-3203700-B5CCCAFDACD4495EBE49C274994E7E06;;
ES-3202603-85BBA45393304EE8B3AFF9591CE034C7;;
ES-3201209-E84D45E24A214DF08A3384C3861CCDAF;;
ES-3201902-498F757384274D11AD4065FEAFCA3E9D;;
ES-3203502-DADD87C4B7374E9A957D79721E8E52E3;;
ES-3204559-6B64E5CB0EFB48DEA91FEC4362404CB2;;
ES-3205176-994B79A0ECE2420480A7B07B5390F199;;
ES-3203403-49947ACCAC744953A036D57CDF090BA5;;
ES-3203304-BF727225A46C494ABBA215B1ADDD2108;;
ES-3204500-229C37FD81C6408B9DE0C1E5446AF18F;;
ES-3202405-F54E796A704444FC8AA108BB3D268CAE;;
ES-3201001-52723F1524C347E7BE99029C33B1811A;;
ES-3201902-2D52B106DB6C41F3A32491CEECB51A3B;;
ES-3202454-567D7039663F4744AFC16917D673EED6;;
ES-3204500-FD901D52F3654CFABE521A2E4C8B0D20;;
ES-3203130-354EA955C08543FC93B263B3B8CD5EE1;;
ES-3203502-852147E7C5FA43A18698FE542D3051BE;;
ES-3202405-EDB56CC75D4245DFB41E833554436A89;;
ES-3201506-C9EAAD09B726404C9115526D6E86D8E5;;
ES-3200201-D73117DFA3554F179A8BF5F7E1CB869F;;
ES-3202405-4358DA20697E40C1AACABB161C215DCD;;
ES-3200201-0E2995BB8A6E4060AA6BF34CB2EE676F;;
ES-3200102-29D2C85B41D149F8BEB80E8CC5D82B1F;;
ES-3204104-141587C8BC0F409CA312718ED87E22D1;;
ES-3201704-6FAEF04EF94C471999E3E7D04F3EF5A0;;
ES-3202306-D628D8654307494090395C200B352846;;
ES-3203056-41C010CBE96041D7AE5ED37ACF39DD6A;;
ES-3201506-2DF13FC0F56C4948A3993ADD86D514F5;;
ES-3202801-B7F4C8DCFBA5475F9E8E3E0DC8DBCE90;;
ES-3202405-75DB8ED632C84D53B6AAD4F245BD13A7;;
ES-3202405-B98018ACEE6741419BF7A1971EE2BB28;;
ES-3201902-19D0FAD0045244DA9B2461672EDDB518;;
ES-3205010-7A2BA1A4CD7143B5A6CDAD048A0144FF;;
ES-3203007-162D4AD6E9734CCA84979222D75859BB;;
ES-3204708-D85EC38ADF54454A9350A1E566885920;;
ES-3200607-2A12458B44CF4D279D9628AC6841E8B1;;
ES-3200607-1BBD45C3874F4D5FB48454DF0AFC2188;;
ES-3205101-625C38B54A634FA9B5087D82D1BABDEF;;
ES-3202405-FA29D57E48E5464F850BD59C653D8564;;
ES-3205036-D63FB64C980D4A7AB732A799F65C1BAF;;
ES-3205101-25462A4B7FE7438786CD46D7AFB5903D;;
ES-3201803-E3079BE7D4CF4533BB83A822F8300AAE;;
ES-3202256-EA6AA19155BC4FB9BA2D87794EE6B2E6;;
ES-3204906-D73EB2B5C8E44FF08463814DC803C47F;;
ES-3203601-59222B6C1B174FCB8B6B6E3423185242;;
ES-3201001-C6EADCC5E38040EABEE34DF0985369A2;;
ES-3202652-554E90DCFF974A37882BE6260CD3FF26;;
ES-3205002-60D19934FA33420C9E2083FA75C5C3CF;;
ES-3202801-06C4E9A4A73E4FC5964FFEFF4B24D413;;
ES-3204005-3888C3E36D254B22B32CF60F52AAE489;;
ES-3204005-4751E28603A04CBC81F959256DE23FA8;;
ES-3201902-7AADB3CCCB11419E97E0342CCB2014AD;;
ES-3201605-B874C058B8D94341AA431891171F6B50;;
ES-3203205-F6E8C9E66ACD4ADF8F1CD07ED1D71343;;
ES-3202405-2D2F7D27B79A4B298018516EB0613793;;
ES-3204609-4876D443B7B5492587281D879677389C;;
ES-3204500-403F7C11DF4045F681F5F15F7447BE06;;
ES-3204203-9131588720634364983DF5321C88A06A;;
ES-3200904-23401A30A8454C60A30B78BCABBF48A8;;
ES-3205176-63C94698B7CA41AC8BD819D9B7934CA4;;
ES-3203304-DB1DD2F979104758AB6803A305157CF2;;
ES-3202405-7DC785A4AF0941A4BB3B29582E7155F3;;
ES-3202108-82CBB3F7B5B84C67A9934B2AA3FA18D7;;
ES-3205150-18C39D9227D741A984B3F500A3B5FB90;;
ES-3204500-8F1E97DB52CC4B9AAA82D0B740B647BD;;
ES-3201209-71CE308EA0134942AFFCEAB85F6E0B2C;;
ES-3203106-05FFCDD8730F465F932459684167874D;;
ES-3203403-18C1E78053A04F9DAC92A8D1E21706F2;;
ES-3200136-AAB24A2CDB604921AF8FA559177466AC;;
ES-3201902-CCC6CD76EE4A4BA8B8776A90F0A82273;;
ES-3203205-8FFB3CB98539434088EEFF8D9DB96B0E;;
ES-3203908-9077B846EC1F4F1C9E16BA8747F791CC;;
ES-3201100-27D0F52026D6446B8205DF066104C703;;
ES-3204955-22800F46A1F84797811C040BB9816106;;
ES-3201506-CAF551B33ED544C3A88FE53E6BE5F7AB;;
ES-3203205-499B392229E543CDBDC7C8FFBACADF2F;;
ES-3203403-79CEE095232B4D2FA37F92A7E0B5197E;;
ES-3204351-A1A7BFC4C1694D49BC0CF0CF3B8DCDE7;;
ES-3202603-26297FFEFCBF4E389A821B083ECA309B;;
ES-3203007-3E0C2FD581674A07B127139DCE6F3122;;
ES-3203908-D51E5740D8E949449FE33989378D1198;;
ES-3203403-5D809C1094EB49219151E32A38556CD1;;
ES-3205036-CED2A145BF0F4AA091342494AEA7AF7F;;
ES-3200201-C5D5316D416742A0AB45222773B57E97;;
ES-3204906-630C2A130A824A9C8DB2011F963E2FCC;;
ES-3205010-3F167A8F91874588A4687F911D2F5636;;
ES-3205010-0590435011B14356ABB7BA99D6CE4A72;;
ES-3201209-7E4D40AC0AA24270AB559C546B872800;;
ES-3201407-ED79B6DF545046B6B5CC18B66867A479;;
ES-3200201-434947DEDA4C43A99537B65E1507B741;;
ES-3200607-938DC75E5B784FC6BA7C96424BAEAE72;;
ES-3200300-8CE2A089C56F4981B944131BB89850A9;;
ES-3203056-C0416304F8A24987BA93FAC51E0D16F4;;
ES-3200102-EAE4B22F13184EE3AC522B53422F68C9;;
ES-3200409-171D2CC265C54859923BEFAF90F8C942;;
ES-3202504-250180303AE241EA8E455780C77BB33C;;
ES-3205200-101C644E33B3417E8C116A3541979F1E;;
ES-3204559-4B20DF8241024557A113C8382D28270A;;
ES-3200805-1295342EC5E54CF9B337933A0A596DCE;;
ES-3204609-2ACD8CD6E76B4938BEFE54A820569419;;
ES-3201001-59E2F69187DC4EEDAD3E88968F8464E4;;
ES-3203700-8E33DD6CF03B4AF28830E34B29B3F0FD;;
ES-3201902-B0C53A8E7E0546F7B0D11FB7A229012A;;
ES-3203163-B32AD43B7CE6406499BAC8901C74524F;;
ES-3205036-0067A99AF47D4AD9AE7A0E6B8ACF2AB2;;
ES-3202603-6731E8DD459247459F2EED5C81DC91E9;;
ES-3204906-E582A237891D4695903A7181AC2851BA;;
ES-3204609-804B6545EF9445639DEA7E688618D6F2;;
ES-3204559-A83E73C17AFF4FE58B4F7BB512001318;;
ES-3204302-73CBD647EC9C41CDA9A655327DEB7ED3;;
ES-3202652-C2F8FA75423247CE975E5F1814D8DB78;;
ES-3201902-5BD9C35A1D3142818E0DCD4762351354;;
ES-3201001-2D6334B886AE4E8A844A5956BAC20E15;;
ES-3204351-4340E9036EF243DF8508B80A3637795F;;
ES-3204252-69B9B92C41FD4DDD80E15AADB6C0F4DC;;
ES-3204955-BB9C3A5447BC47A9BFB09BB9E4D5F646;;
ES-3200359-4A0F659C480542629E7416B38C9C75C3;;
ES-3203163-660FF96A13F2425D8765D3250946C95E;;
ES-3205176-86E816F1B3D04FE1BCF179F260301128;;
ES-3202702-1611F67DD6704CA38BF78D497C494063;;
ES-3205150-6E97229A5FC849B0A3B51011B493B06B;;
ES-3204708-5A3E6E4A6D42462996C78BD491251B5F;;
ES-3200805-CC5EE6F647A7420CBEEAA5BDAC1B6B4E;;
ES-3202603-802E584BE6A941549871C1535AD6AEE0;;
ES-3201407-6FBF4CF739E541798D0E0E66E59F9E14;;
ES-3205069-8216148D93C7451F9D0C750BC8E86A4E;;
ES-3203056-AB5E3F5D3F7A4431AB3E2AE3CA525E30;;
ES-3200359-51DC58CAB2C14F5A97EF5F4C60308C57;;
ES-3204559-1CBC56EDE4384F9BBD7F30064F6C02F7;;
ES-3201506-8DC26BC633EC428AB24C79C0B00DDCFF;;
ES-3204559-8A45BE1C6CA34962A959A60CF4DBBC5A;;
ES-3203205-F5344DDCFDA142EFB0339DE99AD944B4;;
ES-3203502-B766B65A50ED4B7C8A5A904607B5B5A8;;
ES-3200300-B64E4A67423C459E990B89F09A495382;;
ES-3200300-5C680664A6004BFCBF3B7729CA5249E8;;
ES-3202900-A94908864B57477CAF3454ACE5A0AD55;;
ES-3200904-F6238E7F0DD14125A5A24A9C15987F23;;
ES-3201506-0124206349D4498CBC20F916A1D3C733;;
ES-3201704-8C0F8CFFAB184818853F5766808279F8;;
ES-3202405-C778984D445A4437956AE1CC8AA09115;;
ES-3202652-77F679FA02F643249E3EDDF130564C52;;
ES-3205002-E56903D0459F47A3859CA978CFFCE94E;;
ES-3202207-AA9A2A53CB0E450BBBD7FB65B967AEB9;;
ES-3203403-C4A9D2876617496EA5206A415EA94147;;
ES-3200136-2488225D89224C02BD868E86FFF11ED3;;
ES-3200300-8233E694703941C0B003DC1F29FF039B;;
ES-3201308-F721AAF152C549708476AACF76017D31;;
ES-3201209-82EA3A59B4B7478EA38DC24D68E09319;;
ES-3202009-17E202A1857C4769BE2C606248387BF4;;
ES-3204906-8F8E638475504ED2B206B95E27BDD053;;
ES-3203205-38FBD620315B41ECB43605B5C39A3346;;
ES-3203502-71C198DF9596401E87DDCD6B4284F41E;;
ES-3201506-8E67A5DEF0454430AFAA6D1E711242E5;;
ES-3200508-7728297D2D06476F80F1297F78C762D4;;
ES-3202256-DA891380CF8D41C4AC16BCA7FFA1ED7C;;
ES-3204054-8020111EAFCD4973A719B30EBFC71F22;;
ES-3200706-3A7C2D0FA8C948A48B10E8FBE191C4B3;;
ES-3203320-8A1DE508393C44739E59902A985D85D1;;
ES-3202702-982B75ACE3B3492499EBC2B8D84A3410;;
ES-3201407-C7F2945E7E5A47758FB66836E28901A5;;
ES-3204906-A800392F2C634750A3CE70D0EEE33348;;
ES-3203304-0A90912DE46242B48866504F17A24E85;;
ES-3202207-461D627DC0AD4C4EBA8AF26D6732E3FC;;
ES-3203007-60729729B90A4E948DB89551FAF35C03;;
ES-3201506-85DF16C7672646DB8B879EDB64BFE56E;;
ES-3203056-785B14C2B06D441185212F0A9CCE160D;;
ES-3200607-91257233B1CA49D7840AFD6A613148BB;;
ES-3203700-B41C440781634872AE14D404A471E92E;;
ES-3203700-29E2B6BA6BAD436A899FC98ED1A03BFF;;
ES-3202801-FF6623361E024DAA9277A94945647714;;
ES-3204302-34607AEC763741F8A42E42FBBCA69834;;
ES-3200300-B3BB24AB0DEF448193A2F142B699EA36;;
ES-3204708-B60AF91D52CD41CB80CD5843DC50026D;;
ES-3203700-37F5AF0D095845019267EA4C519F1B97;;
ES-3204906-8F519F17E55F42F498E72D0BA8950081;;
ES-3200201-D612E69DBCD4482797ABBC3161E63D48;;
ES-3204906-BB23985DCC964E0DA23D7CD3C237B891;;
ES-3204906-35EA6DC78DA04F7D989536AFEDDC3B05;;
ES-3203205-DF5496AACAD9440585E2087BF763D298;;
ES-3204351-3847CC61D50C4F6B8BE4BFAC05CF34D7;;
ES-3200201-2709A485868449BBB1C515E50D7EFE9D;;
ES-3200300-3BAF6BFF0FA549F198CA182FF4D95B5C;;
ES-3204351-9AD9413513234B63AAEE362C38A85B75;;
ES-3202900-F76C04EDDAFB4EF3B184A30E2975D6A6;;
ES-3201308-DDD738F12AA14FD6931CDB58A399623A;;
ES-3201308-A2D69AC17FFC4DC29014287D53911DE3;;
ES-3200169-6C49B99A3ACD4799BA7B99AC1A07CCA2;;
ES-3203700-292EF64A361E4B088CEB060A5890D499;;
ES-3205036-BE68AA0F46054674AEEB4D69B187A21A;;
ES-3202306-04931C8C29EB4F2ABE9026F16F794EA9;;
ES-3203320-911B3293DDCB4ED7921D1C237DC4AB75;;
ES-3203502-132B8B0B3E8C4F78AFE501AEE83612C6;;
ES-3204302-FB0A22CEB8694851AD87E1023EA821F8;;
ES-3205002-24DA716FA91A4C4F9E5143DD6EDE87B1;;
ES-3203908-F7A59C548F7C4F5F850DAA75C1FD1119;;
ES-3204559-D3D7D099E1624B54905067E6C39C2AC8;;
ES-3203304-C0437895A9FB49F4A0891013392B1032;;
ES-3204104-2205507C39654B49A1E512CCE5AE47AF;;
ES-3201407-F75C3A5FA51F43AB9889F029902D085F;;
ES-3200409-7C58EA99548C47A69820BF4AB89A4AEC;;
ES-3200102-00FAEA6AEB444D96A1F979EB2783358B;;
ES-3204609-AD7D18A4AB954C208B398F7D2846D1D0;;
ES-3203320-1C214A6DC23F43118CE8C216E8B1B0C8;;
ES-3200300-713F73F9E55D40AA979ABFD48816A549;;
ES-3204658-3AFB066D89BD47C0A58355E110ECF9ED;;
ES-3203205-880C6D269AEC4D77BB86DDA06D34995B;;
ES-3202207-A53165B72F8B4E5CB9B2C26DB437D256;;
ES-3200102-207E9C45287F42D7A84C891B279C69CA;;
ES-3202801-2DFF8EC48F9346F99C3640841878DFCF;;
ES-3201407-C23AD54523F54F2585A430B9B99EB47D;;
ES-3200904-C79E9E24E5674AA4A2F33FBA8B689B9A;;
ES-3201209-492521F2D7CB4F918D63370E9D912EB6;;
ES-3202405-B362A04034754D868EC46D35C36E370C;;
ES-3202405-060D690E4BD54F63B047DE783C067436;;
ES-3203205-CA3CA83F6137455FB759B18C5C90CAA3;;
ES-3201605-0D4784D637CE4BAAAC45B458A2F3112C;;
ES-3204609-7A8EBE8DE7E94E7DAD90F834F5B52366;;
ES-3202702-99B852A8A7554A09BE43BC54CFDCA426;;
ES-3204559-6AB1A4617B364699BC70D3C7514F305A;;
ES-3200102-ACDB15A1CDDC4446A33E9FB19DDA461C;;
ES-3204500-46C2904EE28C47B2AF9FE944A7EA79FC;;
ES-3200201-0649BB3F9FEB4674B9266055B8C8B590;;
ES-3203056-CD3A01C66D0A4DBA9840EA8CACDDA538;;
ES-3203700-24C514E2115A4EF7AF822F191A898866;;
ES-3205176-875BA264E46E4567AF9F4ED68602246E;;
ES-3204351-5B7A8BB28576440AA1F6296DBCAD2CD8;;
ES-3203130-28DA429FF4004340B91D2A5AB7DF7982;;
ES-3202207-6200CFFF22794AD7BD61A1D1FA34D3F9;;
ES-3203304-FD06B66E7FAD41638392FD4EBA0806B9;;
ES-3204559-7EDAC0B97AB8482FA8CF6C35BE38873C;;
ES-3205002-6B97FEC28B0F406C93D69F748C1040A9;;
ES-3200102-FB943FB929EC411DBC5F6EF261E613FD;;
ES-3204054-55991FAF31D14E86B247768288584935;;
ES-3204500-1BE0899D146C4317B0E8BA214CAA814B;;
ES-3200136-3FCF0D4204C24ED78DE51EDAC846C4A4;;
ES-3203700-38F372E561AC467BB22A9DF7C3B5273B;;
ES-3201100-50A1B6151B7B4855901956622320BDB9;;
ES-3202108-24174CF99734429A9115B41971AAC43F;;
ES-3200169-C24B7486267349F3B87D4B47E5AA8C6D;;
ES-3205101-7CCB52CF18AB493ABCF136D849E218FB;;
ES-3203205-E5830E923B7E4C44B343B0B018778020;;
ES-3203007-5323E31816494686A507E22E17ACF8E0;;
ES-3205176-A8AB939B6B794035B5C44EE84FF9EBD7;;
ES-3201001-BCC294536D1F4B03BEDC7C9AC04736DA;;
ES-3205101-0CED05F3721C4FF99F89E13D199FDEDE;;
ES-3201704-86C138E4E6AF42BA8B7523EBF1F77E49;;
ES-3204906-D5C0AF8E62E14BC182103C634E59CD7E;;
ES-3200102-9FD98403BD3E46F783240831EC3A3727;;
ES-3201506-DB08E71E01734F23BD2910B1276067CB;;
ES-3202801-3C0A310916AF416FB3B66A7D933C5AD2;;
ES-3204609-86E6588DF8CC4E3387CA7F442F7857DE;;
ES-3201902-6173EA5277E744FFADD9E334E128E54D;;
ES-3203908-3208D6C534BD47FBAF612588704B14E2;;
ES-3204005-6ACC3E6A19944C53993A42BBA00B2258;;
ES-3203007-4762A03E2C2141FCAE1ECF805D58E855;;
ES-3201407-262F0D9DE36A420B89CFCCF166592AE1;;
ES-3201209-05BB75BBF2F74F2C9C88D25D83B9304D;;
ES-3202306-06A79E53B96B4BBCA197D53E7F2EA322;;
ES-3202207-138208F636FC4BE1A27198AA82AF2CF9;;
ES-3203007-741BD198312646F8B6E0A595CC0E6474;;
ES-3201506-CB2D423CEC114FE3A383CF3CD62E95FD;;
ES-3202405-7E42FF6E23E94DA185CC69A311E35D22;;
ES-3201704-758457280F8B44A991652F6D83874DAE;;
ES-3201001-38A20D7BBB4B4BF1ABCC48F6CD4B9489;;
ES-3203320-57F9AADECE2C419EB8F30251836FCE11;;
ES-3205002-68644CC3290540EBAAE6AD712A12B199;;
ES-3204302-9711D1669AD2474B9812AEE3A1527B35;;
ES-3204351-05A4797633CC48AE9E6057AEE00488DE;;
ES-3205036-C846C63D0ABE430BA1461093B71E9880;;
ES-3201308-A18A30C81586485D815D4E21A523F1E3;;
ES-3204351-69B1E6067BED4BFBB9C650A7A3DEF8BB;;
ES-3204500-13B7E2485C134394A880612BAABDA479;;
ES-3201209-B77B4AFCB80C4F698C959407F0FA892B;;
ES-3201704-E6F3AB3BEA7C4464889D32991B385764;;
ES-3204104-7DE12E0CCEE940B2AB4A5B6C76EF55E9;;
ES-3200102-D6125FAEFEA04485AC545E4CD4DE1C2E;;
ES-3202405-C980673081A945018D91E6CA9B0A773A;;
ES-3200300-FEF87864009441889754DB797DCE58D8;;
ES-3205150-EBBEF34C8D4F470EAE638C68300D03C7;;
ES-3205150-3DFD5CEE3F674429961B3217590EB030;;
ES-3205010-83C84CEA99EC4E7F86D158816E7E085B;;
ES-3202405-FC460000E9E941698B27D4F68E93B032;;
ES-3203403-FCB2902BE57D4FECBE251DEA46D58E90;;
ES-3202207-E55256E13047418CBA58F7FE69B17D95;;
ES-3200300-0B5C523F0E0847EABE0CAE68BA2B0EA0;;
ES-3202108-661B8D763479449E931D6398E01B06C4;;
ES-3202207-EF9A42771BE4424586324A3AD06DE8E3;;
ES-3204955-AEFD0CA0AF8D4314B3792C5297EE73A6;;
ES-3203502-CFDA8A01D0E54FB19D0F4C7398064620;;
ES-3204005-76CA62721FB84478ADE3DB89D6F569A0;;
ES-3203403-C30CF3A847604EBC9BB57A89394442B0;;
ES-3205150-DDD4144CEBD548E8A6AD0E95DA145B5F;;
ES-3202702-7F8A9786929647D19A77D51074E3B596;;
ES-3205176-D87EFFFCEE404B26ABF13CE348AD609E;;
ES-3205010-42F9F0037A5D40E89A539A9CBE21940B;;
ES-3202405-51C601DBB0F54445B1914EA5B1180CD8;;
ES-3201902-349A63ABF20A4E99BAE0F0450CB5BC4E;;
ES-3203106-03B1B8F287A64B439E1AD6FEAAF135BC;;
ES-3203205-3A756E96949F4793A8F0279A06787B2B;;
ES-3203320-CA14AF358F334BC8B8134CACD739D438;;
ES-3203908-C573C5E48E284EE9B54EBCDE6F339E2E;;
ES-3204609-4A22CE57527E43BDBBEE2FB1CD854E99;;
ES-3204955-FE9C82384B8C41F39DA82E178A3FDB74;;
ES-3201001-55F3D54C93F54EFAA83F854F0DE1B7CC;;
ES-3205002-3E70371C4662497C90E14CC03A6B1A70;;
ES-3201506-9B50C95A678B47C6B0A5FF5559E1885F;;
ES-3202306-9DD02FE5E9FA411F9C7416D6F701FECC;;
ES-3200102-10048C32EA38411684AECB32A4232719;;
ES-3203007-DC2734C0C9E144B285AB0790965B05A8;;
ES-3200904-B55A431580184E818BFE7CCC24F00E03;;
ES-3202801-D65BFB4B52F64DED80C43A1807C9498E;;
ES-3200607-0953866072F849AF99F2A06C24614BF0;;
ES-3201001-4776CF9571404FE59B4F92739BC10FC6;;
ES-3200300-8F064BF6124B4B429ACC76612E053FEE;;
ES-3204955-C28E45A444164F9D93AF0297E88F3916;;
ES-3203809-831B23136C404146A4EA457FE26BCDDE;;
ES-3200102-B606FC2C42B14F0188311BFD26D64979;;
ES-3202306-5ED44744B09446C984768AFFA2C019A7;;
ES-3202306-A4877EDB70ED4ED8B92C40A4C900BF1D;;
ES-3203700-8FF4C175F0D943E8B9DAD1617DB6AD8A;;
ES-3205002-50CB879BDA7049E6B9F2D0B3FB92715D;;
ES-3204351-E83E024082D442CBBFAD724DD265A134;;
ES-3204906-3738D603FEAA4DF08783B310F663901E;;
ES-3202405-6C4F623AE3B847399F6DA4AB487D29D8;;
ES-3201001-924E5145E38A44A1A59D6A4D9521E182;;
ES-3200508-B972D919CCFA4094A324246DCBA46E77;;
ES-3203403-11B1E090CC0F4945A6EB671D630298F4;;
ES-3201407-BAE7AAB7BE6B47449A1CC7A0C8B644F0;;
ES-3204906-771570D203434104A89E4EA5E7A5E3D0;;
ES-3202207-B740A3488EB7472E80765D004EBE2988;;
ES-3201704-1D863A21C027473284417BAC273A2DD3;;
ES-3202405-85197775236C4E0281A6E3B894918E93;;
ES-3203205-70707E7574804F0A851156C4F1B64899;;
ES-3202454-730554AA660240AEBF81717854AC79E6;;
ES-3203601-6240F8BC7DA44E7CA818CE72D0F0B71F;;
ES-3202009-966347F7E41641EC8977B2F22AEA14E4;;
ES-3203353-DB36E952EF854CDA949952FDE7D59600;;
ES-3204609-F13E6708E39848EBAEB931770D124901;;
ES-3200409-501118C1217E409B99D58AA6D6ABD0F8;;
ES-3202405-47CFAD868F2D4D1EB4A3D7301CEE6CB7;;
ES-3202108-87B4B5D74F8C45AD9476385336048CF5;;
ES-3205002-D96C3CC80E004B409A050D63B412640A;;
ES-3204955-284DA554B64641DD924F8523523B395D;;
ES-3203304-3A37115210BE43968B4C59EC007DA5E3;;
ES-3200136-C19DF555C35443D5AA4705411C4C266F;;
ES-3202553-3DE5BC10C5A44069A388F20A38E5C162;;
ES-3203809-4511B537B9B244228254C671E2642DF3;;
ES-3205176-5E9A6E5A0E8A494FAB724CD28A277D7D;;
ES-3205010-6C4664EBF51C45B2BDDE21227A217BFD;;
ES-3203205-647F95051986484BAD69DF7C1DB9109E;;
ES-3202405-EF15793FE30041ED88F4D9A431F97023;;
ES-3204559-583FDDAD233E4C62A6A51DD538026A17;;
ES-3203130-295C5ACD49E941FE93B4D37887FE6EF5;;
ES-3205036-546146ADA5CC4426BE2F813203511594;;
ES-3202900-5B4D30B42F004A6B9C936B14029E234F;;
ES-3204005-1D6F1582D39841E48321FB00599B5E97;;
ES-3203163-AA573C18376F4F61B0A57C3C928942F6;;
ES-3200904-07537B06BF5E4AAD9FD4C9CEA1B6BEC1;;
ES-3200136-95D0BB16790747B1A97099C6B4AFEDC8;;
ES-3201902-677D1A0C158643A987FCC2E554C2936E;;
ES-3202207-3902EC88444A423A85F9EC1FF5F0E110;;
ES-3202108-11E8E794AD734B5C96558698A14B330B;;
ES-3204559-B54F4E8FB3454344BAD14008DCD87A72;;
ES-3201902-A419DBEE428845A995C6453C5EEF44E0;;
ES-3203809-00A356481E794FE3990D891BEE6BD851;;
ES-3202306-900C78DA168940ABB61B5AD295EC3AA8;;
ES-3202207-ED545EC945C4471580149071B17DD742;;
ES-3204203-079B62D0BAA84B139020A4A4A5561F09;;
ES-3201407-F7D038EC7FD64BA480C834A49DCDE6F7;;
ES-3203353-0F9385C4B1E746CC8EF9818767032792;;
ES-3205200-A41EFA7C82704936A283FBBF18648573;;
ES-3202553-65C902D78E054223B0B0014D3C2F1BB0;;
ES-3204906-E05F30DA2A25465FAD008712DB4840F1;;
ES-3205101-35B1CD9FA4FB4878A3DA82921A3DB365;;
ES-3204559-07E8FE109FAD4BE284F535F0CB059552;;
ES-3201506-7578BAE7E6DA4B83ADB3F45219AAE357;;
ES-3205200-965471CCB41E49C3978664AAC2B23A1E;;
ES-3200201-AA6FE49F4EC44DCF97DDE9A8A8B43406;;
ES-3204500-F08DD465FFB14087AA829EA23D1D8A98;;
ES-3202405-EBD0A6D446534454A139A0DFB9C6E7C5;;
ES-3201209-1768ECFB26C84C18BDC6F8D9295145AB;;
ES-3204955-B278BE265CC04F119B4A4F2126D75727;;
ES-3200300-385BB2A74EBC45BEA907C0D08C976CFA;;
ES-3201407-53CC46B3112D4D7CA58AE8F54ABF5C91;;
ES-3202801-A9BAD64480E24A5B9FA5B947A631D81C;;
ES-3204351-75434B3C56BC4F939981CF66F8D86709;;
ES-3204500-1F0AEA028A694AC3AF755E35C552F0BB;;
ES-3201407-B15E1517615845E489A732E18D4CDCFE;;
ES-3201159-57830779865643A8B5F0B629F7C6DE52;;
ES-3205002-8EFD710323FD4CF38D9FE1E8B0DED0F4;;
ES-3205101-AAB3B777BB5944DD90CDE205310780D4;;
ES-3204708-6BE537F9199B43B6AA274B8B267C7723;;
ES-3202207-6CF1FC97ED2B48D8918A73D99B939822;;
ES-3204955-CA2B2EE3EBA0403CA4B8A63AB528D079;;
ES-3200300-A66861B1FB544B54A3F3CD4627050007;;
ES-3203502-13A1F403061F405C82C06CB0B1A620A2;;
ES-3204252-8DFDCFF1A5A24623B8A3A6224B52527D;;
ES-3201506-A2C391A8D60E4C1C8D958381CB0CAF63;;
ES-3204906-BDBF1494470546C984923DDCFD8415A2;;
ES-3201100-DD23A442691842DDA1492C9809139469;;
ES-3204005-100B250C9AA04C5796CFFA9920D8E5E3;;
ES-3204104-AB872805956048E39EC73D30291D2B46;;
ES-3201308-214631EA3434429CAAC65C21807A6A1F;;
ES-3204559-C8EAE80696DB4116B4E572F3839E3FAF;;
ES-3203908-5DE36CA4AF20488D9DF36BA8612A45EE;;
ES-3203700-4D4641FB143A40D5A6EE93656B6F6876;;
ES-3205036-7447E79FB4884B738374B3790F8A0D8F;;
ES-3203908-4E78CE9055D742DBB4F2698945CABB01;;
ES-3203700-1CBB4F9A5E4E414AA01DAD1F62CA5512;;
ES-3204906-AC24F865CFD24881BB0149A4515F6ABA;;
ES-3200607-DAC80299139441AFAB9EC6291674078D;;
ES-3204302-9700BFE4F7574B3FACDB35B0A7583625;;
ES-3204401-A0CC86981FF948C09B2629A689391569;;
ES-3200706-B072BF7CFAD6468A8FB3F12A03E68C0C;;
ES-3200607-94EAC4EB631B4DE18929A04754E7DAFF;;
ES-3204708-B182392366AF4F9995C2A9FA9D8BC27B;;
ES-3201100-C05AF259830B426F90CB9B846ADBF5A7;;
ES-3203205-0420B9808243426B8EA34B1A9AA6DA6D;;
ES-3203056-10B47EEF26E94A0D9244265FB9A9181A;;
ES-3201605-9C59A4FEA09F429B959AC00F96891FE4;;
ES-3204609-B99FA51FC9AD4FCD9E67864066D9D227;;
ES-3202900-F865379033C44D3EB6BBA6F17EF2D705;;
ES-3200607-6749A9FDBBCC47ACAD1AF04C2425C3A8;;
ES-3201803-A6FE5618C5ED4B408CBD0DF1881D3DE5;;
ES-3203205-F6570C18569746CFB9C8FCA1A730D1A8;;
ES-3204559-6C5BE6CCFE5C41B9A3922E51D0E88FDB;;
ES-3202603-41E71FC52E264FD9A9A8D28FCB2A93F6;;
ES-3201308-BE5E6C0A150B4D79869B971522396DA2;;
ES-3202405-EF593FFD5F8A433E96B0346CCCDC6D95;;
ES-3204351-27ABE59628664990A68A7B7F374C9391;;
ES-3202405-EA964EFFB9A94E5DB99440674FADEDF7;;
ES-3201506-4D1C886638814A7AB3D75D9E0562A1C0;;
ES-3200201-8E0274569131485ABB3BEB8677A00A12;;
ES-3205002-4E58FED327C54B0885911A3E5BBAB2D6;;
ES-3201159-454E65BA06D3428694988FDF58192D65;;
ES-3200359-5B71A8AED82D4380A34C580D339C12A0;;
ES-3200201-50459F031BDC4B5B8456DA2546A60F3F;;
ES-3205010-3F755E82C3BB4F32AC77D47B61057035;;
ES-3201407-B2543A43743042E49F1DBAABEB37D787;;
ES-3204559-5EBA7C9EABFE484381855984F32E905A;;
ES-3205002-1DCAF0449A12448CBF86A3EA04EAD3A3;;
ES-3203908-CEC00D8EF82047C680729D3EBFACF351;;
ES-3200607-1D04691F1F0C4CA9B1A6BFDAF2AFC007;;
ES-3200300-7B2689C228D84A1D85D2449389BF0A42;;
ES-3202405-8A855A7A3F8C4E49B86F54357A2C051C;;
ES-3200169-BD9CD5C3F3B84932BD69B0AE3F16ADC8;;
ES-3204351-A28649F7D1C645EE9791A3D03DD8A49F;;
ES-3201605-4850F77BFCB64B81911FC28AF54A6C64;;
ES-3202108-C6E9C1D1D010418996907D233B67EA9D;;
ES-3203403-5B6BF9DFBB334154A08D0BDDC59C3824;;
ES-3204906-39E2748457C643D8BCCF37C96188AA22;;
ES-3201704-B8BB8F1E877245179C23CDD15744F97F;;
ES-3200607-E30C7AC5D56A4876B8FAFAC42E78EF10;;
ES-3204559-07C3584980BC441DBF82D2D6F7C9E605;;
ES-3203056-E9E7907EA4C6421585AD4E90BBA0A9A7;;
ES-3202108-0610DDB2824041E7BBAFE93A0D1527B4;;
ES-3204351-A82558AC48E54BA494AF24A8D8A3A9C1;;
ES-3204559-F767AD7E2BE845F5BB10B00D40052967;;
ES-3204500-0583AD4A86994BD08BC1B3B2FD661DA0;;
ES-3204708-9689A0C66C8D458ABF58AFFA750F87DE;;
ES-3200805-D64DB80F38404AEEBCB1C40B16061B3C;;
ES-3202801-71DBBF918CB04DF1846BB4F6B87574C2;;
ES-3204559-EFBF7556596E448BA696308FB096E541;;
ES-3203205-D2589F9D82C14E738AAE7C8764A4E82D;;
ES-3202801-67995616D44E4ECCAE0A74A30E790B43;;
ES-3201407-A505F9418D8E49488A2467DD883C7D29;;
ES-3204906-5D9D7AEBDADC4CB5A0062AFB0E44804B;;
ES-3201209-C12D6082FB274862BA9BED214C94225F;;
ES-3205150-AD2BDC0FB1144C0FA3CD9FA13A697D93;;
ES-3202900-DDE4F7F35F05434DA5B17441CE494B4B;;
ES-3205010-77D5CED8DF1A489480895FC42FDD6790;;
ES-3204906-64CE0A66D26B4B3B97FDB968CA85293B;;
ES-3204302-E8250241B7134C86835241E9FC5535A1;;
ES-3204609-AB13C646233B4F3691C1E7EBC37204A0;;
ES-3202405-4FC8155B9E38454FA34AC90B79811021;;
ES-3201803-70B958E337AD4C1CA101724691C30D5F;;
ES-3203163-3DBBFF88987544FCA69140FE3A6117C0;;
ES-3204351-5DEBAF082DA44C959611D8AC6BD4F710;;
ES-3201506-224015B603DA4840B23D851D60FD1CB9;;
ES-3201209-D126B4844A9D413E9B8BDA33C1D06F37;;
ES-3205002-DCA1075E0AC24084B7A2E5C6D361039D;;
ES-3203130-DCB6785C727346028F0225D55EE5CD75;;
ES-3205101-D9F1C5AC227B41AB966CF68FDF936DC0;;
ES-3203502-82B5E8922DD143308B243621D73B4C9D;;
ES-3200904-E192F2AB0694465F848B23CAE6E932C8;;
ES-3201704-C4210DFDB0C74874A8E77157C012E2F5;;
ES-3201902-E904820E297C4AF39AF97C3220FBA95B;;
ES-3203908-3685063AD726451F811691BC724AFF64;;
ES-3203502-84EDC3ABBB274E7DB94F2D5534760A27;;
ES-3201506-988C280852EE4615838DA31D441652F7;;
ES-3203502-43C4F5F7180F4D39ABD410285999E364;;
ES-3200904-A368A00634914DB997F6AD610BFA44FA;;
ES-3204559-89E57867693F4894A252A48B7E4AD1F7;;
ES-3202603-BF876DB9678B4C008FF83BC4CA8390FE;;
ES-3203700-7F0162A778764DF98E13C372BBC0E5E8;;
ES-3201308-90081B73AF08400ABDA7CFB192B0C0BC;;
ES-3200300-81C8A18CEE444C90A87FBF4D04E256E5;;
ES-3202801-A1A098FB167140CB99E3F93844CB2DDB;;
ES-3200607-3D0B96461A004E269A3316F9CC69C9AD;;
ES-3205101-049019BF591C405AB0F814E21E53A7A0;;
ES-3202801-75E50B9C16D3415FAAC7E999E9A5EC1A;;
ES-3200607-EED4BAD777754DAAA1A7E254DCB00D2C;;
ES-3200409-3D40E7D0B20F49EE9C6B04C064C760F8;;
ES-3204351-91D28A2BCC0C46C298DBECC731CEA0BF;;
ES-3205101-16AAB62411F04EA59EFC30438C03876D;;
ES-3204559-00AAD784F92640BAB826A08BE2580FEB;;
ES-3203908-8DBF025A7B7D42FA941B76B84885AE26;;
ES-3201159-479570FA4493406F91CB52A9D7C1DFDA;;
ES-3205176-2E76C8CB6136488F942EE27713C05D88;;
ES-3200201-7CE7C1B2CED5418E9B29AC989EE734AE;;
ES-3204005-B0392DECC40347F6A5DA42038C15D97F;;
ES-3201159-876E63FE5F6741D582C598C027A5676E;;
ES-3205002-CB05967ED7314C75B775DAD704C4C726;;
ES-3202306-F43F457A05E54724A03829447C7B573D;;
ES-3203908-3A5872844CEC48EC80602ECE173E981D;;
ES-3203908-8BE4907661294BE392183DE8207ED368;;
ES-3205176-7A76353FA08F4E31BD0A1D68B6BDF850;;
ES-3200904-BDFCA0CAF5634441BD16DFB450716135;;
ES-3203908-D6993A36E85B43B492158BE7D8611495;;
ES-3204906-D9FF95C1A4224FBEBBB3E9488464EAB5;;
ES-3204559-0FF272261497422794A6CA3D8BE57BA6;;
ES-3202900-0F63D05C7E93401E98917841DD33C510;;
ES-3200102-8675E71A509249CAB4F40014B6AFF364;;
ES-3204906-29A63DD2F0744EF8BC237BDDFFB0709A;;
ES-3202553-CACB02A31212426EB9AE254D15A2281A;;
ES-3204302-092F1F85A1A248CBA87B2F9C7EC3AAB5;;
ES-3201506-FA8578E2CA0441588965F9FB041D2B24;;
ES-3201209-D4DBEADA928246469C30E5CF0B1DDA3B;;
ES-3203353-86A7A6CCC791477A95364CCB529439CB;;
ES-3200102-7D2B5EB8C2C741A38B42AB7B2C0CDC13;;
ES-3202256-A752100241E74C659911054056FA5A7E;;
ES-3202405-46579D498F194590886F90BB45C51CAE;;
ES-3203304-187481E6497942C88D39954EF72BB513;;
ES-3202405-82234160BC384EF1A8C3C8C64EE1F8FE;;
ES-3203205-4E8147915C344C5F87AF030C270B3F32;;
ES-3205176-CF6D17C454B448808FC56F2437F90009;;
ES-3204906-AB9D431E997B465A8921E296FC76BAD2;;
ES-3204252-58641DB4242244419C9C64AAD264701E;;
ES-3204302-861AF1BFF1794936A1BC817892B0E15C;;
ES-3205036-533F6AF9E1D64A16AF2F1C9447382C39;;
ES-3203700-EAE7A6D27F21431692EF52D95CC8EC15;;
ES-3200359-F641931E766C4177B289BD27DF4D6FCA;;
ES-3204559-63921FC0E4534F928959CFA99EF28734;;
ES-3205036-F1208942335846319EA49BE4F36E541B;;
ES-3204351-4D25E1EE2CEB4BFAA7942E49D39A4C38;;
ES-3200102-56ED6B194AFC46CB948C1643BC83449C;;
ES-3204559-6A531B854197461BA86D17D9E7767E6A;;
ES-3202405-7A93094586EE482D858B979EAA69B834;;
ES-3204500-C3B0DFCF29D649238B52FDF5B609D0C4;;
ES-3203809-29C2ABA3E58F4EA0AFDBDD7F4C3EB9F1;;
ES-3200102-E845C4F312324D47BACB305665EF7A23;;
ES-3203353-E1B3A27F689443BB85DA330B14A3A37E;;
ES-3200607-5744FDDEEABD4691AD1FE7C7ECC95960;;
ES-3200607-D2E7C7ECF0E545E6AD855C1199AA61FF;;
ES-3203163-43B2C43028494EADA59478C212A08550;;
ES-3200201-01848C17153F4FF4BF850908E5275611;;
ES-3204658-A814E57C260F462EBBA1344113B4C260;;
ES-3200102-00910ABDCA074685B922750C71CA0BF0;;
ES-3201001-E88D8C0D1DAC49EFB61AE2095A2CFC18;;
ES-3200300-1EAE285E70104E18B4AED77EBA81A93C;;
ES-3201407-FD22E53D8E6644F0BCBAA97161C4265D;;
ES-3203007-F3FE5C7AC1D243A995E85962AA4D2212;;
ES-3203320-F5880815F1A949CCA77B03C534807D02;;
ES-3201209-CB5C30ECA2D247909C2B9D1E223AF339;;
ES-3203403-B249B0B88A1147F29D2634A2A75C7123;;
ES-3204351-9C3FC516397B4C2D97E30F6976184E12;;
ES-3203346-0BE9255354FC47FF93C083AF8EDBA52D;;
ES-3203205-C97D4D3F0FFF41D7A0E119CADD05B02F;;
ES-3202405-8DFB2DAFA1624D8AA081746496EFA65B;;
ES-3202256-F80DCFD6A7D1404FA965D4EF2DA2DD44;;
ES-3204302-47830181BFB84A439CE528684C6CCFF3;;
ES-3200409-6A4BD14F9DD543FFAAAC221BF34CB216;;
ES-3204708-0C1AEF8ABC9640749CC8B9D6D9134D67;;
ES-3202454-4E420ED12B3C45F1AC8941E3894E78FE;;
ES-3203130-659CB56B822C488AA524A9F5A6470092;;
ES-3201902-E587B8C24DB346BE96DE31C05F73FA12;;
ES-3204708-A22857F75AA042FDA505AE6BD9C66916;;
ES-3204351-BDF72799DAAB4097812AE861BBF50E57;;
ES-3204500-51259B07E5E14AF782A5A53C60380CAF;;
ES-3203106-5ABD734CE2C448EAAB264F5E2859452F;;
ES-3203304-3F62A13530744B99A3A580BDF14194ED;;
ES-3200169-D9DD4391A21145F2B3C70DBD17A5CAFE;;
ES-3202900-BB5A8E8C6FCF4086B0CE2D80504FC141;;
ES-3204005-DAAF12472FF049F0B5A081AD88261BD8;;
ES-3200300-F3BCDF83793F40248E9F3BF6A7FDA9E7;;
ES-3203304-7ED4C000DC6C470AB3EE076085444011;;
ES-3205036-38C47B5383FD4BCCA7DBAC7E2BBBEDEE;;
ES-3205002-2302337B24694D5DAB4A1AB5B7BBBD10;;
ES-3205176-3CBBC4E35D724D6D908E15E15EAE9FA0;;
ES-3204005-20F47148CEAC4AD6B991EA387BCFD56F;;
ES-3202900-5A10097CFBA7409B8B89F3412147D397;;
ES-3201902-CE220ED4A6C84233967C34D9620740BB;;
ES-3203130-E4D9A07E782A468BAE03071679AC2335;;
ES-3202454-7D015CDFD8464FFE981B89C9003D9B15;;
ES-3200169-C71DA639EC16431395AD11A327EAB091;;
ES-3200409-39F5F4A29F1345F399FFCC1FFB9BFCA5;;
ES-3203353-493E6EC3A9204417AB7C51BCCC1032B5;;
ES-3201605-3310A1CFC80549E18B602E70551D98F8;;
ES-3201506-FE725A155BB74020817ABB53D8B17DD2;;
ES-3203320-472ED548BDBA4502931F54BFCB5E3234;;
ES-3205002-4FB0806E3F804CDDAEC9EE5A645A5812;;
ES-3200607-253C7E09F6B1439CAD470B50205C7A0D;;
ES-3202801-3500E88F272A43FB851174C22C4D4C18;;
ES-3200904-A111893CD02C4A28953B18BF4CBB7325;;
ES-3202207-305DDB77E02E4BAE83057AD9D2FD81DE;;
ES-3201704-45134F7B6C7D4E98A1B46BF7479C9A14;;
ES-3203304-CAB789AC90074A35BC61F4A451A8227C;;
ES-3201704-E5048237E77A4645A6A22839489FF864;;
ES-3204807-6F77ECEB77ED49D1BFB7562AD4B6929E;;
ES-3200904-28348CE62E194E9E857ED9E85700DA79;;
ES-3204252-711D3ABDC197466CA3FB7B0234BBD645;;
ES-3202108-2AEC27FF6AE44F4AB0FB62730064E96E;;
ES-3201902-F338A367DBBD433EAA2D4D8471BA3F44;;
ES-3204005-6A961E7BDE374D0A92E60B9A8999A00F;;
ES-3203205-E0A204944A7E4502B6A143B87896884B;;
ES-3204609-FC955F1FBFB54CBD8ACCDD0A434790A5;;
ES-3204351-45EEB97220284EF7904C04135FACA775;;
ES-3203502-1738E677A72F416DB28BEE00C52B9FDB;;
ES-3204351-B2DD321A9E9B4E67A9A4EE53AD81F8C3;;
ES-3203700-5A12FA8AFDFC40C6A6EBC5B5D1EB7BE8;;
ES-3203809-C6E40E5B98C24259B66DDDD21E64EA4F;;
ES-3202900-880E2779F9B34F1DA7E006E21F5C4E47;;
ES-3200805-EECD1F8A14E14CF7BACB85A96A052210;;
ES-3204054-535665C88D2C49A49CF290E1EC0172F1;;
ES-3200508-5A0AC30096274BF48A6D1E857DFF31FF;;
ES-3204351-9D8ABFF2F7E3424E8B22AD0DB2E89ADA;;
ES-3203205-174FC29B259D46E78D5A3E7CDFC4D1CB;;
ES-3200805-254718E1ED4A4053996ED6B98B7A59FC;;
ES-3202256-DA26279EDB74416FAC9E0F6DB359B818;;
ES-3205176-C94910D643CD4953BB17B785E8EC062D;;
ES-3203304-7EDE8FF6FBEC4878AA4BAB2CEF05EDE0;;
ES-3201506-D691BE71A23B4E7CA6C65E8972C55133;;
ES-3200102-2B9E08598DE74F809611FA67F4B0DA88;;
ES-3200805-2BBF83435F3943FDBD82C26BA81F1843;;
ES-3202256-BF7C22000979439CA1C8D95D338E14B8;;
ES-3200300-29AB25FFE2C2412DB2AAD274A48C9AC7;;
ES-3201407-586B5A009B324011AD7FBA1004168C2C;;
ES-3203056-4784745896F34FA8B6DE6FC5A1D223BC;;
ES-3202553-E47CB445D2C04885B973E862B3C0EA9E;;
ES-3205176-799604840A7A41EE81E4F26CC4A1E72A;;
ES-3205176-922AF675FD004B48B5C518317C5710DB;;
ES-3204203-E435D483748D46F9A7F2D5078F401085;;
ES-3200904-C5AE924A62AC4463A7A85DCEE8F93D24;;
ES-3200904-96FEE9DC3E344EC792B87467CD3EF28A;;
ES-3205150-0997B2CB8BA94C46B746915875A846F4;;
ES-3204906-B96A60C5938A4C4D84C9B22C3AB27E17;;
ES-3201902-E0BACE5AA2634FC18A55BF9CDC142253;;
ES-3202553-C4681F5DEA9C4D78A99EEC5B6249074A;;
ES-3203403-03320DC81583470B91CC9608C4D812E8;;
ES-3202454-376D4D8A7ABC45C4AFD44C186F423AA9;;
ES-3201902-81A318F1C46941809A906E7E4C5D30CD;;
ES-3201902-4417BFDA99874B028DFD90872FCBA07B;;
ES-3200102-F31FB7A3B4A84CFC986FAFCF0B371313;;
ES-3200904-DCA73AB4F2414BB7BC08F1E71C3CA8D3;;
ES-3200201-225AD81EBF1F4CA2A013FEA277FB21E5;;
ES-3200169-42E5056F0A504D8282B2EF5D4AF14075;;
ES-3203007-8F0135B5BEFE4B45807AACA204CD89EB;;
ES-3204054-DFF9BCFBE3CD44EE9E95AB051957FF2D;;
ES-3204351-D1BBA4DB57D54EB086D97766766F0D60;;
ES-3203205-206AB8E21FD54A86B3AED0D5854BBF37;;
ES-3200300-F5374F1D776045F6AC6A1F35008E1383;;
ES-3202801-A7D6D569C86C41B3987058A83B5611E6;;
ES-3204005-48B5CD5C79CD424380E61E0334A96470;;
ES-3204708-E22661371CC6433E97ADD5E435A3A62C;;
ES-3204708-F3B85026CD944E2B8ECC06473557468D;;
ES-3204351-E694B828FF1646FD93553ECBB388D2AC;;
ES-3204104-2E807F68C2BA4D089AEAD41EF2331EEA;;
ES-3204005-ADE12A9B5F234FC0839FD541E3720918;;
ES-3204609-4606F74305C04518B8B426C4A6C68E24;;
ES-3202603-75E36B6170FD4AFFBA1FDB472BFE798C;;
ES-3201407-965ABC320D0C4930B11BAFA0722D0364;;
ES-3204104-BC31B61267554279AAE7E37563D6D211;;
ES-3205010-C528188CCAD946B69F5FE012A5516C05;;
ES-3201506-410DD6F6D9E741F3BEC1938E15C2A48C;;
ES-3204351-A5EADDA4343548F6845A96ED36A49A0D;;
ES-3202504-B9A0ACCB6E884885800993ADC2EAD099;;
ES-3203403-BA363697137E42928D5578F1465787C0;;
ES-3203056-5CEA4485B08C4FF68CA97C8F07B1A343;;
ES-3204906-5A858B2819694B438E7F330DCFD145EE;;
ES-3201902-422B43883A744763BCD2485D3E1BD497;;
ES-3201159-92CCD6006D764020BB450B93C8A4DAD9;;
ES-3202306-64ACEEF5D0DC41D0B0A3073ED149D637;;
ES-3203007-C8C8715027D94B56BCC4F5FF4F191C94;;
ES-3204906-090D3FF8A8B540099BC64DC251E1634B;;
ES-3201704-01B9646157C44290A33644909100BAB0;;
ES-3200409-0AD8734B00DF499797DC86EEE213E096;;
ES-3201605-A465A16F2A8541278FE111E17F0CFC1F;;
ES-3201902-C0DBCF45C9414623AA8E94AEFAC72E6A;;
ES-3201407-59852196C14A48A3AB30052D4BFFBE7F;;
ES-3200300-8395ED27BBFB4BFA8376DCC2F4FDED7C;;
ES-3202900-021EC195C25D4B21A56ADCBFB8A9572C;;
ES-3203205-96BC42645B534B19AB0C001042BC5548;;
ES-3203700-C9BDDA85339949B5A3D474B7D87BF24C;;
ES-3203163-A11E0F494E9F447C9091E0E1B6AF799E;;
ES-3202108-DE4521BB19B3414187AADDE4027CF87C;;
ES-3201902-B71F2519CA704416A426BB155B20DCAE;;
ES-3200300-A0B0CF9F3F4949EEAF8A5A90410C6CAC;;
ES-3202801-6774AB5E8351486FA6E58DFC86717C26;;
ES-3200706-C65311D82CAA42EEBC41F4FD556AD236;;
ES-3200607-0A9DEC36490F4DF8ACB7BA160D6D5EB8;;
ES-3203908-882AEB71528D4A018001F37414CEBB20;;
ES-3203205-F6479557E436426D9062FB6BD8169400;;
ES-3205176-E1AAC50BE8E74EB1AA9306F7C3C443EE;;
ES-3200607-6CD009071FD740848B594786EFA90EF8;;
ES-3204005-8A0311DE39B3428BB5AD733B99BE5261;;
ES-3201704-5076B37C1AE646E6B101FF87DDC24EFF;;
ES-3204658-E426428A71B94110AF0207C9E0CDDB9A;;
ES-3203205-A623DA56DDAF4EA2877E20AA9969CB86;;
ES-3203403-9ABDF345956D4CF09D4F075FD5CF69FE;;
ES-3200904-2F05931578894B73BA7A650E3ED2176F;;
ES-3204708-FD2B26E74F5B4DC288BEF897CAEEC2C6;;
ES-3203056-1CE9B5737FEA4C79AEE0104CBEC9E723;;
ES-3201308-FF5790DF52B54B77910FA94019B722F1;;
ES-3203205-89C8996603894E0A92D1229986E39B01;;
ES-3202553-C5EF36FAA95D445E95AFA7BC9C735FAC;;
ES-3201001-785638642E0A49CD9668D1C2AD085F63;;
ES-3203163-2609E0FC5FF747788A9108FCB063E629;;
ES-3202702-9F0AC26BCF91444D939A0A6F992338E4;;
ES-3203056-D135AFCFA85D4149AE8705559DA30806;;
ES-3204906-CE02C36354964A98B1CB4E7CB95E1AC1;;
ES-3203502-BE4231E3291B4FEAABCD4C5A1AE8960E;;
ES-3202652-711FABB7166044FF8EF4E65EAF7AB60B;;
ES-3203403-C4E7DC27898240A18C95527CA8051F8E;;
ES-3202306-121507DD525D4F9DA6CD4279447DD392;;
ES-3205150-2DD110F194C14209B0A1B12AE5A43921;;
ES-3204401-FC15624DD12E4DE2A57210DC8DD462AF;;
ES-3203700-01F4A233F99342C2AF02B38E57C5C806;;
ES-3205036-38377BAB435F4F3391E9E7A97E5BDF42;;
ES-3200904-0306D704FDBA4CD0ADF6C717790A9DEA;;
ES-3201506-2CCBFB289A614876A5F756EC8142C865;;
ES-3204500-C0BF55273CE54C74B2D8A877EBB9B6D2;;
ES-3204559-034DEC3EC1664E02A160B3B132922E46;;
ES-3200102-F3C5F27A9FBD4A208154C3710BC8B41D;;
ES-3203320-444188ECA8164D038A18324E4B4B05F2;;
ES-3203056-972561A6B6CA44EB9CA009863A4C28FB;;
ES-3200300-26C4AB589B6A439CA5FEEF5E5A1A78F6;;
ES-3203205-3B465C1507154BA19867125813A14B64;;
ES-3201704-842D5FB28B8A493693AB79923F25106E;;
ES-3202405-D94E0169F59E40CFB67F7FEE0567D498;;
ES-3201209-3C33FD7E32784238A7F9560912389220;;
ES-3202306-42F877E1E79A4DAA85EA9D9EB9EFD2B1;;
ES-3201803-6B2AC90F34724C39A9F11B8B01EAA619;;
ES-3200607-2D21E323C0964EFC85FE0817BD1BE02E;;
ES-3205150-281D4019245E458E910BCDC90122A97A;;
ES-3201506-3DB95FF04B194A73822FDCF13BBC322E;;
ES-3200300-6CCC11DB2E96453A95A860C6FE1298F0;;
ES-3204559-7C963035E41E4D01B5A6DC70148C975A;;
ES-3205150-2F482FAEB47346E783CD3AA4C3360262;;
ES-3200359-EBDE509317064CCD9B44620866F9F84A;;
ES-3200904-00A86425C50E464DB49F389B99E9716D;;
ES-3203205-51D3AD79DDFC48F3B150D743A9B27033;;
ES-3200904-3E6B8201187F4174BD3494AB5FDF5CEC;;
ES-3200409-E647D730A4A94D09BDA2AAF48023C20B;;
ES-3201308-2B15AC30553D4E2DA48702BF75B1CCCF;;
ES-3203908-0A93799B33504E8892DD6E1A9A527897;;
ES-3201159-841E012DA0B34D74AB73E6E288809250;;
ES-3203205-F79A582820A645BCA82B7947048E6560;;
ES-3203205-5925DE575D174A6299D3B75E12DFD125;;
ES-3204500-16D862E3E7B44B4EBD39B492C5A1FEE0;;
ES-3202553-35C3F7C64A424DB295BC1734EEFD5C17;;
ES-3205002-99247683B3E84DAFB6C01E060B60499C;;
ES-3202207-0136BC11E55F48FD9F4C75DA87670E81;;
ES-3200508-65934EFC28184905B2706AA3DBDFA8B9;;
ES-3203304-C656E0DC2FB945AAA870C6CBCDDBA37D;;
ES-3200607-A3527D5712BA4A38A135CFDC25D1DF66;;
ES-3201605-D98160163D1D4FCB918675D1002709DE;;
ES-3204609-C1C8D26675214D4DB7E1136947363273;;
ES-3200607-0F9C3EA02F0E408C89EC7C9CBCF43C75;;
ES-3202702-614CF20D158147A8AFC95188CEDFA7F9;;
ES-3204955-C87BD73044094BCA83A1F5B7A735C8AC;;
ES-3203908-A555D806F05F41ECBCCE8BF8375D5406;;
ES-3200805-85FC396061034184A9666A3C5C79C9B8;;
ES-3205002-3C4EF59C96D3404E8296DA302CA7DEF7;;
ES-3205002-672687FE68EE49D3898AE22C5CA2BC3A;;
ES-3200409-40D171BBE5C643AA979AE2544AC44FFE;;
ES-3203205-62505C78E93C4C199D67E93A40402EDA;;
ES-3203205-22040E7C59D4447A9712DD25D742E798;;
ES-3203205-FEC3DA8E5F0A4007838D44A9B31EDC4F;;
ES-3203205-CCB5AFB4CB5E40E48BCC942030FC0A2D;;
ES-3204658-E37EEFE3C5B8447D9D8FC658F995630D;;
ES-3202405-EE1C3DDCC3EF44AE895392BAFD0A3275;;
ES-3204609-9888CD1863894751B036AEB19E72018B;;
ES-3205101-9AE20D594D5A41FCA144A0FA870B40D7;;
ES-3204609-145B838E0B9A4229813E8182D86E3584;;
ES-3204351-13B514C79E7B4C1A8DD6784DCF3727E1;;
ES-3202504-F2D80DB2F56547159A2B096F7F54E787;;
ES-3200201-C0D11A23E6C24991AD99A8712D9298AF;;
ES-3200359-5D42B2094F324B838F3265C0D1F2A46A;;
ES-3200300-D6856FD25BE944FB9BB4C9E08ACA7FDC;;
ES-3203007-2035ACA630224339A22E0D5DE3332DC2;;
ES-3201506-12A1FC14BD454F9B9A646B6F0C3A99DE;;
ES-3202553-68F3F0310F4F4BE7898A9A11BEBB47C6;;
ES-3202603-8662F116A87249A2BECF5E2936A37B5B;;
ES-3200607-79971BE067124AB0871676857439DF18;;
ES-3201506-6F862B35F4624BF28A552525C4B98762;;
ES-3202504-E2AC6B29C24E4B17A3C1670ACB591BC8;;
ES-3204005-90051991FE584C76B9E2143A2398291A;;
ES-3204500-D32C26CF4E7C4871862A38BFA7D620A9;;
ES-3203205-42B8B2231D9C42D9A917C25FBA2B9EF8;;
ES-3203353-256B7AF02F4B461CAEE1FA0B6F0A6B81;;
ES-3203205-CEE20295C0224F2087A6FA0AAAA8415E;;
ES-3203205-BEFAC62833E2446AAC5EEACFF6455104;;
ES-3203163-402FC63E327E4324A7E756ECE6EBA2E9;;
ES-3201605-9E93BAE4517E45E3B5654CF44F0B0872;;
ES-3204500-8C4475E8DFE74584B94596674E9D531C;;
ES-3202900-B33A9C529B784D468CB9B550908AE408;;
ES-3200359-739ABBD5A1F74E928E8F5F5A98CE802B;;
ES-3203205-5794F824EBF84722B81334F3B8F3F783;;
ES-3203403-956719414FF34B7A8F5627C74CF07DD8;;
ES-3202454-70AE7BAB11874C54B1C1D7187E1AB123;;
ES-3204302-D0F1A8A11344493C9A467F54DBCE6DFE;;
ES-3203163-DBE83C79D16A4ED09C0F57D7E6E436C4;;
ES-3200607-DB877AD3EFD543DFAD68E00525821565;;
ES-3205176-568C93A0416642A298EABE489E5282FC;;
ES-3205010-5A78B24FECDE49DB932D92BCBA114A80;;
ES-3203163-B8A7A9F7618443C4A2A2ACFA49A1D167;;
ES-3205150-132A29E984B044E28CABD6A908D313F9;;
ES-3202207-643CA670265B406391A7F69288A5322B;;
ES-3200169-2A7EF84F988B4239A6DD6DBA2AB0E51E;;
ES-3204609-CFF642D427E343C2BA7DF9967A488883;;
ES-3205176-CE956D5190484CC4AF44AB27144A9BC6;;
ES-3205002-C8D1F36835D2482CAD0D4746B84519EA;;
ES-3204906-48679B9A67B44A9E970F13B4B50E99FE;;
ES-3202801-7ECB736477DC4700A2E0356D54AB6A0F;;
ES-3201605-94C8AC66E8E243B6A413B3200116968E;;
ES-3204906-EEE6C0027BC84D47BB46F7FD3C56F199;;
ES-3200359-46E894D03936488199F4F1B9990B622F;;
ES-3202801-D5668CA1F9E14A09882848937C338654;;
ES-3205176-27E63DEB4C024CF5ADA0F405211D1927;;
ES-3203403-13B6D733B3D5449E91EC07E67E22F098;;
ES-3202702-BE111B3EE4064D908AFEA324C95F26BF;;
ES-3200300-13505A0F0F9E488FADBE13C724D8183C;;
ES-3204955-AED8E4A152644555A3C0BBB78BFB4F73;;
ES-3202801-C08E1E26BF1B47709EBBAFBAEDBB9D05;;
ES-3204559-CC2A3CD9B2BC41CEB083931B9694351C;;
ES-3205176-0C54858BC73942D8AAC38A575FDFD2DB;;
ES-3204609-D6CB908BAEDA4E20B5E884CCEBCB94BE;;
ES-3203353-4B9D978EB39A4BB19CCA7AC700B8FA1E;;
ES-3202108-AF9145C6B2F741C39C2BFB07951D4C53;;
ES-3204906-7CB7FD0D08EF47F9858AE7418F408C32;;
ES-3200201-7B34F4A2AF8641CF9E5342DCF7E81E81;;
ES-3201506-B187678815484645B37914B4C2192F93;;
ES-3202652-1AF78E2BDEE3455681753A36EEE7AFBC;;
ES-3201704-5CF11315A52E4278AC25F273D5A7B1F9;;
ES-3204401-F840D3E45F6940A0AA09DB796DD6A8A0;;
ES-3201209-3597A8755EA648978973572FAC7579A9;;
ES-3204906-D71080130EDB46B597AED8DD2D49B795;;
ES-3205101-75C794E9A0F042E1B76254E5CB11987A;;
ES-3203205-AA31EA8239C9402A920F77FF68C870FE;;
ES-3202207-ED0D4A3CFA5245E0B621E9193D723DA1;;
ES-3204351-978EC1D14C4B4E34B66A23357D880DF8;;
ES-3203205-5A8B9EA400FC4143A530B5D5E4302BA3;;
ES-3200300-68F82FF3B0CA45368BFABB0064B1537C;;
ES-3201159-F4372B8852D449328A7A266F29AEBE2D;;
ES-3204302-DD37BC1636A34FD98B7815C22AFCF048;;
ES-3202504-2F1A9C1C39C64CD5AEB3090938261022;;
ES-3200607-20C9056B2F4349B184193C969849047E;;
ES-3200409-AA643E574B42449F8784C0E559789392;;
ES-3200409-25D70BEB874F4631B0A03C0408785690;;
ES-3204203-4B1CD50DFB3E4A089AAD265168FE58CB;;
ES-3201902-34E68B077C5348CFA6F13694CE42C987;;
ES-3202108-31A0378CFFF944D7A08FD47179D288BE;;
ES-3202108-35AB2B192E544582A092203021C571F7;;
ES-3204500-6F29EC83E60740008E8F2004803FE105;;
ES-3200409-A8D74F16A46D497FA052A142E557EC54;;
ES-3204351-63DC04F2A986496A91D5A8508C17AEA8;;
ES-3202603-AC785F02706242DF86327A248300E812;;
ES-3203908-BA2E92663E2E4F308DE086F800AADA44;;
ES-3204500-B72B7F4C91FA4ABD82C41A6009E21BF4;;
ES-3204500-C5A182C6FB88497391776CEB463F4FA4;;
ES-3200607-3A53B209BEA742E5BC395893081018E6;;
ES-3203908-995EFB8F67A6417D8614C4BF9D62D2B6;;
ES-3201902-119382710EDE45E19457E561EC896D6C;;
ES-3200607-6D49010044634759A5519FD071C87EB8;;
ES-3205069-2A5494B8C1244823B40A8175EC82DE4D;;
ES-3203700-65FCC2EAE89548EE83B7418DB923241C;;
ES-3200607-8C7DE195B6764A30B1F7F98E5B5F0DC7;;
ES-3201209-8D4DE002116142178E38B7568BB16B0D;;
ES-3205010-C19106802D32424089347745090B8BFA;;
ES-3201506-F8902D9F6D834E69A8DF87FC097168CA;;
ES-3200300-BCAC6D003B2145A1BE6F95B7EDBAB52D;;
ES-3203056-E0D10D551FAA4D82A1B7F799BDF08D53;;
ES-3204351-C1F9D8103B4A48B786C3B50C371E9212;;
ES-3202801-6FC954E64AB94A18BF3D1F41F4268BE1;;
ES-3202702-194BBF298FEB453698CBA78CC1C44F43;;
ES-3203908-80E2EB03F49741E4BCFC688E71563DCE;;
ES-3201902-D2D3401059B040FB963576A6EF1FCCFC;;
ES-3205002-69E26C4D49FB4707A31C814876C129D1;;
ES-3200607-4B5CF65123424ADDB8AB15F3BA813CAD;;
ES-3201902-8AE97092B24549CB81B7785754F21279;;
ES-3200359-3E5852A8649B4B66834CCA2150D289AB;;
ES-3204609-298F54D90C074406939DF12D2574FD95;;
ES-3204559-CDE4FE124F564D3EA27FB4EE1EFBD63D;;
ES-3202405-3C4C91D96F02493DB8594AFF5317DBB8;;
ES-3205010-BBCACE38BB9E496C8ACAC78CF4165DC4;;
ES-3201209-DF17075A7E7648EAB61A175A53F7CF12;;
ES-3201902-A532E33E73D64810983766A2E6746610;;
ES-3201407-C325088539B8459E93A587117CDF17A0;;
ES-3201407-511C97906C654BF7B0D4A64AE4219592;;
ES-3203056-32B8A48F32494E8CAA92B832A526A8F2;;
ES-3204609-16E47B87B0B8426ABA0BBD7A8EC0873C;;
ES-3202553-681BC37801BD4061B24F39114E0F6D30;;
ES-3204500-BE65234E4A0F4256BB1185C2CF31936A;;
ES-3201407-98A55F7AF68F4A34AB7E5E2E348F8F21;;
ES-3204500-43E5952E3D80433183718E1E3C7F953C;;
ES-3201506-D7BC4F149B4C4FDA81E1E235138C31DA;;
ES-3202603-1B6120043EAA4AB182C1BFDF65D40072;;
ES-3201605-29A88BA2E1514729B665F2B47E78CB66;;
ES-3203163-DA46AC47174F470AB0F1760E45462D51;;
ES-3200607-5F03B3DB07FC452EB6B0E01E39DCD7A7;;
ES-3205002-C4106E8FEA37437581E3EC5B9B4E5221;;
ES-3201308-5F25EE29919347BB8F80A7C1B8753CF7;;
ES-3202900-9DBC0F42FFD04A30B792B0BCCB8A0F88;;
ES-3204351-854AECC5C6F44CA5B62B9E9528673E55;;
ES-3201704-80F9F8BB024B4D9A953138C5AA84EB15;;
ES-3200706-A4B87C2F12104D8B8FDB72FA5A5047D9;;
ES-3201407-E07B4B477D7648BCA6D5BC39327FDA1A;;
ES-3203205-C445469804DD4A9D8801C7E22E23B249;;
ES-3205200-6A9839B1A1F84B849FF81052D97F3E71;;
ES-3204559-A1B18DA3005A40CABB5BC26307B293DF;;
ES-3203056-CE86C4E3C9F04F4DB449588F3DE00220;;
ES-3204351-4E81175B18B743F8BEED5B7737E4FF80;;
ES-3200169-EE14DB42F00F4F05B7EE6023A3BA7F9E;;
ES-3204005-EF6C6DF82A0C4534964205799DE30B1C;;
ES-3203205-29676D453F9743AFB879549E5579A44C;;
ES-3204609-7B6604C7E10E4937845E579C1E9027E8;;
ES-3204005-122BD09D09034A5CB903E1C58F66E803;;
ES-3203205-9ACC93E8191D435190550CFFE59C2D2A;;
ES-3200904-848028A941614CC4A03DB7B081A11FA1;;
ES-3202207-7629D19F85464959A64D3E599E98A6B2;;
ES-3200904-383AB061197C4344A4278F6374C3C521;;
ES-3204906-DCCAC5935F78496CB795F6FDDB640E82;;
ES-3200201-DFB7F6CBAF984CB4BAB2B2C0EB1030CA;;
ES-3202900-BB7121A2C85C494686B2CB8FCDF08BC4;;
ES-3201902-21BD2284949649C8B72A3861B23C8F6C;;
ES-3201803-03F5C4AAB8F349B0A3D5E0EADAAF72D7;;
ES-3200300-96587279806E41AF9859260335D39874;;
ES-3200607-F3140F09E57C48759BDAC84660F15C23;;
ES-3204559-3F34E6D934E54E81A29869970172E19B;;
ES-3202702-520C7C3015674A678276131A2F8F17AC;;
ES-3202553-14740C7ED61B4D0AB0BAA2CF42963E5C;;
ES-3201159-C298702F8C7E4DA4A404DC34E32DC555;;
ES-3204906-538B362FF4074C47917626AD5AF122C4;;
ES-3203403-016F817F6242476194A9B83A680B2B72;;
ES-3200904-9B9A3E3A8F524315A347BC7B87C93B6D;;
ES-3203106-6AB8DDD867B24A8CAA3173FCB338DAD2;;
ES-3200102-5655BECC4B2A40F08EB9634629A61FE4;;
ES-3203163-CEFA6F76475145E3994CA810DCC02B6D;;
ES-3202603-8B5AD9D99EA0499E81091578A18D0293;;
ES-3200102-19B9A27E42F948E786460792A8295303;;
ES-3202603-FE7BA072450B43939EAD38CD417C4D35;;
ES-3202702-2D7F6466101A4494AB09545FB32D50F7;;
ES-3203106-480DA2EDF4944A2DBBA36F0DF7AFACD3;;
ES-3200607-BB784D8F917B4D4BBDCCE62D3F40E006;;
ES-3201159-4B8E6D66207F4A32ACA8CE2414EF0CD2;;
ES-3202900-F73F58CDBCF44EFB9BAD3AEB66FA02F6;;
ES-3204104-9C206AACAD5D4A3CA9DF915779548BB7;;
ES-3200607-ECE48FE855954CB18B7E8ABF70A422F5;;
ES-3202801-228628772B9945C590F8DBBC8EBB99B4;;
ES-3201803-2C1521298168464FAF49D61EDEF1459E;;
ES-3202009-97A5B9AE74B54258912EEEDFB9714099;;
ES-3202553-EB7A2923D1164013AD0ED8984CF3AED5;;
ES-3203700-B3E0C83D7C5B402A8C29A88B3E4D5EEC;;
ES-3203601-E13A50A8B7884EBEBFEFC2141721F3D1;;
ES-3203403-E526509BBC154AA5A21FDDF559823534;;
ES-3201902-413D565BD8974B2687897A0C6F1F634F;;
ES-3203353-7329662C31DB448195C2E7F0D0460BAD;;
ES-3202207-639B300478DB4B78B8F163267ABBFFEB;;
ES-3200359-190FEC3F4CC24D2CA44BD1E99C5D322F;;
ES-3201506-A333329AAC4F4DACB4A949736A74E6DA;;
ES-3202108-CD377F8288AE4C67973BA3A282615F64;;
ES-3204609-ECE770030317461C905B6666C5A130F3;;
ES-3204708-5CBE6764C920412188DB23744C409A68;;
ES-3204955-26F57E7829974F519C1CD10E21CE03B8;;
ES-3204559-E50939ADCE2D49C58E8AF4F63A9DBE30;;
ES-3204351-6515EE76587E4035A40F8C919BE0ACFF;;
ES-3204609-003C5D26AF5E4099A45D85D59EF49C32;;
ES-3203403-4FF042B8DFF341179F8C1C306031364F;;
ES-3203809-7071E27EB8C44361973FF656C3E00900;;
ES-3203106-DED76B50295143E6A1E99D6564012BDE;;
ES-3205036-C1A7713D1DC948FEA7249231AC48E560;;
ES-3203502-0F443FD4C7674BAA9905EF20AF5A8876;;
ES-3202108-E52D1F6AA8554089A79CA5AC7ED30924;;
ES-3203130-C6BE855A4CEC467F9D4081DCEE9F9670;;
ES-3202504-F46EF1E73CA8421B97FFE158D8F547E5;;
ES-3205002-F5E0A446AC1742C5B800AD9AA4327D55;;
ES-3200201-9BDE7FFE2A6D4B92968D26BABDCF973A;;
ES-3203908-A952B76E39BB4245B8F32CBDB1BB16FE;;
ES-3200136-0B24AA0CB1014306AECF8F8A54085375;;
ES-3201159-39E2BE81C808451F9591C38C3B773F50;;
ES-3205176-1C0A0E2560C64BAAB915DB79374EE7DE;;
ES-3200607-E30B86ADDC1848DFAD11AA8B4A1A21DD;;
ES-3203908-92EDF9748D6A4409A0D914EA7C36B3EA;;
ES-3200300-FDCB533029424C5DBD3909B443803FD6;;
ES-3204559-B6B8C26E04104BCBBA20CA4E7AA11F86;;
ES-3202108-EB1EC3D2AF8445C9A2F9D084F0810229;;
ES-3204203-DE1153371D174186A299A61DFC63BE02;;
ES-3202108-4467B72CC1AF4E6592EF86653A2FEB55;;
ES-3200805-624A8C07F50D4AA094A7052C7EEEE563;;
ES-3204658-30C11C39EEFA4179B954628BF2C51251;;
ES-3203908-0213F20BF8F54D0B91BC3047A89708E6;;
ES-3203163-69D3FCD7590B4E1093166D103E878BE2;;
ES-3202702-36C604B1AA6E4559BE2D3B2644F5D833;;
ES-3203908-BE510B3306B948A38185042A95230541;;
ES-3205002-8167F65D66104CDD829D7C37C17206AE;;
ES-3202504-0DF3807EAFB541FDAB20ADDCA61D06F4;;
ES-3201159-A9694E18E38F415B8647B2C1DAD6E978;;
ES-3204906-3478F440854E4A088F5F470BAADBCEE5;;
ES-3204609-65B506847D924049ABF9FA880FBDC21F;;
ES-3204609-5985197A15644D06880D1C0D34207DBB;;
ES-3203908-68F4FA4E7DAF45CB84E94FBFD4560663;;
ES-3201308-85124B45510045628F82F695D6804491;;
ES-3200904-4347254A42534BB6BB957F013A27CFB9;;
ES-3204104-F95323E75B684726A84B4274972C68FE;;
ES-3204500-A6C03485A5F44277B42A3A4B5BA9085D;;
ES-3205036-26533698556243AF8E464E45359C925C;;
ES-3203205-669ADB06F7854F17B1BEA4B1FD8EC7BE;;
ES-3200169-25069490DC354ACFA8B8239E91844C3B;;
ES-3201209-B6811D95A9C6485F835E8037FBD5A50B;;
ES-3201407-165F72E06A4140909201C89179483291;;
ES-3200409-BBA938D423924665B429187DB892904C;;
ES-3202603-21AEBE9A29024E22860BA3FE068C7334;;
ES-3200300-40841DBBA2FB42FA97C0269F29C08FE2;;
ES-3204807-7031CCF9EBD343E4B51AFE4275755161;;
ES-3201308-AD8AE4D6974D439591EA39FE4BA7F0C1;;
ES-3204559-41923EDC9F68451CB39DF75F7A630676;;
ES-3201902-007F9BE7C3D3449F8A0526038BC642C3;;
ES-3202603-94118DEA926F455FB4C0D067262A5A5C;;
ES-3203163-B6DB4D9971634567AAF5C6CA07A80535;;
ES-3201209-A7FCE327BE8F4BB68A0B03E1C21E7DCD;;
ES-3201159-00CC5D01C285485BBE99B5BF0280A600;;
ES-3200300-66213CC1DD244311AA6E4C2B402E18A2;;
ES-3202405-A79677ED3DD447B38273F2BE27D026F3;;
ES-3204708-7BC591BF718B4E5E9E212A46E491ABB5;;
ES-3204559-D662E571974D452A928EEB731966F3F9;;
ES-3202801-69D8394F09F9458589A46942D50EC4B9;;
ES-3200904-5F536BFC1D83462B809A21F3AC6D1739;;
ES-3203007-62FBD0A53A2D4B749339B4741EE2D1D4;;
ES-3202900-ED4A11D3EE484D859CA7F141A068D5C1;;
ES-3204302-406AC7A811E4473F997BEBFD37B3A068;;
ES-3204302-BAE445CD66E74F389848ED23A2945CB2;;
ES-3200102-88195444F4DF40429655311A280D3B22;;
ES-3205010-059A9BCFE739414C8B7D213A6AD61D35;;
ES-3204559-1EA32390660C47D49A9FEA8CE46FFBC1;;
ES-3204559-01E54B2E5830431EAEE4520F71FBE191;;
ES-3204708-C59AF524DC444EDEA82CD8A821FDB6EF;;
ES-3204906-603D5C8361CB4858A87B22A9F34855B8;;
ES-3202256-C745681D8A5C4F5FB4DC05DA33B900E2;;
ES-3200904-D75AA74D2CDD422E9B62AA413C3779B3;;
ES-3202603-C07802CD33274BBD81E7040D0A10F2BF;;
ES-3201308-8DAC2F89E9FE4091B81B53AAC7D3A54E;;
ES-3201209-C86A7111BEAA4279916CF4D1C5C3224F;;
ES-3203908-8D21DB9DED944C40BC049950CD1F5931;;
ES-3203007-CC452607BC104F43A3DB22261D9D0221;;
ES-3203205-72865157826C476299F0420747386796;;
ES-3204559-80DAD32E2A19428DB6663A07F5169416;;
ES-3205200-A99D2100E9BC4CF88D5E0B70E8F4D63E;;
ES-3202603-9CF60707FE7D4E039CFC1E2876767501;;
ES-3200201-BA1BEC60ED5D47F194CFE1D0286969B8;;
ES-3202454-3F09BB3E876140D6BCF7B852A11CE732;;
ES-3203205-847BDC66D6EE44B484FCA5E4CFD9DE4B;;
ES-3203908-7EF55D8E98F742019E14A3842C8A567E;;
ES-3203700-44D45ECE54E541458B3C10C076EE9C2A;;
ES-3204500-A8D35E80B42D4BC197E914DC204CE956;;
ES-3202306-52CE6D39D2D24F289CC16122256A4726;;
ES-3201605-6B3547B98EBD4D8A8B1291497E6B88E5;;
ES-3204955-A39948E66091435B898464F04E654850;;
ES-3200607-2AA7940CCF3C4822BB43DF6652CCA946;;
ES-3202702-C7326CCCE0204ED6AB2CE8E10CDB9B71;;
ES-3200102-FD346A2B924B48279C27ECABB1CBFA39;;
ES-3204906-3ACF04D822F3444DBB9572179C1CAB90;;
ES-3202603-CFDB9FE04BEC47BEBC2AFC9D4B82137E;;
ES-3200102-58DA1D597D8C40A882C0CA0CB9F6EF5A;;
ES-3200300-80BA2BC18D36454497536452CB7213D9;;
ES-3202009-ECA1A7232CDF4E5480F6B4D56686AA83;;
ES-3205176-AFD603058F4E4DA58ED1515F2AD61466;;
ES-3200169-03087057D9874873A26EBD1D47900D4A;;
ES-3201001-650946799A7A4233B96C8E2487133106;;
ES-3202256-22ED358EE56743B5A444E3E424DA026D;;
ES-3203353-6D3C8E1D123A4DF786C6D8CA1F436042;;
ES-3203601-3B46565F777A4AF09615A20B5BBD644C;;
ES-3202256-CAF20C29072F41C49A09133AE8FD03E7;;
ES-3203056-E0BA3960A5F646EA8D778C358547D700;;
ES-3205101-6B1DE58ACEB242C8A4EB89B26407046F;;
ES-3202306-AED958E8716842D293C97F8D4EA176B0;;
ES-3202603-D60778DA4B9547DAB057A6C5210422E1;;
ES-3200102-24E64C8B01E94D8EA7413E939389ED9B;;
ES-3204955-F60EFF33C0374274BDBA724F3D1D618C;;
ES-3204351-CEAC1064C8F84D64B173166686D408AA;;
ES-3200706-650EDFE932DD4359BF974C08CD509386;;
ES-3204559-98D097E554F7400A9E3B26C2F9497D3F;;
ES-3204609-85083EE63AE44BA3BB25E354C0D16687;;
ES-3202454-574257EA66414AEB90A760AE575C125F;;
ES-3204906-A7892347818D4CC4B2B9D82DA3E371AF;;
ES-3203353-8EC06E87BFB54BF2A4A1299A01AB6A26;;
ES-3200805-46211BAAF91F46F6AD31CEBFEAEECCBE;;
ES-3204906-442334DF040B426E931CA26304A5A3F3;;
ES-3200359-7FC33D7EB87C41E1AADEC784FE52D4FB;;
ES-3200300-6D4D7F0506504A879EF5C4BB75E397A1;;
ES-3203700-928B116FAF504556B182B33D8521257B;;
ES-3201407-789048099D2545669AEB159781E28F54;;
ES-3200359-B960AF83FC5743BCAD7DB7048FCF27EF;;
ES-3203908-7344C001E82E4475B595FF2B083731F3;;
ES-3205036-DEC978B7D5044E1881547F28293E4E8D;;
ES-3204906-78C98868A73B42C09EB75B3E1109F3EA;;
ES-3203346-0A7DB34437CD4D1BA45AD5CD46088B33;;
ES-3200201-B635763354844C00AF3D5F2747B95409;;
ES-3201209-97137B704F4D423CB97F30ED06C14E82;;
ES-3203304-E189CFC4730145AF8EBBE64AFA7D0021;;
ES-3204203-D794A23393BD488B9AEE847DD62A317F;;
ES-3201001-E9E629A7D6F84DB29F987B5913354B4B;;
ES-3204559-E3062009CA404C26997D35BE252D8D97;;
ES-3202504-9420756F5402430084CC0DB1490E3458;;
ES-3203908-99E3A33E8E6C42DE8C5B4FFE3D603B30;;
ES-3201001-1B01ACECAA084724801E0EF483A20651;;
ES-3201209-0E3F8C96354B4201B3C9BD5033DE5F99;;
ES-3202652-A1CF294F085049F7AB77F26D6C40E4A4;;
ES-3202553-0EC88225753C49D7947AB4FF713B36D7;;
ES-3204906-51E0BA29F6E5403190AE31BAE69BDA0C;;
ES-3203007-B53798D91AE14063A984D8841EE66F8C;;
ES-3200102-932D255863BC4CD89632DC879E796662;;
ES-3204351-E5E8621036B54120979AF4247FD677DB;;
ES-3200607-BDB25715CE8046C2B7B7FB083B79C5B2;;
ES-3202603-7F1C51E92DF744B1A2F2822136BB4054;;
ES-3200904-C469A9099EDF4667982DAC5AD4CFC24E;;
ES-3204906-237DC8EA44234009A0CC641521F4FA07;;
ES-3200706-69816114FF6541288BC7FB7FC61ACBA8;;
ES-3205101-2FFC46ED20024BC3B584D2B99C988CF8;;
ES-3203403-89091D3FFB6149739C403E34D0F64E0E;;
ES-3203205-A3830F23077C4766B10C6834E267B1FC;;
ES-3201407-D8D7612646AB49BA849F8FF8CCE12AF8;;
ES-3204559-F148B64FBB5A432FB9EE7393F9892FDE;;
ES-3205150-0293E1E58E984CCB9B7491BDAC243083;;
ES-3201407-5EFB187A1EC6469EAA79BC08EC28D516;;
ES-3202405-19B72DF6C88D4B4B93F8A1A950CA5866;;
ES-3201704-F07ECC764ECB4486A695436DC0A77906;;
ES-3202603-1094783532024DB9AD554B61A0BD5E47;;
ES-3202603-9919DAD33CE0473398A038E8DAE222CB;;
ES-3203403-B68A9CE0E6F14F28937B6391945CF77B;;
ES-3201001-70F77E68F53F4ED5B688BF5FA298B2A7;;
ES-3202702-FCFA9C2553414615AA3BB84C03A2F5AB;;
ES-3201001-15F6F5FAF02840EDAA7119F36628F75B;;
ES-3200300-2A7703DFC06D4FD6B65FF9D15D9FC812;;
ES-3202108-B6881D9BC9294AD5BC6F9F43E968FC00;;
ES-3204906-66976583DCD1410AA4D225A1E14737BD;;
ES-3203908-02D8C650F566451D8C3A660536561CF0;;
ES-3201605-1A85070471F640C6870402F52BA1B811;;
ES-3202652-E85E73486FF646DE82DC813C11413502;;
ES-3202504-EED7F64891CE4633932C0E051AFBA865;;
ES-3202256-705F20677B414D0A844DE6675AA286AF;;
ES-3204906-5449C0C7AE4049B88EB4746C46658546;;
ES-3201209-43F8EA79087B4947854D82E47A451112;;
ES-3203056-A1FC44818D3F4FC8A7562C5DE867AE9A;;
ES-3204351-F72C6A3709F646039E105E05AC1C5FE2;;
ES-3202108-8B19981884334690AE10CDAB302A9EFC;;
ES-3203007-6EB1FF32D4BF43B2AF23F7D3A18A36F6;;
ES-3200169-EC12F370698943C89F831E19557AC40F;;
ES-3203205-244CFB85A7CE4959ABE31529003EF46F;;
ES-3205069-BB97164275904A2D832F6B75B04279A5;;
ES-3203809-EBF54E8501A24BB0A4D33469C9AC2753;;
ES-3204500-DEA50A8BD5B4429EAED46D42DB82F5F0;;
ES-3202108-7DF9673884D84DCAAE4A6227A5EEA12A;;
ES-3202603-BC484323E4DB4453881BF9A763D79FE5;;
ES-3203007-C5AB87E639A3433280C0CD4668CE5B8C;;
ES-3204351-F78B8735C42F484B99FB3A0B6C8FBB14;;
ES-3204708-5EAD0F5F139A4D1D8D13C05E2BC78E50;;
ES-3205150-24461F78A06248BF94EFB9AAC9167895;;
ES-3205036-507E860FBCBD4BA1BF4CF2159ABF13F9;;
ES-3201308-ACE70631BABB47FABE302DEA0BA63BA3;;
ES-3205069-5AB404DB945A42BCAD3C41A74AB5E8C4;;
ES-3200102-280A5D8EAD144969AE1F2D0F370B783C;;
ES-3203205-4E3A52A5378C424F88FAEDEA54F4C179;;
ES-3204500-01EBB8BA9CCE471583343964793927B8;;
ES-3204302-CF96A0CB513C4A9DB0FD01ED3197D75B;;
ES-3204906-B390471B8B31450683AFA8D7554E3429;;
ES-3200359-0340D6DE3D3349A9BCDB19732C00FECC;;
ES-3204906-E11F822D949E40E9B8DB334CADCF7E26;;
ES-3204955-21FB5F951C42401589E904A2640CEC1B;;
ES-3205101-970DD84AAE6E4B8F9F3BF5E2C840DF34;;
ES-3203908-3431126A0A69481C8C7E9AA4EF478B97;;
ES-3202207-866C6C9669EC4B97BFC1E04EB1A55464;;
ES-3201902-55C27214A1E04BFA874B97B1D75BC378;;
ES-3203908-03DC8DF0236F4B259CA06B505739D1AA;;
ES-3204906-F38DF6E621054FCEAE0A6ADF9C4E6D24;;
ES-3201506-CBA0EA223E7F422CBAB371235B337ECF;;
ES-3203106-8544A8543C6F435D9AA0FBAAAB844B5A;;
ES-3202702-63A2AC3EDFEB424FBF5C32BCF4008691;;
ES-3204906-7B386F7D96E64578A2D9400ABD8572F4;;
ES-3200805-DBDA57A4CFCD4F8183FB1D82F9FB1715;;
ES-3203403-88F95D0335E94755ADADE9079B410346;;
ES-3202801-BA6E1F262495433E86AA250618712E79;;
ES-3200904-7C8A8DAF14E248E48F8C743C5882A435;;
ES-3201902-7539DAB1DDCA44F98AD53DCEFA41F75F;;
ES-3204906-A3D97702D38E4F659BEAA157DB3CF4AC;;
ES-3204559-1CBB69CB4A4345DE8505D8A7A7948EFE;;
ES-3204559-5263EAB9646C4A43B80620D798AEAE4C;;
ES-3203346-D274C551DC264C4686C08D9B69B19644;;
ES-3200102-A65AC5D4553F450A880AC8A0E71BDBC0;;
ES-3200201-192650B0E4444ADEA5271AB26A63125D;;
ES-3203908-136AD265B4AE48C980EAE342BB48AE7F;;
ES-3203007-8529F91AA7224CADB7BC0EC8C4B75908;;
ES-3203205-3033316A924C45E09C61F1E965E1764F;;
ES-3203007-A524775D0890479B9091450A1CCE7111;;
ES-3204807-13694248E1EA4A88A25CB73A263437D0;;
ES-3202207-21E6AB642938499EB444845A62747D96;;
ES-3203205-20D6CA037842425C881B092E82A4DC8F;;
ES-3204906-322AEB10A95144008226717E139FD391;;
ES-3200409-924AFC0142D643289D03ADD7ED999B85;;
ES-3204955-50A85232E8234AAAB95952BCB24BB261;;
ES-3202009-EA08C9859E3E4FE4A043AD514B7FAE92;;
ES-3205101-85539C8864F84E1CBD121BBB9BBD0F87;;
ES-3201209-6C0F048A18684AB5BA7218E7CC062D31;;
ES-3205069-7ACF16991B954F0C98A932720D281183;;
ES-3200409-A499EA17B55E4571BB38795FE9774351;;
ES-3204708-E4B787B200C242409B3CFE1BF4B0CCC6;;
ES-3202652-5640F38885974420BAC2AAADA7C232C6;;
ES-3202454-A90C0ABEFCA649E2A46DA6674EEC917C;;
ES-3200508-54A8D93EB4E6495F97BFEBC1478111D2;;
ES-3204559-A8AE5FD4B68E4478BE0CCEC92F9C8A5E;;
ES-3204500-D87D1FF78335443A88C32CB3670EADEB;;
ES-3203908-ADAA70CA93594CD4B1D06D1D00ABCE1D;;
ES-3201704-7C35FE65FBD24035B5FE716528F01B11;;
ES-3201308-1A5EC7FA00FB47C996FB97BF1E556030;;
ES-3204401-0300D4BB9FF94D7B89AC1C032D34C3CD;;
ES-3204351-D70AA94D24464AC5B4C74B17801BCD50;;
ES-3203908-0D5FA35A5381483D8AA51B0ECE8DFE20;;
ES-3200607-7FAAC27320AF422E8084E0A9A75373DE;;
ES-3204500-E4417536C95946AA9689149A06CCAA1F;;
ES-3201902-E0D59A97BA514130B8256C282A815BE8;;
ES-3205176-4839080596F648838D2445E1B13411FE;;
ES-3200169-02303DDBAA3E4FD1846626A12FDDDF7C;;
ES-3200300-2AE8DBA7F1D048FB98BAAC5C20FFA446;;
ES-3200904-2916C9417FFB411FA32BADAFA8E219DB;;
ES-3202108-C46BE753EEE947AA810C4D85A5268A6E;;
ES-3203908-96153978445541BD8842986D958CB1AA;;
ES-3201506-4245972A97A34B59930DC9672F73D073;;
ES-3200102-BBAA5FBBC59A48DBAA382DDCE607145A;;
ES-3200805-7409FD16AB8C4BABA16E63AEED658FD0;;
ES-3204906-A06D9773C3D64ACBA31D6DB03ED7B896;;
ES-3202207-51AE0B2E663E42B4B1B14462E9578221;;
ES-3201407-2A57D26600504748A45A3F61B7537D58;;
ES-3201209-D7CF0E00F37F43B3A31067EBD161F994;;
ES-3204302-0895CB2837EE405396761A8DA19E42E8;;
ES-3204500-E9C6B89C569A47879A8E76024070DAA5;;
ES-3203700-BE48BC677F1447989874E73BA6DC8066;;
ES-3201704-AE06F40BF15F400CA9F786FF15453273;;
ES-3203908-2D3332A9D88D4B779CAED9C7154B68F7;;
ES-3203700-10076A9BB8BC4E77B63F799535E15FC4;;
ES-3204005-A56F49615C9C499FA04F68F0C4741637;;
ES-3204252-C638645B2B164D11BD0848F2500EBC96;;
ES-3204104-8442CFD8DC8349CAB3E46AEBC09F78F0;;
ES-3203056-AD4DC1B3ECD148869F60AD1A3A51EC0C;;
ES-3204351-97E342AF47834A8E96483F086A37853D;;
ES-3201209-4A8F0CEE86B243BFBBF9BB6F0B5326AE;;
ES-3203106-C38BBCFAD8CF448B8FB89F7A865BDC20;;
ES-3200359-EE106B9856B84953B1B3A64B6381C5C4;;
ES-3202553-3EAB42B8200A4297B14381C8B47BA409;;
ES-3204005-990C9AB1F3AB460CA2C749037F3084F6;;
ES-3204609-C8D19402834F468EA5BD02B82BBE1F1A;;
ES-3204559-98E970CBD969473C98DD49C9EF0EE80B;;
ES-3204500-B1F4838B38C54BF3A96D5871527E2F90;;
ES-3204203-BCF88276A46644C9AC38454154A7F807;;
ES-3203908-2165841250144CD29F27951C062D80F3;;
ES-3201308-D8C2FF0E81F34E7FBDEFB6CF3DC320F3;;
ES-3201605-E127A807E4134C04B2321FEDAFE3BF51;;
ES-3201209-34234BE3C7AA448CB9DD8888BE34813C;;
ES-3205002-5CC1FD6CE9934B6A82BAACBCBBD77F59;;
ES-3201605-CDC0D5813CC6433C9CA05ADE9D0C5F6E;;
ES-3202207-6E11A17B38084403A9139A1FB72089A9;;
ES-3202603-ADCE83041D72408DB8DC4CEDEA15EBC2;;
ES-3204609-F6E5F2182F9749EC81549B0117567E21;;
ES-3201209-A0368EEDBFAB44078663B7F4EE720136;;
ES-3202900-08854C756E6A4C5CA1FF66359146249B;;
ES-3201209-F792C8E13703421E9EF0D71EF47B8C22;;
ES-3204559-AFD24EB45D8B4BFFA3F414210CC05CAD;;
ES-3200102-CCB0ED87FDA041E287F994FDEFB9A829;;
ES-3203908-6F53B6977D3E4EB4A91283603925E8C9;;
ES-3204252-2D32CD861C324053964BDCFAEF0363DD;;
ES-3203205-E591F9135BEC44CCA63E96B9102D5723;;
ES-3203908-C5850D0C15004DCB8ADD0DF9D01E6AA1;;
ES-3204708-BC85B165963B42458B32BAA2B63467C1;;
ES-3202256-EC2B163C0D9B4511A8754743724E1AAA;;
ES-3200706-E212B0B7ABE44CAE9AAE88CEA7832C22;;
ES-3200102-E84F04FC228C4A09B13947A5B4F9D776;;
ES-3202256-63AFB528B4784CAAA68D9695DEFC0DA2;;
ES-3204351-B9069302F7AC4A04885C7A8A33B0B81D;;
ES-3200409-A2D7C076269045789F48D9A59243FCB4;;
ES-3201001-BF4811B9D38A450B904C7C9D698EB350;;
ES-3204302-8C9CD57E0F3744468BFE040C32900DB1;;
ES-3200904-1208210CC1584C209E1A404CFA19F662;;
ES-3201902-5E2C518B913241FC80DA00E2E6CCE7E7;;
ES-3204500-12129C4CBBA6499698EEB3A91AE1B07D;;
ES-3204104-E71E4804C446467E92420B1C935E70C1;;
ES-3201506-A05BB1D72FB846969FFCABEF3A07C422;;
ES-3203056-7AAB28FC5F35404AAA65DE44C04DCDAB;;
ES-3205176-6072EACFAA914F29B309D058EAE4C605;;
ES-3204559-97A102BF74A146AFB809BEE4FFDF57F2;;
ES-3202801-495609825F274894BE2E439099D7A85B;;
ES-3205002-4DD2201D57904AD5A5D478CEBC6F31BA;;
ES-3204500-8E1D848509C448BEA612FCD15D98B9E9;;
ES-3203056-C4E22E8B8C17451887AD60D97BE8EE91;;
ES-3202207-EC1805B9352C47F5A7A2FEA50DEE5946;;
ES-3204351-DB301FFAF10B4D22ABD8718C79EB32E6;;
ES-3204559-CEE2D497F774498EB1B7A830102F28D3;;
ES-3204559-36C2574EEC0C4BBD808390E5D504C5E1;;
ES-3202108-BB3739C5B00640269E5E77632880114E;;
ES-3202603-24B33B89CB01494B9765ED919E24596B;;
ES-3204906-CBD0CCBC4CEE426C843BD31F8A2B5FBB;;
ES-3204005-05E2B4399CB644D6BF3181A7AA8844B2;;
ES-3204401-73645B5BB33042589AB626DCA4D5C41E;;
ES-3202652-8A884F3C583A47E09B2FD810931982B7;;
ES-3202108-E7A9498B96414B7BA60433DD8816A8E4;;
ES-3204609-D0505F88CB27423CAB1FD7CCC2F34389;;
ES-3204500-3A42CBEAFAF64304B807E8BF51D13A2E;;
ES-3200607-91A276C4E9584110ABFE23146C485E24;;
ES-3202801-1AADB4D558934D1199E2BC59A39B8F64;;
ES-3204500-E8913CBE10D842ADBFD7DA694C7DC5FB;;
ES-3204906-42F83E0041054A70AD93441BDDD3EAC4;;
ES-3201902-190966919F264D288EB6B0ABCC19040A;;
ES-3204559-813B212392874EC2B2619A71F26991DA;;
ES-3200607-FD928D964CFF4735912671D105B2457A;;
ES-3203205-B8292D5A61AA47DB94E4FD282747AE3F;;
ES-3203908-60DE520365694848B413D87492846ECB;;
ES-3203304-A203FAEC098D42D29F38B1650AFCAD61;;
ES-3203106-B2FC70AB16264BD9913B8E3FEE3C0AD5;;
ES-3201407-6B239F856A5E44D5A2369280120DE8F1;;
ES-3203700-301E6B5FED1D42BAB0684A8593333CCF;;
ES-3204500-B2F439E0C368476E9EF8C25991107F44;;
ES-3204500-0ADA7C5996FF4436A0CA4F0A1BD6C95B;;
ES-3200300-E855580DEC424DFF8902F694F02A3B58;;
ES-3205010-84CECB356A9841808E40067AD028B287;;
ES-3203163-52C11490C67843A6B698E61F263ECFD5;;
ES-3200409-4E7F354845334B619E5ECA5D322BB77C;;
ES-3200300-21D083300D6C40878273F68BBF39AD79;;
ES-3204005-AE6E2B47BF0A4E6DB99C3546B76BC179;;
ES-3200300-64EDC26505B44BA285CF25E707F0111F;;
ES-3203007-0AE7950186FB4BAA9F17E1268F6875EB;;
ES-3204708-C92FE5967A14481691C027BFA22F1B19;;
ES-3203130-EE548A8CF9A84F73950721B72D526BBE;;
ES-3203007-6EEC3A582E2547A4AE23577F8DFD36DB;;
ES-3204807-302D2619FAA04AB4A747CB58A6608835;;
ES-3204005-FFFF134964EB4528B6C87FC2B9D15798;;
ES-3203346-86F525661C564753AE7CA75006D766B3;;
ES-3204401-0EEC5B9C2515469888B65F387888AAD1;;
ES-3200201-864AA5160B5E422B98E57087E6DA1C37;;
ES-3202405-FE7D272EC4BE49F0A2766A687F8F6948;;
ES-3202108-DA2F32815ECE467EB148960955FD9C0B;;
ES-3204559-B45B82B9B8E64E9590155B1B4C4B234A;;
ES-3203346-B45B47D288294371A68CAED65A0A84D4;;
ES-3203007-C189587993EA4D71B1FAB429D6E19813;;
ES-3203320-1CDF0B3C50184B8584F836DAEB16C7EC;;
ES-3203403-25665275BEB14CEFB1E95034EBADD84B;;
ES-3202603-D2F0D29EA72C44E18BDABA23CD63554B;;
ES-3200805-65F61D12B2BA4917BD491534F17B8F56;;
ES-3201209-BB171115963442C7B5E84CAA2D40120B;;
ES-3204906-EF5C2650EF5141A9A3255A32DFF76618;;
ES-3204252-FD4E0DA5D8134AB38F68BF570B72E5BF;;
ES-3203502-EF4F1A9C287F4B17A2127BB06E1A0077;;
ES-3203205-1E9E62B60E8446C7A739DEA3CE81754A;;
ES-3205036-86228B628E92465AAE764EE83C4E0E01;;
ES-3205101-DFE587156760443E808E7F9F13131D73;;
ES-3204559-22D664FEAD1B482EA0D945041FBA1CC9;;
ES-3203403-CD2CDF82A8C0461EB636132000DB78A0;;
ES-3201902-B6792F058C104AD98DDB2B6AD79D6924;;
ES-3201902-149E2ED666024E8ABA12CBED570B50E7;;
ES-3200607-F2927D12D5A249659FFFCFD937F283B9;;
ES-3202306-506993B8F9104A6DA58E5A351E1D6BEF;;
ES-3204302-35C4F5AF81764A0BA59419FB0DB49621;;
ES-3200706-495E8BA87F06495B88FCF732CB118A33;;
ES-3202405-FD98F43BAC144CF6B437FE3B9FB2AAE1;;
ES-3205036-7DF76E7002B643769CBC282B8AF68FEC;;
ES-3204559-D678F1E24C6C4DEFBCB842A584996DAB;;
ES-3201803-39E1EA8DB4D04996AE532BC74328B35E;;
ES-3201308-8AE69F2A64FD435EB37451E915055235;;
ES-3200359-97B330F96E1B4BD69A87845AD499B52B;;
ES-3203809-B649664A5CD04D3BB6F91253AAEDC6E7;;
ES-3200508-9447F5DD0BF84178A86781E6C21D6008;;
ES-3204559-44DACB8688404E3BB8392E9FA0F82835;;
ES-3200904-A6CE2DA1A78C4F17B04759E13CA2F7AF;;
ES-3203205-2BD99265BEA74D6BAF8AB586C52F23A0;;
ES-3202603-C30650801D5E4A6A8BA75DD57228CFAD;;
ES-3201902-1A33B1F68AB448669FE358C3B3B8DDE5;;
ES-3203346-48D9F1511C5545A5B142C2273320C148;;
ES-3203205-F8E45290F5F8465F95B0ACDB3FA3245D;;
ES-3200508-8E99591F8A6B42FFB73540FF02DCB69E;;
ES-3200102-595CDD9E609F4464B4408ED82E688367;;
ES-3202405-6E51BF5BA45947EF8AED940811905515;;
ES-3204351-C74D106047754BD493950BDEC3C2BE41;;
ES-3202207-C4128873A4B04A2DA9E3F89BCB6514F3;;
ES-3204559-4F74CE39A1CB4595846E5DAC82D738F3;;
ES-3204500-D3191B1C23FD4C009F1CD108ABA63590;;
ES-3204609-2599B9D612D14C0AAA298C07B0910867;;
ES-3201506-3AF4823264D346FAA5B5CB2E04BFB259;;
ES-3201407-CD6B2452569447B4BABE51373447AB9A;;
ES-3201902-CD0988CAC5C24B278708FB489956F9FA;;
ES-3200904-CD0472792CE14AA5AAF04D7F2F5F1235;;
ES-3203205-3936CB869D6949FA95854ACCC790356C;;
ES-3205010-18F34241DC0545C8AD59052DC2A66772;;
ES-3203403-9CD00026BC6C484BB8A4989C5595FEB3;;
ES-3200607-1FEDCE91665D45F79492FF56B8407693;;
ES-3203320-9497DDD32916425699C747DB6077C7FA;;
ES-3204559-C0A0AEA37BDA4A86A38292DDF58202D2;;
ES-3204559-6254E11A2CC04F1093E496D0F9A48F99;;
ES-3203403-A9CE4C22E9DB40F49708146F7CE7C701;;
ES-3200201-A9664779F0F5424B8238A6F9A670223F;;
ES-3200300-42246B06F9C74834A4FA5033A326C50D;;
ES-3204401-92FC9040300D4DF8858D959AE3CB4F6B;;
ES-3202405-1DF92A11A2ED4C908C50160D52F438EB;;
ES-3202207-B9808DCA56C64D20A1DA5DCA5B1EA6C6;;
ES-3202108-E0113AD8A3EB4716B299821F5A1ACE48;;
ES-3204559-23D21D4B146944B3998614156D0F667E;;
ES-3201902-3AF828963F5E4779AA822ED4E9FAB5F4;;
ES-3201001-D3C80B64123B438F96C9F6F38305FE1E;;
ES-3202207-3DFC16637C444454A4948A4C63003B48;;
ES-3205010-4CE1BDF08B05402DB1668CD2BC01FFC1;;
ES-3202702-B9DC372113174D498ABDDDF84C4E6E5F;;
ES-3204054-5E9C94BACBD34F1F910DB1C1EF12C5D4;;
ES-3204906-2138F2BE59F2470CBF81EE4F54882A0E;;
ES-3203304-EA5358B337164F8C883C2DAA690C73E8;;
ES-3205036-66A6ECC50071489FA3A8A1177B6696D8;;
ES-3204302-D8D00601B8064BC79D6E35A25462EE14;;
ES-3201803-FFDC3CCFC54549DD92DD710590E599DC;;
ES-3205002-6896003A22194B289CF8994422FF0BF3;;
ES-3203908-E83F318DFBD84FFD95F1D99658A245E7;;
ES-3200607-767F6A4110E743F6BF1D37CF7C3C408A;;
ES-3204005-E071C07DAAB545BEBCB92218B621D058;;
ES-3204005-ADE5E12747034AF9A46A1E36439B4A91;;
ES-3203809-2FB004EF6F6D45F886398416B3D29BEC;;
ES-3204351-0CBDCF719D1C4DDB97EE98BFB7A59992;;
ES-3200102-D0CCBC7196B04FEA872DC61884A5D138;;
ES-3201308-AA387CD8DA424124A94AF0737EEAD3D8;;
ES-3204005-D8D5968739C444818E3046B107761586;;
ES-3201902-C89ABE1DD44D4D1DAF803FD627F6C02B;;
ES-3203205-6AB1F62F607046CFA2C5D653BC4FDE50;;
ES-3202900-63A3E104733F4B749D3342F1FD371E77;;
ES-3204609-4692FACF596D43D48DAFC7D21810D31D;;
ES-3203304-EAC043F84FDA411C9F3351DE9861791F;;
ES-3204005-14D4537F1E264062BDC622465B3D9C2C;;
ES-3203908-D7EBD529382C4C2D8BC008712A2A6762;;
ES-3204559-5AEF6F85C02F402E89149C26D11F5EE5;;
ES-3203205-F8400C01C968493F9912CD659CE8ADE4;;
ES-3204658-5B90AD8950DA4D8D9F99498272B92083;;
ES-3203809-A4BE7656D3144BB489F6114749D5C0E4;;
ES-3201902-D211A61FA86A44F7B87827EBD81C28EC;;
ES-3203320-D02C1C4C71B9447682FE03E08F5C59CA;;
ES-3203809-1D0068081B554C90B82439E7B106AAE4;;
ES-3202801-8B51B86A6C2C40C8BA81E24FA13707F1;;
ES-3205101-A75B9CDAE02B4F7A8054B3E5D8F63A09;;
ES-3204500-46A9CE6CB96E409888D3017551B2B29D;;
ES-3202801-427FD4BA87B147F9914B37C935967B5E;;
ES-3203353-4964E12EAF6840ED8023668BC0364B1F;;
ES-3204559-84C9EC3BB0E4415688E1445AA82A8ECB;;
ES-3204104-97C93688888D4E0D8B1AAE1366164765;;
ES-3203809-B4AFB37183A347EA94C784955245FE4C;;
ES-3201902-FA5FAE7967C1480B97F05668F3096C58;;
ES-3200300-5312752B04714D18BCE0C8D1CB7D7B92;;
ES-3203163-BB044BF5ABA74F3C8C4241D928D3AD5F;;
ES-3202553-11D2F60F1B604805A9FD7C8C21295ACC;;
ES-3205010-453F6FFD77EF4FDC98B8A0E865D4ECDD;;
ES-3204500-50D17CA0FD10498DBDCC9C44AE2C68AE;;
ES-3200102-67E409A562CA45C7935DB8640A6F0E4F;;
ES-3200607-09E7A42445CF458584E4B087952257B9;;
ES-3201506-1A962031E10C49E2A866E45CEC373C30;;
ES-3202454-EFBAF5C3920442FFB94A246D070E7200;;
ES-3204005-57C426424E9E488FA15F73C68F22BD6B;;
ES-3204302-AFCBD87529944A64940C79682FF999FC;;
ES-3201902-92986F8B9A39497E8C151772CA5342CF;;
ES-3204609-A578915A147445CC9A701ADD87B5164D;;
ES-3201407-19AB81C33A8947639E74800D374B5DD6;;
ES-3200300-743ABDA709DA4AFF8AFA5ECF0AE97A9D;;
ES-3200300-55391E9D6AF9411890D53CB1EB674163;;
ES-3200409-1210392E5D7F4E6587CEFE6861DE61A7;;
ES-3202256-0D3CC76420E541CE96B5DE1A29556644;;
ES-3204609-226C54CB382A4A87973AF939FF35D972;;
ES-3200169-978AC4A86A494F7687A03D568F639B9A;;
ES-3200805-9F33118579F347D083F144AC721C7BCC;;
ES-3202652-5D314BE649C24C3C9BF249715508BB28;;
ES-3200508-CA5CA66EF0524FAABF0062932ECE6800;;
ES-3203007-DB83DFB255B04CB886B5068585D54A22;;
ES-3204302-B7556565580F439C931247149A55B7D4;;
ES-3203601-3C38CA7F36D64A0DA6C3F0F177BE1B0A;;
ES-3204054-3C8AF7E29DD14AF8873FD846735EBE51;;
ES-3203304-DD24B77B55B74FE0AFB77980E27EA290;;
ES-3202454-BE0E8CD868404880AA3DCBE58F337F47;;
ES-3200300-1E379D1D48A644508D3BC8A9B252A96B;;
ES-3201506-4B22F8537E284AC7865AE2288B941F91;;
ES-3201902-307A09693BBA4716B7BBEDD3236B8B4E;;
ES-3205010-8DA2366D0827454B81F277D7F0E919E9;;
ES-3200102-1B28895EC8854ACD8AE48FB303310F2C;;
ES-3203403-8D0BA37812D94D7DAED5838804CD23C2;;
ES-3200102-1AB618209C28491A95A67E000620A4B4;;
ES-3202405-D342C13DA2D24272BF6D3280853E7C01;;
ES-3200169-1D126481F5A04AEE8C847B466A2CB7B5;;
ES-3202553-6546C405B35A41208E340F94D151F803;;
ES-3203403-8A94CE2B94D24BFB9E44D6C38C3B96B8;;
ES-3201902-F5A1389577A94B0B81351693C7B96280;;
ES-3202801-0547E548FAA44DACB82E9FF2C9F4785A;;
ES-3204609-DB13FEE1AEB341608422A8A190043DEB;;
ES-3200409-1048000910E140A6AD9C3734D04F2AC0;;
ES-3204955-AD751A08D9484182ABD0CB52D712E817;;
ES-3203056-EF4B62B21F0F406B9B03AEA256AEC7C3;;
ES-3205010-FA75D39DFE254DDDB5C214CBCD414243;;
ES-3204005-826F73D4096F433DA6996239996861E3;;
ES-3201902-5E563F6D5B69492FAD18FD91F6EA4B8B;;
ES-3201902-8666DAE8380742D8B88E53BDD5B1D6D4;;
ES-3200169-C34F85040EF646C7AF5F842685AD037E;;
ES-3202405-4A4E15F84C554D078BF93E5F1928E2FB;;
ES-3203908-EC752C85DFCF4DFE8088E3FB52268051;;
ES-3202454-C4BC8E974D5B466BAFCC912E24BA9873;;
ES-3203304-4E67FE55971043FF89A44784109E8016;;
ES-3203346-A46F72C597104403B183F94DDDA7143E;;
ES-3204906-09A2A7FA570849DD8D2AB9086DC53D5A;;
ES-3200102-F982485C51B74053BB5E9E0754250566;;
ES-3200359-1FB39319C535405F980028900CC20A9D;;
ES-3200904-FF14304795604B2BBF628343114AEF63;;
ES-3201407-8809B514868D480785D64F33D06B89FB;;
ES-3200300-41C501F13FFC43FE9A116E17EA6950FF;;
ES-3205176-662C58E1C5624DF0AF31165835A1AC0B;;
ES-3200201-3DDE6E2AA3B442DF96999A85007FFB68;;
ES-3204708-FC92ED595E2C419589F4955030BE9328;;
ES-3202504-0322C2B79D4E484287BC484F587CDE69;;
ES-3205150-E36CEA23C1D44E75887CAF4AADEEFFEE;;
ES-3203809-BA4E60EA244D44579963475CD49FF37D;;
ES-3200904-F9E4FC9919014E8BA794F1338ABBF8B3;;
ES-3204955-802165F0C8E84DC5984509BCCE7C7184;;
ES-3204351-2E54B1804F2945E4B4FE59A49542E224;;
ES-3204351-B7D146F9267D4817A533B615E4AFE467;;
ES-3200706-D96C60A86EA347258FC61C9BD4AC8AA0;;
ES-3203163-1C4E49007682468B85B9DA72EED036E6;;
ES-3204609-836F2315F161464395B76C2BD80176FC;;
ES-3200904-DDA9757340F74F869F7F23362012E957;;
ES-3201506-7D1600EFFD8746DA916E82BDA581BAF3;;
ES-3202405-71FC57825EED4D138B149E5523AE1525;;
ES-3202553-6D7CCACEE8954947AE07C548BAF8EAE4;;
ES-3204351-4701C61088584F318A2F15BC75BBF6AF;;
ES-3203502-AF60FED7ACB54AF6A98828F8AB38B212;;
ES-3204807-F848BEA0B0E2486FB4A7FFE991F50867;;
ES-3204104-BC34A2F419084F4C8EF1E92665DC8E56;;
ES-3202108-B17FBB11F4A3477A8B6719811C9587DB;;
ES-3203700-38AFB2F0A08D46518EDAD803461215DE;;
ES-3200300-9F2E460DAF1C4A9792ED2CA3657D56E1;;
ES-3201902-F57A5E4D8D8E4FB485874B607B0FAC5B;;
ES-3203908-41B1F1690DF8429BB7F70282B1320894;;
ES-3204807-8C90CBB2EED44ECDA797AED3F3466DA0;;
ES-3203007-B00BECEFEF4A46E5B1B989EFB16A8D65;;
ES-3204104-1A5640FCDD0F4287B811BB1EB44A7AD8;;
ES-3200300-733DFE1F6AE249C2966918B74174CD18;;
ES-3201407-6360A991D97145269DF20FF8817340F4;;
ES-3204708-61FE98E3233C4A228DF93EF4A3BADFEE;;
ES-3205010-771ACD4938F74190BDD295C494EAB600;;
ES-3201803-2760C5F8ADC74DACB165E2716053FF92;;
ES-3204351-A1092868E82B45708A3F330B03ACAA6F;;
ES-3202603-7617660CDC0A4827ACDECC24B32F4362;;
ES-3204906-22740BD097784A7C83B390020A248CE4;;
ES-3200904-91A063DF8B914F0DB3DE73C34B310AA8;;
ES-3204708-0919BFA83CE049B7904DA594814465DE;;
ES-3202306-E99D7B1263B14011B59315F524CD42B0;;
ES-3203809-C32F1A46DED94B789E0751DF148001ED;;
ES-3201902-A769963DF72D415BBB99B33EBFBDCB0E;;
ES-3204054-2315C84989A447C18363D9E61B6E8049;;
ES-3204351-B8CC50362A4F405E93256D58969B5917;;
ES-3205069-B41704584CDD4BB784E4BC7E16E017AA;;
ES-3201803-9BCCE2A6A59041988063CEF4DF391513;;
ES-3204609-1904F13277A6467CB7EF173D745F7C71;;
ES-3204807-3DB17619F49A423D87FC0B255AFB7F55;;
ES-3203908-C5E5D673509F419EA5FFCFACACA91A74;;
ES-3203205-05BF58E6951E49AE831540270EF866CA;;
ES-3204302-2E30E09F5EFD4D2D8E0E6F0A37890C72;;
ES-3201209-482B452436BF479886CA8C7A9A344DFB;;
ES-3205002-0EC267A4D4BF43DCB2088392B3A8FEF4;;
ES-3203700-8E3B619513DD4C968FBAE5EBEEF84F8A;;
ES-3203205-87C215B0C21642BCA3262B198EB9F9C6;;
ES-3204302-D45767F206F740A9AD03CF8A659A4BDB;;
ES-3204500-819BC048165548729B94829F4754AA78;;
ES-3201902-00961755240340E2BFEB36DE7E6448A2;;
ES-3204351-153A72DCDC034123A1621398F9C153C7;;
ES-3202454-455B2CD4515046CA94C027346C7AA462;;
ES-3202900-A197A084021043AB937C6CB21EE7596F;;
ES-3202405-5967DD20C4AC48A78526C08EA5632B19;;
ES-3201902-DE2393EF17FA4391A4159444FF25AA85;;
ES-3201001-EE271E8E65124CCFA6F7BD1E71BB417A;;
ES-3203908-3EC1F2CA9AC3438E82BCDD1DDABCB847;;
ES-3205101-C2EFDA43FBB74CB6AB23B45B4BE3ED7F;;
ES-3204302-313C6C82A4BB4D5DB9B1C0D5C2A406A4;;
ES-3200409-812C73201DD24B46A9F604E0C6F4FECB;;
ES-3205036-9AB375D9AE9C44608C34FA1222435B20;;
ES-3203403-B4F32158CE5C4FCB86C2FD2924318B80;;
ES-3203007-17F0A1FC396B4946878BB20F82451D30;;
ES-3203403-721DD97BCAE742FA86BF0B19A9204B06;;
ES-3202504-80ADA4BAF16F4E9E92947A3E206AF3BB;;
ES-3200359-33B10BF82A9E419C8C8ED7342DEF5BA5;;
ES-3202504-98DFD9D0A63042E48116E0C6F950DDEA;;
ES-3203205-A577562F47C64C50BAA6DA35E4A36D2D;;
ES-3201001-9245EA07680C4F92A07157FCAFCE2BB2;;
ES-3201704-781C9134B1BD4BEC8B54EE25C8AD195F;;
ES-3200102-3CEC8522AD5E49D3B6A76184CE77222C;;
ES-3203403-6E89EF675CA74FC291E9B1FE685A6689;;
ES-3203205-25801D7BA96F426C9442DD6C64124F57;;
ES-3201902-F75E3CBBAABC49029F71A732312D1B5C;;
ES-3203908-0BC2D9519B534F00B55170C664CBE8E1;;
ES-3200300-E7C809AE3E1B4F17820DA396993175E4;;
ES-3200201-837B9EEC47354763AEB475C359CBD063;;
ES-3202207-64BD65495B2F4A198E98F40878E22A71;;
ES-3204351-A70207320E984F059C06B1EDDADCAD49;;
ES-3200169-A68BC4E520D448E1A24F7139AA8C05C9;;
ES-3202454-B60BB234B8C343A6B54715751178F7F9;;
ES-3202504-070DEBBBE6E24E3E8718552EB2FBECCE;;
ES-3201902-490825A9E7044AEB9E57306BD2A3D176;;
ES-3200805-DC132F1BE1B549FC91599E1FB81691C0;;
ES-3203163-29E633D874274C18A2D96B10847EAAC7;;
ES-3203346-C01A14FA5DED4E7E8BBC92ECB20A4B35;;
ES-3201209-06C530274D6F4249B16C3FF2FF216652;;
ES-3203163-DF5CD2335413442D9054ADAC8086201D;;
ES-3204252-3754A0BF004B4A079EF8F18A149ECA66;;
ES-3201803-26B31699CAF34555ABC573D8CD3E61B0;;
ES-3203304-0AB7FE36BD914C538CFB52ABBDDE36F1;;
ES-3203908-41B3A54CE8534A16AA51402D0B46DAB8;;
ES-3202108-E56D04D4C3554009BEBBA304E646D5D1;;
ES-3202702-3FADE5BC57514CF4A460249CED3EA1A5;;
ES-3204401-4FF0A570A82646D5A18B05E9580757A5;;
ES-3201308-394319C4564F44918F00FDE7CE377B91;;
ES-3200201-370287BC40B645D184DB0D03FBE6A314;;
ES-3204906-2D041ECAFE9B4877A1673BA4FA29A868;;
ES-3202306-2E3AF2227FFD4F3BA334370C3FE89B2F;;
ES-3200201-41248F9E781E44C0AC91C95128C1C1AE;;
ES-3205176-6E694D9E90534E65A4F2A431E0A83B0A;;
ES-3204906-FBA8F3DF04114AD8A594FE77C9EA46F0;;
ES-3201001-A089C8B0DB96461EB0968029DD10BF5F;;
ES-3205036-6B72B521CF7749BF846CD6F8647B7A20;;
ES-3200300-4354817DD5D34211B60335D1D681C4A2;;
ES-3204351-C2AD088A2BA94183A7F106DD9C52C1AE;;
ES-3203601-00C3CC31520345B09462774A5BA10FF7;;
ES-3204500-0FE97C62D92448FE85586EE15B34C4A1;;
ES-3200508-31A89A13274D458B8D8537E797C477E4;;
ES-3203205-19B1796AA7EE4D9582824B7D14F61397;;
ES-3204906-B598E9089E2C4FCF93C3378A79FF646C;;
ES-3204906-7279C5BDE5814561A33AAAE583ABDEB6;;
ES-3204807-65E6FE3FE9FB4119BD89050A2342A7F8;;
ES-3201902-33B0ACBEFED546C2AEC0FB208971FD69;;
ES-3202504-7395082C315A40E4A401360E0B32ED6F;;
ES-3202306-749A10FB2F244256B16CA4FD809E7F06;;
ES-3201001-C0AF5DD501344F75969075C68E3E1369;;
ES-3205101-87C67C48CFD84DBDB7DD39896FB70D65;;
ES-3203346-7D19AC218FEC416188449BB343DD5FFB;;
ES-3205010-19870FFF8A3044DC98046AC3820CD1CE;;
ES-3203205-911645060E184CB9A4FCA6C3897A09B9;;
ES-3200805-CDEB07E1DD4C44DE9DF5AF302DD7BF9D;;
ES-3202108-8A9F2A06B1314BEF8862D96750B93D44;;
ES-3204609-F4FFDBBFB05D4B2EA97D7BDC8B9461F8;;
ES-3204302-2AE220FCDDBE4525BB0F5692A9CEEEC0;;
ES-3204708-849CD61320184FE2B105C156C14D8571;;
ES-3202207-B58A96002FC34C8F971A90414F2869B9;;
ES-3200300-6969F7E5069B4BCEBA105B80B36C7DFA;;
ES-3205069-875B06DE272141A49A560A1C4A415A05;;
ES-3201209-442A153E1D95492AB0F24D661DDEB014;;
ES-3205036-FFF077DA798B466D9E43B73A808FAF90;;
ES-3204906-73EED95777D0418CADE2ACFC7003AA19;;
ES-3204252-230B0F23B14D4CED89B8145F5B4022A0;;
ES-3201902-63E2B45E015A4B28B78C9A1378B3185D;;
ES-3204054-9590FC71600D4D9598FC2B5A393CE95C;;
ES-3200300-BC755D2457BA4229ABB9CA60761FB508;;
ES-3200300-FBF8CA35856E4235843F111ABEA08489;;
ES-3204351-6094B8B118C94EF4BBC4D9FB4390B6D9;;
ES-3202108-EADCA4083C8F4C6D9D8C20C17A890ED7;;
ES-3202801-59C094180CE2490C821FC10BC5CE606C;;
ES-3201902-36BE74E2D7CF4D22A90400261E3436A7;;
ES-3200359-04D517C07CDC427EA2946639E78A2A5B;;
ES-3205150-26A702A1FC384498A6FC9E299E86D28F;;
ES-3201001-7060ECF89E0F4A188BFFCA849A7AFC06;;
ES-3203403-B36D9646AED94DB2977614033B1AD681;;
ES-3200201-49187B209A624E04BF4073EB1D27649B;;
ES-3204559-41C514B4184649A082CEEF20A87E6914;;
ES-3205036-6DDE97CCF4534DC6BF50D4A2CF7172B6;;
ES-3203130-F98108B656CA490A9BEC711880EE07AA;;
ES-3202207-41EE7C13AF9B4434B5D2A8C51CE3A255;;
ES-3200607-FD05E6505A83408CBE6841635228C912;;
ES-3204005-790681BF5929476E8B148E4A2439F27D;;
ES-3204401-DA4462083205411A9FE1D21BA77DFDA2;;
ES-3200201-DE097118DF5D4890A9F8D3EC58C13ABA;;
ES-3200169-E3BDA01CAA344D01A621CF09D5D618BB;;
ES-3204906-092BCC983DFC44ADB93D8899710F46A0;;
ES-3203106-634D63CDD70848A296EFDA73DA490333;;
ES-3204005-94D52D0FBEAA45C197918D00EB56CFBB;;
ES-3202256-E721D346D0B543C99F262456B64BE143;;
ES-3202702-FCEB24B4B16C4CE5970B4BA523EFA095;;
ES-3205010-2ECA89F1D1C84716AC7656740078866A;;
ES-3202256-9E9AF647793448BE99328120B683673A;;
ES-3201902-A250BB4EBBED4C29AA51D8A36A2EB8EC;;
ES-3205200-CC2529EAFFEB442E95C909CF3ABEB0A7;;
ES-3200102-A7BFCA9AF86E42A4999318F505041ED2;;
ES-3203163-8D24F23856EE46F29553A3A7C12F1170;;
ES-3200805-AEA76DC4F7BF47C5A0EDF064E95D8AE1;;
ES-3202504-36561CB6877D45548396E15D438EAE5F;;
ES-3204906-BB7FD8C88BF04D7F844C7C37BD3C4ECF;;
ES-3202207-136CE217AE904EEE82232A43E33E3699;;
ES-3200706-029D2C12951E40A9BA0F15AFE37807B3;;
ES-3200904-6F8E1B114851471C958F5106A6CA394E;;
ES-3200136-7855B497DBAA41498DC8EB0B39D0D017;;
ES-3202900-9C327AF78F094080B6C0EFE8F55EB03E;;
ES-3205002-1D52AF7EF5D04BE1BD5F06AE2782B32D;;
ES-3204401-E8C3363B0FDD4850B1F869B14CA56449;;
ES-3200508-BDDF017AE83C4D5EAD85052E31300719;;
ES-3204351-096280854FCB43689E6C84B883437B33;;
ES-3200904-DA86D42BCB294E01A15CB7350749EA0E;;
ES-3204302-32AA241875194622A24F86537FBA70C9;;
ES-3203007-C9860136AB754EE09CF1478A05CA0EC9;;
ES-3201605-2259DF889DC647098B7C5D59BAAC5A5B;;
ES-3201704-75D027FD16A847FB817942CC99A686F5;;
ES-3204252-6CCD35B2106948D1A7069163421C7646;;
ES-3202603-8D4A1D2F4C08465B9680F68A9D5CC2DC;;
ES-3202702-B3DA6C2EB24B438EB0560BFC3D372FF8;;
ES-3203320-347DA883EAF24AB9970D05F12BD6D24B;;
ES-3203130-1F825FBAD9B64D708A8F0100067D40A8;;
ES-3204351-E04A2146FCE444399DBCBA03E648B886;;
ES-3201803-5D86BC626793492A9A96ACF0D3820819;;
ES-3201704-F69B52CAB8714471BD84F4BBBC100872;;
ES-3202405-B7A8B812B492480D88F46B5A7B7C2C33;;
ES-3200102-24E856BFE7814CD48465D46219DA8D5D;;
ES-3202702-AF894BB961B54442915DD83392BA9459;;
ES-3200706-C9A8D431E9CC4C3C834B11008BD348DC;;
ES-3203908-5D334435ABE846568809410F961C97A3;;
ES-3200201-1503D24D53AA4F378A4492E0FBE14214;;
ES-3203056-F6E73238D2EC41628BC05B2ABF9685D3;;
ES-3204005-4639B6ECA8F34866B4F466B2A23CC888;;
ES-3203700-EA7F2CF119304533B2AED14F15011B39;;
ES-3201506-D4B77E4BCE92467B971EB0B05B4E247B;;
ES-3200169-B745530BFF78444E878BFAA2F6E0941D;;
ES-3201902-471A45D824504DC4851696047BBF2D6D;;
ES-3201902-339D5A588F4F46A7A2DAC126A755F0D1;;
ES-3203908-74C12DF77D0C4F78AF03F3AE013E03BD;;
ES-3201001-D455974B745B418291668844E0B02403;;
ES-3205150-CD9787A3F12843C6B4EE706BF1F52305;;
ES-3203106-376A329FAF424BF2BB0AF448E5ED1674;;
ES-3200300-0F25E6EF70AA44E7A1AFC4679BB081C0;;
ES-3202652-BF70BF3E02224A0C850F84D757494031;;
ES-3204302-B75290273CCD49278D43DBC6005072A9;;
ES-3205002-B396FC9D3ADC4B308309B8DF476EF3FA;;
ES-3203106-E6FFAF4417BA4F1DB82CF5498BA00845;;
ES-3202900-69C42C70FC624869B6E1EA1F9C1CD00C;;
ES-3204401-0CFEA7F588F548C585BC2D1882BE9813;;
ES-3203403-0097190FB4B84833AB4F9ED032E7646B;;
ES-3205036-F8FA3409071E4C0DA0A69FDFC7D0C739;;
ES-3202603-455C4B0BDDF94D609F3D8708ADB921F7;;
ES-3202702-2EAA12E6B54440E39BA0012DD64CA3E8;;
ES-3201902-23D1401B25C64FB3858BD3FC211CC1E0;;
ES-3200300-0C3302D80B714120A6CDAF99BFD9AEC2;;
ES-3203502-CBD2FC0A14124AA3AD323368564B1479;;
ES-3201001-0820D7B263BE48C5A61DAF29EDB3427A;;
ES-3201407-EB50960EE9DA444EB97799F6BB94B867;;
ES-3202603-9C555123A3564E04B266A5388DB51682;;
ES-3204609-318C98CDA83F4E36B45FD81D1DA9278C;;
ES-3202207-1E530025CE414CF99B0ED6A9EE9A94AA;;
ES-3201704-36430D3B24FE4D8585DA48AF90B50E0F;;
ES-3202405-A583157EC1AC4D6FA353832ACC29060F;;
ES-3204658-7E0C720AB1C246E38171ED93B58EF6A0;;
ES-3205101-C3F760FCD96A44E2ADE39CA576F65A2C;;
ES-3201902-558CE61568A243AF8422D14917D863C6;;
ES-3202702-C9C602F125A14A98A3BC5C477A994952;;
ES-3201159-BD43C5DD0DC14E7EB1F283020521F43E;;
ES-3203320-4A75FC93AEDD43209B3843E3213C01AF;;
ES-3202306-3538F038DB454D319165F5CC9F35B354;;
ES-3205069-99092EA7D72C4BC3A378A0C163446E10;;
ES-3204559-658976D2280E407494AB8B95DB03B9BA;;
ES-3200102-4218CE50A1AA4354B5BB845EC4D45B8F;;
ES-3200300-9457D835CA9649DEAC126777EE80A9A3;;
ES-3205101-37ACFD97E39646C4822BEFBDDC42D382;;
ES-3200359-C148DBD3F26943F99DB2FF4CC25FF62C;;
ES-3202405-61924E68CCC34A4FB533E4E848BE9E91;;
ES-3201902-4BFE359650E64FB6A4A3C229B2A11697;;
ES-3203056-EE6029562E634036B7D2E2FF98A9EB94;;
ES-3201308-629AB299963745848F8D2372D3A6055F;;
ES-3202405-241C3A6A2046417AB6E36CC213B2C517;;
ES-3204005-48F8F5A0383D498483C3900534FCA55A;;
ES-3202405-A216C420F5684F39A83545815547AEAD;;
ES-3202207-BFEF570E3DAE49F49B94CED2E579F600;;
ES-3202603-969813A1DDAB4BF28F00045F0B151A9B;;
ES-3201902-4E1534AE4DDE4BCBB5B059593B342744;;
ES-3202108-BD5159BD6F58485784D3D78BBA9F17DB;;
ES-3202900-30EEA393C5E343E1AC2CDD622C207420;;
ES-3205101-897CECC09F8B4EDCA087D2F19143C30B;;
ES-3205036-FECBEA34CEE741D99A319F2E6D1278BD;;
ES-3201407-3350F1B4E4B04DF8B576DE8B4A2FB024;;
ES-3200102-14F15AD4201B4613B5041923867A6CFC;;
ES-3203502-3CA00A427D65474984CCEFD930E1CAA3;;
ES-3200904-35B4A7DE9FD3440292695239E249336C;;
ES-3201407-2BBB8A93C69242538E9AAF3FE4407490;;
ES-3202652-7DC306DAC8CC405C9AC17DD51CBA0A11;;
ES-3203908-C5F5567FBC0A46C2AA2CA2228A785247;;
ES-3202256-4ABAC6C4D6E74BC4BBF9D1A83616525C;;
ES-3200607-322D5AACDC1C4C68B837EF9906092CA7;;
ES-3204005-11278557233A4D7DBC48EBCF276EE12A;;
ES-3204658-83861959692743AC898973DC69A59C04;;
ES-3205036-EC9DC6FF097A4E27BD6444098AB67D5A;;
ES-3200300-9A22C1FAB982458EBE108385D12CB693;;
ES-3204906-417695C1697C4BFEBFCD53D169A2555C;;
ES-3205176-1B8807F567B34F72AA6249D5C9F8CF6A;;
ES-3202405-8831A61613A34CC3BF4A1CD69E1A1C26;;
ES-3200904-C2C59C59361E4BC4ABD7CEB76C42C94C;;
ES-3200409-CFACFC28327D4D7CBCB3CC7E50694A0B;;
ES-3204906-5DD06AD987D14FA38DC3C66421084E83;;
ES-3200508-7FAE24CE756347CD85BF742D39B66E59;;
ES-3201506-5A9A91117E014BA3A25FA926852B76B3;;
ES-3203346-F41851E9C1F743D3B61F5E6CD4A0CD80;;
ES-3200102-76DDE04CC93F4B2F8F8C1C4F5916234C;;
ES-3205176-0C278626BF5946F1881EDF64327125B6;;
ES-3201001-57A60AAD026440189FC3182F6ED8B4C6;;
ES-3204005-4711C18B34B64D1FA8FFCBD8EB2246E2;;
ES-3202454-1B3C649B156A447C91AF5D1F5B32D29E;;
ES-3201902-5048F1B382614F99B951D8D12D48BF23;;
ES-3205101-8D15EB0CD11444498D03C345CC5B8E5E;;
ES-3204559-8941A250B67547169955578B464E887F;;
ES-3205176-E7B44FB775114D65916899E894FCBFC4;;
ES-3204906-CB6E1EA86C784EA586B8BFA9AB2697C5;;
ES-3203304-42BA3FE4445E4823B4DF6D2DF4E486DA;;
ES-3204005-5CB95B8BD99C462A9F191C66AC5532DD;;
ES-3201407-CD3F4FA7A45849619B88AD4A2EADA1F2;;
ES-3204955-405978A9480F4CDCAB922CFC9F6A43F5;;
ES-3205010-AEC01F6146DF4FA788B6BB78A55A07D2;;
ES-3204609-0C07CA3332CF4DF2BA26093B35A080A9;;
ES-3205200-5D67803056A84F72B0550812234DA47D;;
ES-3203320-B739E6375BDD46CA84F2A0502A743D00;;
ES-3203502-570EF196A2A04231B8A123CE20E59626;;
ES-3204302-F9DF77B92ED84F22A5CC7C862014DF03;;
ES-3201001-994D4737DC184AF79B4E25A30530E82E;;
ES-3204302-8BD91AE1532641C080C65478658406EB;;
ES-3200607-94663814CBAC43BD9D23111CBF038136;;
ES-3204807-150712E7CF724F0BBE9C4051657FECCA;;
ES-3204351-C95CD1E474B8461D954D240A5127F127;;
ES-3204906-1EEBA2027FAC4DB0B6F77E84BE484BB6;;
ES-3204559-3AD5763E5A5D483AADD08AEF2C9A3220;;
ES-3202207-FA17013009D44E2A9BF44653227BF5F2;;
ES-3203700-482C4B76C50E45A6904AF0E6597AA2DA;;
ES-3201407-CE524A60AC4B4F42BEBDF7BA8E7524A7;;
ES-3205002-D5269722FCE74E95A0E82597421F5120;;
ES-3204708-34EB8B8F1E4943E9985F84F76404ED15;;
ES-3202504-2068DD62535441E0B8A3D3EE4E782DE1;;
ES-3200102-6CB95B77560B4BEBB53CBE3010DCE8C3;;
ES-3204609-00A2ED4BACCB41CC85A4C8C241498B3A;;
ES-3201407-B4E79B92F8E74CBE95C88490760490AA;;
ES-3200904-510E937ECECF478392C734EE3A7E3254;;
ES-3201407-EEC6BD4ACAC742D4A765016091C4FF16;;
ES-3201704-051CD5EF95EF4882A43684F738FE4B0C;;
ES-3203403-614F83E4183E490A8B9346C324594F65;;
ES-3201407-32F0E2D2B1704F27A414982616D8DD82;;
ES-3202801-24495699121C4EBB92A06705660E0B0B;;
ES-3202207-372FC6D169474C378980BCD128E37DB1;;
ES-3204302-52F274FCD75E45EF8481AEE4E71C44B5;;
ES-3204708-684089F7FAEA4DC5B1313D6D7E4CC76B;;
ES-3204302-9A9B9E3951014C69ABC68DD157EC5548;;
ES-3205176-4A574AADC7E748A0A543607DB25C23BB;;
ES-3200300-F7C21CFF2B024BDD88D59BDA89BE0EFA;;
ES-3200300-B617BA2A64F148A19284CE3D0860E4BC;;
ES-3202702-E882E28AC46A47D79FD05945FEE08C66;;
ES-3204351-6B8C62FBC1364AD49A69285C01583941;;
ES-3204500-34ACCC8F366E477DB49416279C489B16;;
ES-3203809-68AC870C003440039C92C1C676F4BE85;;
ES-3203106-D27745126323469DAF1336DD903D2322;;
ES-3204005-1C1EB57FAA5246DD9DB89C6C5B0AD37A;;
ES-3204104-8933BE3CF3AB4BC0A5C35BFAA7A43E2D;;
ES-3201209-4BD9CC3F41144045AB5A5346E49AF93A;;
ES-3202405-26CDEF2B190A4A2588F70811138A2009;;
ES-3201803-B2B02CE05BEA48569BA79350B684543D;;
ES-3202256-A91383447D644CFD8C3D32D84B6076E3;;
ES-3201159-45174ECE568542BCBD077AE721402F3B;;
ES-3201407-6AE6051E30BB4A60A30FCADE63BC71B7;;
ES-3203056-EFEC5D76845C44799C733A5CA07A01E6;;
ES-3203056-F2C49823FA7A4F72A79D576D8B42B8B8;;
ES-3205002-A56322DFE4784667AB9CD64154C5C295;;
ES-3203346-05C012FE09354A8C9AE10EB21825133D;;
ES-3200300-BD190CFBA2AA4CBE9EA462F0BF37F16C;;
ES-3204609-8BBEB0E61D734E618A0D8B7C8E527AD1;;
ES-3205200-A82D9EF134C44CC38AE75F7579535E67;;
ES-3201902-F9EF88972AF7401496551CB63B03276D;;
ES-3203056-3FE095FC85C2443EB33DE72F7D86C8A5;;
ES-3201308-4D2DC3798B4B461EB0B256A1C83FFBD2;;
ES-3203502-441B335AD23F44CDA927C1DA1F077A2A;;
ES-3200904-86DFCBCEA4E848BFB6C8ADDE64DB3570;;
ES-3200201-15305AF9F4524E7CA1EA7A1D85B396C8;;
ES-3204609-78C3884A6FA74F73A87FE1B7C20D8F1F;;
ES-3204351-6FCC86CE24EC473DAD4AE51D097C5069;;
ES-3203908-C0DF3BA367A44893AE2C097B13871B39;;
ES-3203205-09AD8644AAF54D2FBC7CB73A7FF1CEFF;;
ES-3202900-9E219B3080A04EE590EFE3500F7511D7;;
ES-3201001-4EAEEACEC04141B798CAEB8FD97B43BD;;
ES-3200300-2E825019D1E34C56872CAE268676759F;;
ES-3204500-F69EF2AFD3E640CDBAB8CDF3C0FAFAA0;;
ES-3204005-66CFAA4C36C443709598BF189E8107B7;;
ES-3202553-7BB1EC7D793E4D0DADA7ED9FF72706E1;;
ES-3204609-869F5F9D4972416FBD1FCAE8487DE4A2;;
ES-3204609-A924B809EBCE4FDBBD794B7351B1A9ED;;
ES-3204005-C938C8E4AC5E42A6958A3726287A24AD;;
ES-3200201-7C889CC4DC2A43579AD3436592168D22;;
ES-3204559-CAB9E8E9DD034B699960CE601FAFAE70;;
ES-3200136-2D4F0B502C42471A90A4B1FADE37F294;;
ES-3204906-3025980A4EAD470F83DF5BB80F4838BF;;
ES-3200359-A9818000658C4732A8614193AE88A0C9;;
ES-3205002-6B678A3E461240E38CEDB3D5C9B09DCC;;
ES-3204906-4E40868E0EDF47C39307A3F3669E555D;;
ES-3203205-ADA36C5DDED84036941F17C0089B06E9;;
ES-3204500-5838454B8C3D46A4874923E3C4EFBCB1;;
ES-3200904-BACC28D1201848AF97DD448B7BBB990D;;
ES-3201407-9E1451B7BD2C49178C5F0FD58EC6581E;;
ES-3203502-E334A37F581C42C699F72030842DE99D;;
ES-3200136-6F8D3B75DC6D44DD931274CE1FFDFD8C;;
ES-3200904-3ED017CB1C064B2B9AE85A512151CB5F;;
ES-3205069-52A6C332553F4E21BF8879CD779A0511;;
ES-3205036-6182C64093644575A44A88E12B159965;;
ES-3201902-862A1091FBAC40F299B663BE3DA7C6CF;;
ES-3204302-9B9D52555FCF4326977AD0139BF1135A;;
ES-3203130-B8CEFECCFE574D298E3530EFB7FEC54F;;
ES-3201506-CAC7018FC9104BCF8FA45976D0773C25;;
ES-3202504-A17A58AA50184BA1A2BAC61A8BCF4620;;
ES-3201159-6BC4899632224225BCD71827D8CF45DB;;
ES-3203163-938B496832DD453087764ECF8AF4C5E9;;
ES-3202454-B695614E624449E2BE6C245C26910CC7;;
ES-3205176-63BEC064AA0C499891F03A2F2D18C7C9;;
ES-3205010-852F300B8963417AA24CFF7709115A65;;
ES-3205101-BC9BB68099BD40389B68C97D390FE76E;;
ES-3203700-060A1B0842234EADB156FE4053A9F8B3;;
ES-3202405-E9842A87D5624E919A9B1C9058EF1D61;;
ES-3200904-A71F550B2724402C851DFE40BC3198B3;;
ES-3204005-BE256B971138439DA819040E9FC84494;;
ES-3202405-435D3B4FA6B348D9A4AB4FAB3299A0CC;;
ES-3201209-58647C6A146E43EC940B063AE81F068B;;
ES-3203304-7E3674BA2D4C4D1F9510C963C15DC657;;
ES-3202454-4D20183462CE4CC8855CA039FCAD5E1F;;
ES-3202405-676D4180494F4A5087B5843437C9D281;;
ES-3204609-02A895793E0C4854A18038F304302CC9;;
ES-3204203-A2495A3D135949249211B9511A154ED3;;
ES-3201308-E13D1C636BC24BE29D911402C6880724;;
ES-3201506-F12E2739A2AF412498920A4E74E4BD90;;
ES-3201001-65F6619BDE1542D4B23D2F33CDF17899;;
ES-3203056-BE61975FF5A64D59A7DA4CF46B6BE083;;
ES-3200201-0F6E7BBFDF31461CA795CD8D7481833F;;
ES-3201209-9FD4838CB116478B9E702847582106FC;;
ES-3201407-737059E60BDA473CBE077517126604AF;;
ES-3200359-C7D6B66893C144239ABAE29CC85FF008;;
ES-3200201-0DC62CDA5E0241E99BF9A816CF3155AD;;
ES-3200102-A4B37B1C20CE4FBB895B03822CA2A475;;
ES-3203106-7DFDB7E9B2D140E5B10DD3A524692051;;
ES-3200136-7417DA80D1D24C599DAF18EF841E14A7;;
ES-3201407-9556662707604187B5D040040DBCA055;;
ES-3204708-A9986E2254AD48009B578557FFD8925E;;
ES-3204609-BCAB4B9E99F0430BB7156664D8907B77;;
ES-3204500-11348E7C627B44FA895F90F5575CBB97;;
ES-3201506-49962E6AEE1542F28E3B53EBDBC3E339;;
ES-3201209-5669C26ECE594D979F70EE72B7449A02;;
ES-3200201-1A83C15A8E8E42579CC1969134991903;;
ES-3200607-F32F0ADBCA18497EA096F9DDE4FE574F;;
ES-3201407-BE9E18D7095246B9A689F4F4E66E8B52;;
ES-3202405-710D549984D44E8FBEADAB32DDC58DE8;;
ES-3204906-F2EDED832B0F49AB8E226B55115BE7B0;;
ES-3205101-479EB29449E24E1E8459F7DE32F92A5B;;
ES-3202603-A82204F94F144C2CA1094331387AC080;;
ES-3201506-5F9CFEDCAE154E14AAF4793BB111DD87;;
ES-3205101-C869517F27DA481886BCA9538EC48975;;
ES-3201308-1C265E001DA146D4841EE84EAA7CCC95;;
ES-3203056-69D648D0C0EB41909BFC45564902399D;;
ES-3203205-CCE5A11758104C3E9ACA5D1C1E55E7AF;;
ES-3204104-79B02F90F1AE41508B3451816325C0C7;;
ES-3203809-0F1E6A6042BD4A7689D1E13326563A27;;
ES-3201159-72918BBD0F5A4723BE0A1CD4A046161A;;
ES-3203205-72238703F121425FA4A4722F2A9C8D19;;
ES-3204104-642DB9E9E0BF4D75824ED5A4BB6EA498;;
ES-3200359-E37686F9D76541599B97554FFAF129EE;;
ES-3202207-322F7205E3C447D2861167B5D7CAAB63;;
ES-3202207-D1D6D259FE54477EBF886F9483F62A95;;
ES-3200169-04D00E92B67440CC9756B7DB74341322;;
ES-3204351-AD4DCE3BBDEE457CA473A8444CACC7BF;;
ES-3202009-FC867896D3F949EA874DB0395D60FCD2;;
ES-3204401-30D22A5675F642778274926B76358BBE;;
ES-3202405-52555E97EDAD404A839C3B923AEE9668;;
ES-3204005-55FE008AFB024788962B4F444930FCD6;;
ES-3203908-A6A7A1196B514C2EAC3736BDAF851481;;
ES-3200359-C33D476D3512406292B8A646A40B3FD0;;
ES-3204005-5C6AD0E25D5C4A2086435DB0B1934C9A;;
ES-3205002-13DD5846ADAD4B71B8372A054DF3A3A0;;
ES-3204351-E7E214F70EDC46099765ABF050A42D97;;
ES-3204906-C0DA0725AEE84167BF92C4A34F25F545;;
ES-3202405-2D8E5AE7228D47068CD7454943DE1B72;;
ES-3203130-04EC6E9261834D3B83690AF208640709;;
ES-3201902-0859858ECAF44C4CA2CA5C0A1067B316;;
ES-3202900-FEA65A434B7645B1A0DB4EE5009EA376;;
ES-3203908-70C86E0D03174C55B92470EBEADFC4CA;;
ES-3201902-BB2AD7159C3E478E924BF0F4BE932A89;;
ES-3201308-C3C12DCF36004FE1B77055F77184CD0D;;
ES-3203007-A70E924FCB3046E785923A263063E59F;;
ES-3203908-9E5C37B2E1C442CA98FB9C7CEAEBAA97;;
ES-3202454-28C4F9D26E4C475BA4D6A12CEF2D108C;;
ES-3202405-E8FFD76310BF45ADBCD29BDF9DDA707A;;
ES-3200102-920FA77E6A79453AA85F23AC0B659256;;
ES-3205036-78B64D50D5A54FE384E1F474439DFBD6;;
ES-3204609-2342A00F63C9452A960DD69E2449766D;;
ES-3202454-06287FD489174803875B49C8E4A446D8;;
ES-3204302-60DF3877324C4BF2B0AB17C32704B6C7;;
ES-3204906-45EE53C08E5746ECABEEF6E298F12C50;;
ES-3203304-A7F2DD03958C428B8BD1E154A9B49D6C;;
ES-3205101-81ACFDF996D64EBCA890FC318A0B572A;;
ES-3202207-08832262209E40B2B18829BD04E9C489;;
ES-3200409-65796FC857A8422C886D904F8BA4353E;;
ES-3204906-C84BF5E6EF82481BABF2404672C129B9;;
ES-3204401-B2F84ACE5C754F09B64D584FEA703F5B;;
ES-3204302-3698A89F884D44E68FD3DF5971177C4C;;
ES-3200607-30ABF480823747CD97AC91BAAB6795DD;;
ES-3204559-68EECEE1F3EF4ABAB4AE6562EB5BDCA4;;
ES-3200607-BD2F6201F73147199569D543C78DDCA3;;
ES-3203205-06FE862E91A44DE0A6A69A020A54A795;;
ES-3200300-F7DC7BCAF86E4D35854B99ADDA464DC1;;
ES-3204906-0AA523E2405147939EBE12A0745CFC1C;;
ES-3203007-85E18E6D46A94A48A6BB5584EAB97AB0;;
ES-3202900-A07386F36A924DB09DE7FCADB9EE6605;;
ES-3200300-EA164EAD078F40B9BF41C3F59D5062F7;;
ES-3203205-93E895243C174FE4817E6143771CC34B;;
ES-3200169-B98F4C29418D4E17BAC18A5A59F47CC2;;
ES-3202306-49A871C3726A420BA81B0C7795EE25CF;;
ES-3202652-A50335875C9D48E592D3411A1DAEBAFF;;
ES-3201506-95D915F9B4CD42EAB80CC8AF99FC40CD;;
ES-3204351-909920DB58E548E2866328AF321A3629;;
ES-3204302-35F283A418834D56A3C5C148AFCB7A61;;
ES-3203205-5FBAE68D50DA489394611B8621C0A094;;
ES-3203056-BE7AFE3C5C744E8C865070556564DBCB;;
ES-3202009-49C6DCBC1F304D0A8E5E0D5FC2E85A6E;;
ES-3205069-49D8CF8633B442C4ACCF820481C44029;;
ES-3200359-46802613449047158E6966F0261836E7;;
ES-3201506-DC10EBE99E924ABA8AAF56FC5B8BF92C;;
ES-3204252-DF2AB93941DF4E6980843A8ED76FDB64;;
ES-3200607-8541B23882664161B80970080EB68D8B;;
ES-3200300-5100BF01E7EC4715816555D2607EE5CB;;
ES-3202603-4D785F90188E4F5E848247226D2BFBDB;;
ES-3205010-05DE01556AD94A2EAFB22FCAC3F7554B;;
ES-3202801-F9A161C3E9B74C18BB4208D0A4E5D3FF;;
ES-3201605-86860180FB61491ABE7695831AAA4EFD;;
ES-3203205-9E9EA0D85A5F4F87BC7960947FFEC2D7;;
ES-3200904-A4D674FA7C7A4866B0E601593C5CB208;;
ES-3201209-5281271483AD4DFAA6BAE2C4704A1893;;
ES-3200300-1B5357BFECFA4988A2EC7021D05D000E;;
ES-3201605-AF29BFDCDD54472B8AFE1BA0997D7741;;
ES-3203601-C0967766F4E84A3CBA60C01305228414;;
ES-3200607-E385512D31934043AFE8FBB41A95092D;;
ES-3202009-BB210D93576B4EA0AE91462330A744A1;;
ES-3204807-FA3CF839F1494F5CB4F3AFF0EE26C424;;
ES-3204807-46EC4BCB23864F4DA8214390E3C56BC2;;
ES-3201407-AD0B39473E6B4DE793A1986B9AF4DB63;;
ES-3203056-0224AFE683314C9FAD48F7A9713141D4;;
ES-3201407-82896971ACBB4F91BD6DDA4B41F211D9;;
ES-3203205-C808B0892C434558AC9BCD991828B70D;;
ES-3204401-D90478B4E4BB4CF4BE24D35CAE451547;;
ES-3202553-D2E11456566D4B22884CD496FB77B4FC;;
ES-3204500-4C998F4DACE84981B0B390C178BB045D;;
ES-3204559-C18832ED105849E198EE586F11DE8898;;
ES-3200102-96482542FC204E439C814D6E7790FA65;;
ES-3201209-AFEEBEDFBECD482B862EC4F60B438B1E;;
ES-3204104-CC910A652DCB49E19798299F0C36859B;;
ES-3202306-F547D44E63E342DB80FEB278D66336E9;;
ES-3204559-1421BC377EF54AFFB122AD45996DA772;;
ES-3204005-BD1BC960D1BC498FAB1A86EFB2D1813F;;
ES-3203007-82E89891722E4ACA97B6C5AB5849C858;;
ES-3205036-0FCD449C11444B659F84B66B65DE86BE;;
ES-3203007-C7CFD8DB3B2E4A08BBEDD67893E3AE16;;
ES-3202553-F8BD41331D0D47C4AF0A4DB96AB98937;;
ES-3203205-B4B2CE48EC2D4D1FB0DE443145159538;;
ES-3205101-2EFC0ADE939447DCB260E9BB9438DE99;;
ES-3202702-8EF4D9D0E5984F77AAB276DFD0BFBB91;;
ES-3204005-A5DEFF27FC944F35ABE765CC9001C577;;
ES-3200169-36C30AACFEDF4DEDB95D19473A02DDD7;;
ES-3201902-467D864E8BE443B5A8FEE1AB71DB1DFB;;
ES-3204054-4D996DBD1FA54B968209052B54591685;;
ES-3204351-91740DBD7BC94DCA80C5935604C76B70;;
ES-3200201-C1280131A0D049BEA94E3A4CF99A9A7A;;
ES-3202405-75622908915447F78E291F0854C80B04;;
ES-3200102-956BDA8B39B6453DA40C144D6BD6EB5C;;
ES-3202454-75464C72E0F94AC6BA2988347CC251D4;;
ES-3205010-4E333A9FD39F4FE7B6D98B15ACAC542B;;
ES-3200904-79380DB090C046C6A90B81D2536BC3F4;;
ES-3203403-D588022AA4FA464CB2E26BE9EEC0DC99;;
ES-3204559-29ADB329BA3B41D694CA7B88C6AAFBEA;;
ES-3200201-290880C43D0F47DF9FE9FB47EECBCEDF;;
ES-3204906-C02A0A43E6D64612B46B434D5E837671;;
ES-3205101-69CA8CD0E4F343FF8B36A61FD544E58B;;
ES-3201902-4C0446D2B8AD40C48079F4133794DA62;;
ES-3202553-66AABCE382474E7CB02C6E188A14CC4C;;
ES-3202405-25BB50EE581D45C1A3B032427B9471E1;;
ES-3200300-334F13673A92427BA3639AA65CF12459;;
ES-3200607-2A49FFB833C94A9BA864A330499BDB02;;
ES-3202405-4D5092EFF3E549E0957742F4B1545A21;;
ES-3202207-5A495A6400C64E49B454C6AD7527B81E;;
ES-3200169-2C09FF4A35574E4AA32F126FFB107679;;
ES-3205036-B9222EF81AAB42678B913D10BA8D9902;;
ES-3205010-CAAB222F2BAD411F81A79282E488C1D9;;
ES-3200409-84EF798F4BB14596BE02EDEC42E99516;;
ES-3201902-AB3AE6BA29B843D99EC2CEDFF21C4102;;
ES-3204906-605DD6BA89524849BC6685214F71B3BC;;
ES-3202801-191FBE75801347EEA3EC2DB87F4FAE12;;
ES-3203205-E1F7A086E17542A290BC56CC7A9D1589;;
ES-3202801-8F89AA554C1C471C895DAE250768CE04;;
ES-3200300-DE65F9BFE0744DCDB07EB84A71353C02;;
ES-3200409-F9D7D8333BE1435585C29747BA989939;;
ES-3203403-9433FFF9F6684AFCBD04FDDEDAA75C9D;;
ES-3200102-43CDC96C8BBC4CF7992BC1BC45498984;;
ES-3202603-013554B0FCDE4F56960F484A65411F63;;
ES-3201308-A4264C6571BD44BD8B14EBE67F05A965;;
ES-3204302-DE0621A736FF492CB39F756E8B1C156F;;
ES-3202405-B2AFCFC972D24B7DBE350ABA85EF526C;;
ES-3204906-02856DCB4F8842D583CDF62C6D34F8F9;;
ES-3204559-8C011746E9134147BCDCF1D225474A7C;;
ES-3201605-448C13BFFFD74CEB9812A198699C408A;;
ES-3203163-EF6FBF097BB143268CAAC9547EE52B25;;
ES-3203130-C74B50BAC6134292B9732CD901024E12;;
ES-3204658-4B44E59DA9A64CE1A7D7055C190E5A58;;
ES-3203700-0F968D6BA15949DAADAFE4147DEA427B;;
ES-3203908-D9B09E431A8E4B9E9D42CA616EA7BCA8;;
ES-3204609-117782DA91C3445CA00B41DB390E1B6B;;
ES-3201308-091C16A6BF7143C695977446CC54F5CF;;
ES-3204906-219D2B4021AB4D4E93309BA1C4568590;;
ES-3203205-CB19318D03DC4C458CBDFFE1D9B63C06;;
ES-3202108-5D85A211DE5746919291A026A78F0521;;
ES-3203908-3C990731BAC94A619D4EACAADC62D4F1;;
ES-3204708-26773AAF9B834CE7A067BCD90B7F59E5;;
ES-3204351-0E8DEB8DF242410FA3A3F287EF9FE9FA;;
ES-3204104-5C34E5317EA24091AA9D66A3B658222A;;
ES-3200607-BE4A189B74EF4B4F9C3687317F462376;;
ES-3200508-919263D63C614B8BA9469F629CF866B3;;
ES-3204906-C43DDD9277924709AEE9F51BAA9715E5;;
ES-3203205-9FE9B19A4C254194AD38CBD3AEE051A2;;
ES-3202405-8320917672A44D81BF33DC889FEE8263;;
ES-3200409-69501DD751214568AE1CFD394443DFB4;;
ES-3204906-9BF3E263BAF84D10B808629D2ACFC254;;
ES-3203809-EA405171D5D447A1B0155F98151603BD;;
ES-3203304-E1AD23D16463465F8D883B8983C2BD5A;;
ES-3204351-E33FD4CFEF7F4EF9A06B565194CF7C3A;;
ES-3203403-962180B87FEB411D896805CAF93ACB61;;
ES-3204559-5FBF6620509A445695A583D55E3EE892;;
ES-3204351-A125809A491247B59B55E17321D288CC;;
ES-3202405-46A6D29069E7459A84B9289D15D0723C;;
ES-3201308-F33C87DA508845F7A3B8C06A00D26B2A;;
ES-3203502-907EF4C664294C808D7072C9730F15FF;;
ES-3204906-EC285575C121431DA7F9018577C8590F;;
ES-3200136-EC4B78926AAF4EF497291806D0001B13;;
ES-3201605-CD4CC6D3BB49428E86D6EE2C4D3038FD;;
ES-3204559-A5CD6E3E7F7740DCA76F62DEC605C7B9;;
ES-3203007-085B2FBDF8834D2CAA202434CE4F0823;;
ES-3204609-832873AEC25C4D3A890218412C60D770;;
ES-3202553-1FFE33CAED184201853BE27C8E727FB6;;
ES-3204500-EC947A3907EE430A96C3B10F379135D8;;
ES-3201506-D5F230E1DBC54BA3B5A2759B043587EC;;
ES-3200300-806697BE264246A1802D5A2FDCC4237B;;
ES-3203908-D21B1CB08E454426B3FCBFFD2022E276;;
ES-3200409-AED8879E29344FA8A4FC027148A7CA08;;
ES-3201001-7FE4B88795AA4DAC95514A5E461DD351;;
ES-3201902-4479AA0AF0464ABABBE477FCD48D69E4;;
ES-3204005-2DB723F1E26B4C4384457C5B20FE73E0;;
ES-3202603-26D471A978334A64AF6BE0729C84E353;;
ES-3200300-290D8E687BF04D5BB6EA4BD9CD0214A0;;
ES-3202108-817C9FF2032A4B9FBA1C7E64778820D6;;
ES-3203353-12292159D03E46B7BB8340ABEC3AFEDD;;
ES-3205200-CE8B3BED6F78412DB03077284782E92A;;
ES-3205036-8BF724ADA86749459ACF69DBAD2AC3DD;;
ES-3203056-6BBF61119308447391D08E2B74808D73;;
ES-3205176-6BC3DAABE47C4D4CBD50F125B02403F7;;
ES-3201308-D20DA0A707A44023B6737A3813A0FC96;;
ES-3203056-5CAA0C2C31654718ACB807DB40F60470;;
ES-3202405-F1ECF44EC0DE49BABD1AD1E067BCFA69;;
ES-3200169-414C2C8AA9674887AE24B46B1879B819;;
ES-3203908-A31B1ED81EDD40FD8C6F4C7F3A38CAB8;;
ES-3201605-0310D750E9024628ADB52F871CA84118;;
ES-3201803-059173B0E83543F5920160B0EA04082D;;
ES-3200136-D433140243B9487C947BD3D6A414AFDD;;
ES-3202603-54FEAEFFBA4D47568CAA6DF93C86C0AE;;
ES-3201902-28ED489D87CD472C807DC4BBE6A4D3A9;;
ES-3204401-BB69B484DFCA4B258021C519785A2CC9;;
ES-3203403-3635BF40AC3F4D998AFDC0535268B909;;
ES-3201506-A7B88A7D2D574E0D995B7B37FBA0CEAA;;
ES-3201704-C0CE9887107A43B4B621B84109854D5A;;
ES-3200169-94B6B050A64D4CEEAF3502D972E493F0;;
ES-3203205-3DE436D53C384E45A0EB576B504403DA;;
ES-3201704-922FB4BCD2304EBBA3A46250E02A13E1;;
ES-3200300-5A940645AD204BFAA34A3E6364B3B301;;
ES-3204500-415022CE74FA4CDEB9A52F1E7251E30E;;
ES-3204906-BE88C94084BF42D692334675D2A8925B;;
ES-3201506-1FA396CB4FE64C11BB5345913BA6F61C;;
ES-3201209-65B21052AF2B41EA8281D2B62391EF8C;;
ES-3203007-D0C77E3234B74F35A564B9E4F2D7DF2E;;
ES-3203007-68AD67E4AB2741CE9625C655C64969D9;;
ES-3201506-0ADB07F19C0C41ED81D3C9F26FC90F6F;;
ES-3200904-A7ADC98890784042A43CC991D86BA40E;;
ES-3202900-7FACF960EFBA48F8973C87551A11D0C5;;
ES-3200805-5BF0C577E195404CA11077DA76A5A5B0;;
ES-3204302-E8A98BA841784CAA99EA848E087F8F78;;
ES-3200607-30BC5FF08465467BB21B1CFB9C2F064E;;
ES-3200904-809E43F084FA4624B8B7758D11C56993;;
ES-3200607-05B1585E0E614509B23EA160ACFF1913;;
ES-3201902-6D5718957B204B4DBABB0A4A221CE6AA;;
ES-3201902-2355FDD75E894881B7A5472839A17988;;
ES-3204500-A05C00AFE61046268EE6174B6835A22B;;
ES-3205150-0E2A339AD875424B824E31496B4109BF;;
ES-3200102-64FE58EE325F4AD48CED45E197084ED6;;
ES-3205200-EC47722C072B479BB2B49A841365EDA8;;
ES-3201605-76E9AFA79B4243D889BBA8A9232D28AD;;
ES-3202652-37777B92E4F94F6F92F6BB3F4570241D;;
ES-3201605-EC42B04C0F6641C5A386D13D102E7D17;;
ES-3204609-6DF57F71F1E3420D804E318002B5BD09;;
ES-3200102-6AEF06410A1040A5B945F752BF1EA566;;
ES-3202405-F7E8CEB4B90042F18BD0BEFF9283AE7F;;
ES-3200805-6C53235999984DC9A8F6654DE80AA716;;
ES-3204609-ADB99BE8976B4D1AACE54B0120AEC0C0;;
ES-3201902-482A86B53545425EBE56346FF9C14DA9;;
ES-3202256-1DE9A7A38ACE4417983966C0AB667869;;
ES-3201407-AAF4552F793C494C868A51E97E7DCB60;;
ES-3201001-BF074AD16B0445A783B97B564C80E653;;
ES-3204500-FC7119363ECD4BB998DA7B543BE55E81;;
ES-3201001-BBC6092F1674437EA67575A85064E04D;;
ES-3205200-2237CC11CFE44F978ECF87E87C62A5FC;;
ES-3203908-9FB9E57288FA4FA688D494C06372C52C;;
ES-3201902-537B8DFCA949488293DF419821F7DFFC;;
ES-3204302-4F1A3B7FC6BA496DA629120FDB336BFC;;
ES-3201803-BF23F22AEF3A494685239132B17E771C;;
ES-3205002-50FA994556CA4A019B0047D896FEC32B;;
ES-3203056-864B5FB02C8044B8B98D27BF32CB5127;;
ES-3202405-4D6B96C64F9C499FBE48032533331132;;
ES-3200136-06364CCCC42A485AB139B4B220367A9D;;
ES-3203908-7B63B96940C34037B8EB500E05BFB46F;;
ES-3203205-016AB2AF7FE547B491176B55482E14C6;;
ES-3204658-B050B291252F463B9E662C13AD3F8104;;
ES-3204302-A5C79083C47F476F9251FFFFBA78E0A9;;
ES-3203700-7AA27647EAE942B2B6F60AC03659C292;;
ES-3201902-95F609C72CFC4EF381A9FCBD86CF833B;;
ES-3200169-3E91E4FA52004B50904A3F9B6735589C;;
ES-3201209-4F8E5A3EB02E4B85BEA1D42BB4E5DF64;;
ES-3205150-5663B470C2AB479ABC6C412F280E26D0;;
ES-3204609-3939DCB4335E4C8BABE62A247EFE078D;;
ES-3201605-B390CA6FAA5644DA8183FBA2C773E9BD;;
ES-3204906-82146F45DF3C4C06A9B904EFB3D235C2;;
ES-3205002-76568A05B8A94DAE9A3ABF55092B5CF5;;
ES-3203809-A3E9B4892BAB4D8DADE839172A93D224;;
ES-3205176-76DBF54680814C7496C667D3B7B62631;;
ES-3202207-40809EA20A934D3FAE7BD486E387A106;;
ES-3200300-005C4933438C42B5A1BA6A1CB433AC4E;;
ES-3203007-3A3E85E69119401D9A38992590CE5120;;
ES-3204559-A6DAD0D12BF34E45A9F555AEAED79FF1;;
ES-3204955-A46F00BA5F1E4DF2B8C5488E3D36FE15;;
ES-3202108-81DAA93D5D6C4DA6A150CC82E848363D;;
ES-3203056-A3DB0F6C70D34513BA4836EB5EA09331;;
ES-3205176-F623E52206D447ED9BFA8993CC0477D2;;
ES-3204104-A555C55EFC0749A6BE6927B1C8D80359;;
ES-3204609-F76E5131831D4D16AE8A0A4D0D75E9C6;;
ES-3203700-DF862AA3D99742BBBC0E5F9DC5536403;;
ES-3202009-A84553CED9464A63B1F23968F14B363B;;
ES-3200300-284E4369A09A4B309C1F7AC89D15B3AB;;
ES-3200300-D56D27782D4D4F94B47D74EF21A770A8;;
ES-3205101-9B97D6F0821648E3AA72420CC297519D;;
ES-3205176-6408E5C1779240A7B61B9B23CA818F53;;
ES-3202900-28FC313E826F44638C963802818DCD9A;;
ES-3201308-C182B4DEE436449EBEADA74AD142D5A4;;
ES-3203403-9591129F2B244CF1B02691DAA01B5EEE;;
ES-3203403-2C8CF8F084424A49931BD6470502C85E;;
ES-3203205-76F6EACD78DE4BFA82F9C529951FFCA6;;
ES-3201506-F06503CEA54441AEB04644E5BE70287A;;
ES-3203809-1621214A33D24D78B278B38F1A18F45F;;
ES-3201209-CB9FA4DCE5364C5493D024BC140FF439;;
ES-3205036-928453EBDDA748EF8D4A7D24BA53F706;;
ES-3205101-3685045458E742E3BA93596BF80BA16F;;
ES-3202405-59C82CD6120649CEB4DA907D933E9D54;;
ES-3204609-0F4C3B7A9DF84EE89A78556C352BF959;;
ES-3202652-E00133292203490A892D9BB3645E69E8;;
ES-3203163-7FCF68294FDE46FCB7C984C5DCF374B1;;
ES-3205036-E034D7361C2643CDBC8CA26D3881765A;;
ES-3203700-C52842E2909B40A6BA88F6B1F2AE2AC2;;
ES-3203908-BBB5EA3EA5CB428F9FF3F618C413C7A1;;
ES-3202405-338AA41143AF4A3BB0AA18EB67D71D25;;
ES-3205002-3ECBC0EE05524D3FAE56AEC9F5E36637;;
ES-3204955-1144023445A8485A813A221D440D4A78;;
ES-3201308-20EB8CAD8B7145EFA2860E6884A59B54;;
ES-3202256-59322FD742404FD589B58577C7AE70B8;;
ES-3203908-77958AA0319942A9B293A7F35FDFAC88;;
ES-3200300-9FECE02147704FB49CA565D3351FB3E7;;
ES-3201209-5E51E6CFDF304D45A82A2F259F6201C8;;
ES-3203809-A7AB2AC10DC846999261C807FC345175;;
ES-3202603-CE09442F33444973B09938D568D744EA;;
ES-3203205-875E9EF75DC2461DB68DA71867301A63;;
ES-3201506-1042A68C7D6348648EF16A304FB95883;;
ES-3201308-0299D97D03684A409AB952B9EF138D40;;
ES-3203205-EA6E2D33A44B47868EC71C4D802AF300;;
ES-3200201-4FF720E51CC44DED9D473259349A79E3;;
ES-3203908-96AEE0F4183147E0B4962542A72D7E41;;
ES-3202405-4FC4A50EAF7241F49AAE6B5ECACBE229;;
ES-3203403-87AF04B7A3BC4A5095FBDB8502147C9E;;
ES-3204500-F763CB3BC3234FA88CC0CC57D8A0AF60;;
ES-3203163-9C8477607AF24FCEA9F0D8C227A41ADA;;
ES-3203908-3A31A52268EE4C4A84A473ED31E651AF;;
ES-3202454-5A5065FB595540B49BE652036642542A;;
ES-3204401-80E5E52CF3EA43A5A684BD3CC46D69B0;;
ES-3200201-3CFC53792B9941F5A54B581DF9B200E5;;
ES-3204500-CEE2CF4C3ADE4DD3888EA287CC62F67F;;
ES-3204005-CB421F15503540CF863ED5A4AD6F2459;;
ES-3200102-D61E467FFE844ACB8D91FF9DDDE26530;;
ES-3203163-6DA9F22F02494106946E2154BA42BE78;;
ES-3200169-DE6FD9ACD1274A9AB7857C3949024DE5;;
ES-3204708-6931B4C8AE774E598A6AF100D6E93F68;;
ES-3202603-90987340FC0348F0B437E018503B78EE;;
ES-3201407-28EC197D14B847A89A6618CD36088850;;
ES-3202405-FE112B5FA4B841F5AF9C7F2CAC1F6213;;
ES-3204559-B067EE460D3441D4890A9A07B9D9786F;;
ES-3203205-D0BC588A9BEC41E7BB3D8A72876716FA;;
ES-3202603-B887277947A147D3B31CAA36116DEBE0;;
ES-3203056-3C0923367529431C986632D63B32F182;;
ES-3200607-34994DB2CFE241D5A634D77EFD216D6A;;
ES-3201803-B74DA5F95E044856BC4C93E7F53A80B0;;
ES-3200607-BBEFB1C4C1454C30A32FEFCE85CB23A2;;
ES-3205010-6FF23A73A08B4D6F9C7978B4E265B767;;
ES-3201902-8DC3165B70744837B75410126CF42656;;
ES-3203205-A25201ECD302464BA577DC4E36634023;;
ES-3203403-4EE78DC1DBBA4A8882C4853116B593B2;;
ES-3200904-101AE45712B443F486E6C133EF18F208;;
ES-3200300-2782E4A7D739474DAF895E55847916CC;;
ES-3200300-C4238F293D6648EC9B9D54685CE8CE13;;
ES-3202306-2BE93C4AA3584F43BE517ED5C7C1FC7A;;
ES-3204906-30FDB7EEDB4A43B5A97A90EF98B342E3;;
ES-3205200-EC361FE5E6C749E7909260376EC3C056;;
ES-3201407-F75CD2D3E1484027BFD7A5B447C2CC5C;;
ES-3204559-87F75C1CAFBD43D685D9D70D964DE19A;;
ES-3201001-6EEF78EF76B542B3977622A45009F068;;
ES-3204351-306745B7FFAA4B0097DC436C129F2A8F;;
ES-3200300-87497C1C75FA43499F52CEB505E327E4;;
ES-3204609-CBFDBAFCDF2B4DB0B15C3165299CD2ED;;
ES-3204005-071C3D19B43648508769E9CBF0D877D8;;
ES-3201159-56E417883B2241D68497AE829F7D5824;;
ES-3201209-B7BC526AD83544BCA635FEF6A193A19B;;
ES-3205150-7BA72FDB6FB0414AB3618BD6ACB6D321;;
ES-3204054-08C4E63A11E34DA186F5D6458B43D652;;
ES-3202405-72231BDBDE444723BB7CDCC29D4E1C7F;;
ES-3203007-4372F05E3DAC47CB895C3158102086AE;;
ES-3200607-154FE850D6DE44DEBC461FB189AF451F;;
ES-3204708-F399AAA579CA49FB9AC7AB4CD5C4CEEB;;
ES-3202504-17F2357911BA4378831E76AC54C5111F;;
ES-3205101-3A010FF5DC9D42D49C0013BD58A234DE;;
ES-3203403-2784463A069641B9981D68873921192E;;
ES-3203304-00A48B74395E4D549EC383B02049939C;;
ES-3204351-B26528D9E40142869BD2B0394D21E8C4;;
ES-3205101-AA737B0CEBE840F181BCC31FF230844C;;
ES-3201506-4E046A40964D4E05AE0B12BD78ECAB90;;
ES-3203403-1B363D528CB44434A94F631FACB1933F;;
ES-3204807-457FF25C122D4D269A123C07F9EB1A99;;
ES-3202009-89E09281C8A544B49061C5454C2B9ED5;;
ES-3203056-1CABDD5EDC5C4A2BAFA397B4E2E227E0;;
ES-3201209-A1FC1F87AD48479B8039127AB2A14067;;
ES-3200805-D6A3B29560B84A7A9AC1B6E0DB1CB539;;
ES-3202652-F6CBE710302B42F586512174DF481200;;
ES-3201704-AD1464D339544AA28E15488156BC3234;;
ES-3202504-51292A42C6E24C1A9F3F36D6056493CF;;
ES-3202504-F7BE90213F0849409E3ADC3F9029ED78;;
ES-3201209-53FAAD5667A8445EA8BEDEA722A2BC9D;;
ES-3203205-E7E2564CE10441A19B3A4F907F91C9A9;;
ES-3204559-A0696C4F4B454B3B9C153D23BD0885AC;;
ES-3201001-1BCCA40F5A3E45F78B529304A4489CE4;;
ES-3202306-6DDD35A0C0C74A0CB289648F444978A6;;
ES-3203205-C8F6B0A2E16C45E98849F93BE5A75111;;
ES-3204401-23A7A27942044D5E8A1795F56DE66FE3;;
ES-3202900-19AB25EFBD8C4C30A5D154D2CDBB620A;;
ES-3203106-8B556B08DC94422295C4BB2E5E9745FC;;
ES-3201506-3A360424391B44468D14BDDBA4BB3BA7;;
ES-3201209-E2F15AA62DDB44EE8719FE89F1250896;;
ES-3203320-66C41D218BFA470D9C64A142597DE843;;
ES-3203809-0B857051A3304E72BA4E043B213B4D0F;;
ES-3204054-07B9139E208E495D829B33DB72B9A0E9;;
ES-3203205-3B0E61CB1B1D41E7B64B197720A87FEE;;
ES-3205176-A212EA8CE5244A32B83434DB72AC8F40;;
ES-3200904-4C8C043B59AB4CF4AE59B63DF9CB19EE;;
ES-3204609-F505048C932C493E8BBDFFBDFB1D19E3;;
ES-3204500-FD0905A756164FA3B4242C12161BBF97;;
ES-3202108-83B473C3018B4825BDC677E33AE887C5;;
ES-3200201-4EFEFE85801D4803B4F28F4FC7758B0A;;
ES-3204351-9924D10FE30D43EF8080F95EC3879C4A;;
ES-3204708-2797DCE611404267B772295EE3335010;;
ES-3201704-191587C542174334954FA3685BEC5A51;;
ES-3204104-C856E627CCD8493B85CFD1CF28D30620;;
ES-3201407-ACA30950B697452B8B7BC799E4D730B9;;
ES-3200409-BFFB8B741B78469DAC7A675479D723C9;;
ES-3202207-605D8C277C9E4F4496C7766BBDD5CCD1;;
ES-3205200-1D2FCAA19BA748C1B23C32192446E8CF;;
ES-3201407-DD088EDA798143D0A5DD3644742D215F;;
ES-3201209-23C950C610BC4603891F8DE3D8AB4833;;
ES-3202009-D780E85140CC42BBA6B0221F77620277;;
ES-3205036-1679F9B0E15946DEBFA1B1A04CB0BDF9;;
ES-3204302-1EB296E14889443E97387241EDC2E316;;
ES-3200201-BD84DFB5C2764211A199576AD7BB16DD;;
ES-3203056-382D58E59EFB4201AD3A0B397D531BA8;;
ES-3201902-8D9FA295223341A4A4838F689D852BC2;;
ES-3203056-6B3A693C719547B2951AFE637E3E156B;;
ES-3205010-BD8F9894DE7747A6B2C0EF6582179D94;;
ES-3203205-335D8AAFD5CD4A808976BC447CB0C890;;
ES-3202603-79D578FDD718430584D0739CDFA55441;;
ES-3201001-7020A4F4C94A45E0874AE43040634BD2;;
ES-3203908-5A06C101C7FA4D4493B1EA4F604FB1C0;;
ES-3200409-AC6BA57ACD254477B118922AA5FCA18C;;
ES-3204559-901F1B82D32348EE910F2CD79E596157;;
ES-3204906-E35F844EDE9742FDBD743ECFB0FF269B;;
ES-3201001-BBB978672DB348088FDA4DD483410559;;
ES-3203056-561DC0DBCFBE4765BB30E6DA5DB231D1;;
ES-3204104-0379270D48984A378933DBBCA55BB7C5;;
ES-3205002-E7A9E479DBF34751ABD6D321396DE45A;;
ES-3205010-A68E6403B2B14BDCB95204DE6FBF9C77;;
ES-3200136-4A4AE9D1F41E44A5B867398AD0CF6A11;;
ES-3203908-F164F52252DA4A3283CAD35948B4925E;;
ES-3201902-AA929188595245B7B691C455E3672627;;
ES-3204401-DE1C08A0751B43FBAB16DBE405DCB3E1;;
ES-3205101-4FA9588920DA485389CD0408AE385042;;
ES-3200102-C79A404DA50149CD8A77069998EC9C05;;
ES-3204104-F84313D622944D7C897226FB9891BDF9;;
ES-3200508-331BA0021E3F42C4960822CC8A9BF45F;;
ES-3200201-A2D18018B171479B9FEB54E018AFCA0D;;
ES-3200300-32DCF25B396B4BB390FF7F18B5F89C73;;
ES-3202801-67E91D7C1BC14FD1AFF083EFB9A630BD;;
ES-3202306-C7D3B14DFE5E40AEB9F14D4831D3E939;;
ES-3201902-5821441295D847ADB2A59A6F88BD9476;;
ES-3200359-51E79A3B389E4C728FCC37C6362BAC35;;
ES-3205036-5FA8C98670FA4876940CFCC97AD61500;;
ES-3201308-BDDB7BC0205448B0A122998917721A0D;;
ES-3200300-E25AD0959DA148C2838E6C571D96D0C6;;
ES-3204955-B4FEC0440D1D46AEB1A494494ED93B53;;
ES-3201407-ECEFBC25FF4B4722953EBAB25F924E03;;
ES-3204054-B5E1F52FB68041539A2AA414297DD7F9;;
ES-3200169-68ECFB2063F2417A8454AF65CFDF9BE9;;
ES-3203007-409BD87DEFE643EEAFA445DD096E4B2E;;
ES-3203205-C18CDC8E9C934D84A2F4311733979607;;
ES-3205002-E7BEE623B623449BADD27C34D3C5CEF4;;
ES-3201803-168FFDEAA1924BD48D6396ACE6CF32C2;;
ES-3203809-BEC3EB219AD040FB939B429B6CF3C165;;
ES-3204005-B049E5F7212D4AA4A7E43B13F5FBCCDF;;
ES-3203007-23E1E8B0DB034470A01E3A79230761FE;;
ES-3203353-F7ECFDAEE5394895B7B04E7879527FB6;;
ES-3204609-3BA6C64F8B5F4004B7F7F81465881245;;
ES-3204559-C7F722EF340146A4B8DCA36599DC867B;;
ES-3203809-3D96B729533148A8B354A1075A22E0E8;;
ES-3204559-FEE442E7813F4704911D20324B219F40;;
ES-3202603-AEA092F898E5486682B4FDC88D2C7781;;
ES-3200102-2C2035EB65F4434D958FCC975A0D7D84;;
ES-3201159-2B20D44895FB4172BCD9FE73AAF72CE3;;
ES-3202009-7BA7040B97C043978477AE48C00F69F2;;
ES-3204807-AE3E0FBC125A4859B4AE5CF30F5B30FB;;
ES-3201902-CEF5078822954ED09B916872C9BA0444;;
ES-3203403-C8BB022BB8ED4220A349A77CA6C73063;;
ES-3204609-D7B4E6D9B55B41879A33DC303EAD2B09;;
ES-3201704-091CEEDE2023472A910189ED65DC11FE;;
ES-3200300-6265C6F504834378AFC39AD6D3A0233C;;
ES-3200706-0D513832EF7341A294AC7EEFB4439BD2;;
ES-3200359-CCDACBD51F464462B15002738FC44A6D;;
ES-3200201-FF0DCE8EC02F40B69EF79DF13602790B;;
ES-3204609-239E7625CAE549F8BE5B03C2F495ACBE;;
ES-3205101-1FC2A1FBBE5F4A0C96A64F2DC5AB55AF;;
ES-3205010-BBB8AC086FE34E60A3C75A69385284EE;;
ES-3204906-F68A25F645994CDCB9119115D78FF581;;
ES-3204559-B931AD0B5C0D4E02BB198FCB443AB433;;
ES-3203205-3F9352EB1771414CA820048184EAB745;;
ES-3204609-56B408A55C15456C8B953A81753E2B62;;
ES-3200904-11836F9A306F4C298D82CD2A44C688A9;;
ES-3203403-F8421EF576DA4BEFBADAFBF6564F75EC;;
ES-3203205-5DDCDBEADDF742A7922A59E1A3F9AC85;;
ES-3204302-63ADB03402134F9AAD914191E2121D69;;
ES-3200300-880868B14101430AAACEFAF1A1B19297;;
ES-3204559-68F8BCA89E3D46B8B6446FEA354813D6;;
ES-3202652-B65F258C6A4E4F73911545F8F7802C06;;
ES-3204906-46CB682E7BB5427CA01AA96C41BB0A76;;
ES-3202603-88D5F87B5A3C4BA3A04336089A7913AA;;
ES-3201506-386C7AF7446548CB81572332613C1A05;;
ES-3203205-1A1FCADE265A4D958EE0BFC4A0482F8B;;
ES-3202652-DFC9E058B59B49058598D0E491128AF1;;
ES-3202207-3CE9E7F85F404A5BB88D6E39252F153C;;
ES-3205150-6D7D64C249ED4639A2BEB6170AED3A12;;
ES-3204351-42660A24C76B442E8E9C49E69608035C;;
ES-3200102-E28D7CA1148B49BFAC34C5D117D768F2;;
ES-3201209-016134F289914E238FAAAC8576898871;;
ES-3205002-092E22A9B155455690A896D744DE5415;;
ES-3201407-4C7E89016189434CA2E2762E34937B85;;
ES-3204708-A00A3716DC444910916782980D580921;;
ES-3202405-D6A40B4C1D994B36AF8B5BBA0AF53159;;
ES-3200102-87F37EDF95D04ED19D8477F35680864E;;
ES-3205010-44131416B7CE4D8E906CEC09089F634A;;
ES-3204906-65F1A92632914F009D53A7EC2F63C800;;
ES-3204500-90A4E848496D4E2F9ECD516C998B18D8;;
ES-3201902-FDF0CF27DA17422B9522AE533C66D9F4;;
ES-3204559-411EC854F0DA4D318867EB72658B8E7E;;
ES-3201506-F6D34B5A95B74C01BE645B173E161047;;
ES-3200300-2F461AC0498D49F7B16336A495922D24;;
ES-3202702-B57A054B64BA46C599CFC16E49D680B3;;
ES-3204708-F3513698F5A2493AB52914B81B937A30;;
ES-3204906-F1A9FE7BCC7E4EF2B4882152F1B9887F;;
ES-3200102-69BA8A14F02F482ABEB55E6E2C6E3DE9;;
ES-3203700-18767829A8C745119C054D608322D7B7;;
ES-3202306-D0EBF2B7C4684B068779BB40364F77B2;;
ES-3204401-EE36BDEE8A0C432DB8FEA61AA0D89FDB;;
ES-3202405-F1EA3878D6034080A86B15E25A1F668C;;
ES-3204906-3D80D96B79CB4F1596E0E8F22703C18F;;
ES-3201902-C359C43CD39741FDA010CE5C7057FA16;;
ES-3205010-5855B4304CB04501935613E56498839C;;
ES-3200102-31C69D7E649443B292F6FB79EE5CC2B8;;
ES-3201605-E6F03F29F6AF4F51995E1A00D864E28A;;
ES-3201407-10B4A6143E124224B8CEDB10C9CA56F9;;
ES-3204351-46308096A9804681AB88956D95A243C1;;
ES-3200300-1D8EA326F7FC4464ACA349CC7BF73058;;
ES-3205010-AD9FE3DA26D14B6FA909F1238B1DB89D;;
ES-3203700-996CF9BE9F2A46FAA5C00BBCCC0D2A37;;
ES-3203346-6FD4AFE678D74876AC32DB1BC93F2003;;
ES-3203205-781FCFBF19C540F18ECA65BBCDA4725B;;
ES-3203205-E9415BE428C84083B73472AD8FC54CE4;;
ES-3200169-316B674A4DB44F9E9ED57EBE43C7C31C;;
ES-3201902-96A57B800BC64186A99A1783AC0BFD65;;
ES-3202207-B583D9F5D41B4ACEBD10EF329503DEDA;;
ES-3201902-7BF355F23C2648C5BB072180D041CFB8;;
ES-3203908-221B82EB5FF640E0BC90AB6B26494060;;
ES-3203205-3C090795584B4FA38367E15716E395EE;;
ES-3204500-FDCC0D198DEB4F278D5E9897EF6D65EA;;
ES-3204302-CC614E3AEAC54EB087416C0E2F9D7E9C;;
ES-3202405-191A11B33BAE4DFFA6914BFCA3F952E8;;
ES-3204559-CDC53017C12D480F92CD6DA1A80640FD;;
ES-3203320-27467AFF8C434A7A9D9F24275FBC918D;;
ES-3201209-747B360ED14D4FB491303DA627995BD9;;
ES-3205150-B0ABD5B416A84E5AA9551A2B2880B801;;
ES-3204500-5DBB3D4D892844CB9D182F4FDCFA6254;;
ES-3200706-33AE3FC8017A4D93A05321B73871E1B8;;
ES-3200300-8516174E91074EAC8944E514D02AE9E5;;
ES-3200607-4654C681918844A7929598782CB4F139;;
ES-3204500-2F1A736EFFFA4B709D91740FB4E58CDC;;
ES-3203809-24970282545E4DF28F1228A038ABA545;;
ES-3200300-BE5CF6188DDB4546BD3E0528BEDF3831;;
ES-3204203-3E8B18E36D8742CFB3AD2B37B68D52A0;;
ES-3204104-25CF5406AC4B416AA47C42899E6D0B02;;
ES-3205101-91A9157B6ACB49E4A6B759662065A009;;
ES-3200300-77F2FFAC72874B0FA31BC056EFB6144C;;
ES-3204005-292BFF16696E43EA9FCF3DDB9F0EC012;;
ES-3203205-CBE636B678CE49119D11F37E05E50805;;
ES-3203130-240CA09EF7DD418487BE9214317285A9;;
ES-3200904-90EAC070BDCA44E78358C53EE07F3B4A;;
ES-3203056-5E94F031E66D48AFBBBF9937A8B4C006;;
ES-3205069-18A64D64D5C64C43AE55642A816F29C1;;
ES-3202108-87B3D2B0156547DB8CD5C358D62FDAA9;;
ES-3205036-28E0AC19CDF14DB4B8729B0525A587E0;;
ES-3204351-E6C0D2E060324FC28EEC647DD19D547B;;
ES-3205176-9471FA44B39A4076A43CB9F6F7A8E0FE;;
ES-3203353-6DD1B114EAE04219A5F5059088D63727;;
ES-3201159-9A312791C2264A349A6AA16DAA4FFA90;;
ES-3200805-6E3754FA1E57433C870F39FFA6D1F2F2;;
ES-3204609-E0FD91BDB34945C983CC27CF3B1AB458;;
ES-3205176-785EC3328F78401D9F7E540316345A44;;
ES-3201704-97082D71E9F6490CAA1E9C60FBE196D7;;
ES-3201159-2BAE6D0C991A4FD88431CC9C004D2B71;;
ES-3204906-F739A95A487441A2820583B869FFAFE3;;
ES-3200102-25BA9C085311439592488373F25B944A;;
ES-3204302-36AA061A8F6D4769AA1682AC117127DA;;
ES-3200359-F4BC19B30F4345A087D395B8ECC9BBBC;;
ES-3200201-D0810698F7C043F68F1D8F46E2B99DFA;;
ES-3204500-D246F204952042F2BEF115F0B059EC3B;;
ES-3202405-318B8F57204D4E4C9F148AFE9EDB6CDD;;
ES-3204609-B993B48CF90046B9857CACE60A234318;;
ES-3201308-890473C3DB4E44F6BA1DEE46894E6F8E;;
ES-3205176-F3670B7E50E740EEB29E092A7120195A;;
ES-3201902-A50B2821F1B947BD8B7F8FD3412DBFDB;;
ES-3202306-9E14FFFD909043DFBFC1492AA277EB8A;;
ES-3204500-7FFFEA9990BC43EFBB1EC8CDDEFCE585;;
ES-3202405-8425E45520DE4D88AA8F8502EACB6BAC;;
ES-3203353-280BD91AE4384B8F8BA398B65990B175;;
ES-3200904-2365FF4F33C1414AB0BBEEDBF46652E5;;
ES-3203205-46C8A2DE8EB14823957CB14C09EFCC65;;
ES-3200136-8DCBA32B46BF432D87ACD3F6237CEB82;;
ES-3204401-6F7909B7ED6B4AA385C99B5031B1D23D;;
ES-3201902-4AE8C8392E094604A653050CC52CFE74;;
ES-3204906-BFC24A761286478FA118F6E9F42F20EB;;
ES-3202454-2A1CDAD64C774CB2AC2436A491B8E43A;;
ES-3203205-ED5091E33B1C45DF9D87FABB7646C2AF;;
ES-3202405-0F7A32F9384A4DFF886C2A767BB3FD16;;
ES-3202207-1343B51E38E54E5196938AFA170ECC8D;;
ES-3204807-9DE548ADE0DE4821AA24610299E88997;;
ES-3203601-52CD099E8DF84C52A00EFB04C96C7157;;
ES-3205101-80BDA8E2962840EEB3D51CDC0A88763A;;
ES-3203205-AA201B4DADE84861A993A00F2B8CE036;;
ES-3200359-DE43250ECF56484D939314006B1C4C2A;;
ES-3200300-B19DD5E5262D4F78B54981AD5C999302;;
ES-3200102-EA44DB630CC2486E86ECFBE7710660D6;;
ES-3203106-41989B6A29954AA3B8C82B3010389FEE;;
ES-3203601-D0801B0809BA4A0D841F479E2D23E412;;
ES-3203205-6C620316D1424739BF37F97DB8B34417;;
ES-3202900-7A03BBF0A39D4FF688ECCCCFEBC5195C;;
ES-3202702-C1A222CCD54E491096C95C461A87972F;;
ES-3202207-816667A467624EA29FE57A233C97CB0E;;
ES-3204609-9034A90C80A74611AA49B6A9BC05686B;;
ES-3204351-DE7659CCB3084830B4BC58B97BD6ABB3;;
ES-3205101-366D4104C7404AD2BBDCF0916F3F5534;;
ES-3202454-709A95DF2B1A42C6875EDDB6F2AD9415;;
ES-3203601-0428CE8CD3554F4B922A19C037560FA2;;
ES-3200300-253D73A0630C45F08369EFD1AA745C4B;;
ES-3203304-362755221E274DA1AFA1EF8F21320658;;
ES-3205101-4EC981A604744D38A3FAD257BACF75F9;;
ES-3203908-51DDA1AC46864DA98908F6B55A191100;;
ES-3202603-C764C0C8E73E49BBBE182AFE934466BF;;
ES-3203130-A90B4E7E0E6C42F988E4919409E83816;;
ES-3205036-7C8E1B9AAD53434EB2F8A605672D51BF;;
ES-3203809-4947CF766DFB4DCD89A36CF8427D01C1;;
ES-3205101-EEECC16C3449479B9DE5877F655CD767;;
ES-3200904-D2B75E1CB2FD4EDCAA4C520AC1EE64CE;;
ES-3201902-E36F29C843F048AEA5D6A610F6844F1F;;
ES-3202405-515D68D1E55D4AC29B5B809347405E13;;
ES-3203700-0C487C1A6A1942FE89341D81663A446D;;
ES-3204500-4A763DEA088E48A59237F4715507CDBC;;
ES-3200607-9EEBA53A05EC4048B1DB38B97A9F7B84;;
ES-3203502-BA86ACC80E7C48218B0B906A729AB33B;;
ES-3202454-A67B8D14A0B34F36870F45FC97F90799;;
ES-3204609-D11A039B09544C519543037AB19C251D;;
ES-3202108-38AB5A7B8E384968BD5C403D707C0EE9;;
ES-3201209-8EF426D83F9E4CF1B892C769A78FF3AF;;
ES-3204302-E002BBCAB3B54EED870E0D21230380D8;;
ES-3204609-BB68A6D9EB734478B63A9B6FE51E31F9;;
ES-3205069-3DBE4CEDB3574CC298507A990A94FF9A;;
ES-3202603-F181FD9A128D414A8AE09D127A829FE9;;
ES-3202801-4F1749C084BA474896044A9FBD4C9466;;
ES-3202504-C959B62276FB44759F2CEB2E77A51BCA;;
ES-3203403-0E6222336E3542538E1DC053E90F322A;;
ES-3202900-82AD1440ACA841769AAD545BFF538286;;
ES-3200706-E75B344DC4D94F069350B70513F78934;;
ES-3204351-9B347EBD6A9C4749B87F445C18132E0F;;
ES-3203908-3F5B0BC8344249D89BAB9F5A6B86FBAA;;
ES-3204351-6B1090A2DB734BDFAC0BF70568F6A6DE;;
ES-3205036-564CC3B539DB4F7BACBF47695A172AA1;;
ES-3203320-893344C369FE41A89F98E1849F42700C;;
ES-3202108-D6E06BD46DA34945B790176A968ADFB6;;
ES-3204500-3A9756D124924B278D8C122FBB8006B3;;
ES-3203320-EDD0E614FD6A49D8A5117D5FE0CD082C;;
ES-3203056-851D1032C462482D90125C60557F1541;;
ES-3202207-1215D67695EB401DB8530DB8BB3E1580;;
ES-3202454-D8719F83FD244B9AA420564FB376BCB3;;
ES-3204906-0BE5214522EB47E7A3A01F96FBBC2A25;;
ES-3204559-027B0D8BE76F490A8EE8FB5E1D443183;;
ES-3204500-947674EEADDE4E27B5F23F81CFF057E1;;
ES-3204559-29BF627DE09B4AFEAF8A17381D98C72F;;
ES-3203403-A309B47DEE194A689555326A00108020;;
ES-3205002-0552B609E17C4DB3821E97B8199CB594;;
ES-3201001-57D5327AA31C41CD88EE9912370DF824;;
ES-3204955-5332D78AC2CF4CBEBFAC721D8C67FB57;;
ES-3204906-2A7A4051964647CBBBB817D516B8EB5D;;
ES-3204559-53CC98E6708B422594D7F4CABFD3D3E0;;
ES-3203809-FD0CD5D3A59743148D6EA5C7D9587382;;
ES-3205150-0C7D2B62A2B44646B9DE8325B6766D25;;
ES-3205069-69C277966DAF4A65A3F105B9A8145371;;
ES-3203908-247E19E6B6C5454C8DBED8F48D999736;;
ES-3205069-428F352D1A7E4D9B9B7FF7816FF1E031;;
ES-3204559-15FA0C7004A846119FBE1BA9F9F6D362;;
ES-3202108-F8C79C9AF29B4CF69008F4BA84E6A179;;
ES-3203163-FDD50429EC20418DB854FF198622450D;;
ES-3201902-495B4EE0720948FEB03C91FB5D91DA39;;
ES-3204351-C3354BB78BAF4D26ABA958EB93BF51A5;;
ES-3202603-8F462E151B0B4A2FA0630FE58592E8F3;;
ES-3204658-6FDCCEF03CB049F8B049FFB3272D6648;;
ES-3201902-B9B7BC6E2827436D85AC002DEEA904A8;;
ES-3202454-6C834603D82E47E7ADFB632811CA90F7;;
ES-3204708-5914A4199273408BABAA52AB0130D909;;
ES-3201209-36D2B75004704355B415181611B9D440;;
ES-3204609-284B19AEEBBC440F96FD1D0C1417DA5C;;
ES-3205101-1316764E1E73481F80AE0074BFF9451A;;
ES-3203403-3272F50E8B1E4F9F8BF3FAE55349E361;;
ES-3200409-99F5DFB1C0BA457B8DBFEEE37078FC42;;
ES-3201308-BEFEB325D55342DE9FFD0C7A139070E4;;
ES-3200706-61B044D9FD4645BB9F24169C20152110;;
ES-3204351-3D677B501CE447299EEBE5ADD7D2E23F;;
ES-3200169-0CB59C0E67444C67874C8F235E379AC0;;
ES-3204906-34E3EC16CA814784AC25302AF2A947F6;;
ES-3203205-AF900E1287394BC5BEF42BF70253AA1D;;
ES-3202207-1BCE8A0F784344CA86E61F1CC3F106BF;;
ES-3204609-7F8FC0BCD02D4EC4979D19B7461479A6;;
ES-3204054-E9434FD4E1E64D0CA8CF3EE5888BDE2F;;
ES-3204104-8D590FAB82FD4B8082D33FDFA20EB822;;
ES-3203908-13C0A7A29FC6440EB866A7D445E8235E;;
ES-3204104-0040DB4B83E243C9813037105D34AFA5;;
ES-3204906-1498A44D79A2417CBD8FAEED2C053596;;
ES-3204807-47AB75D1F3944C37833807D2E735B463;;
ES-3204351-C8FE3ECCC57543E9AA9A73EA89380CE8;;
ES-3204559-8C1C0B8F75834BCAA9CE382EFD910869;;
ES-3203908-80359E6159344717A00DC0F48FF52BA0;;
ES-3203205-C9ED945DDB534AE3B51DA0AAB099C261;;
ES-3204500-A14FD5C022B542F08BEA451F1DF24688;;
ES-3203007-2E6029AA4C5B482FA7BE49963537E860;;
ES-3200607-1C12042ACBC84E3980E8515E571B11C6;;
ES-3204559-90AD03074CCD47C1B75E894520A1F176;;
ES-3202405-4C4DE78021514006945C83ADA43BEE18;;
ES-3200805-042A2F058BFB40BE83CC37E78B3FAD92;;
ES-3201209-6682C22C47134009AC3D7072F43D88AA;;
ES-3204906-F194A78EC4714024BA3CEF39A62C9BC7;;
ES-3202801-B6333CDDC50940E0B5B7B98038D596E1;;
ES-3204906-E9AC17D03F53400AA9838AE3953B4B97;;
ES-3202405-4524D66E6CDD4851B8DB04B7CCE8BDE6;;
ES-3201902-C81976FA21FB45FF869BEE47151D49D3;;
ES-3201902-839410E5449440BAA794A8B1A22ACB70;;
ES-3204500-5EF39C00FBA84F95B5C8BFB075DA14F8;;
ES-3205069-79DE817976F94611A28DCD071897E578;;
ES-3202603-81A30FA6DBBF4F9AA4C60EC22AFA0E15;;
ES-3204906-EF21A021858245CB8C0919A5137AD1A9;;
ES-3203700-3C74D5FC9500465FA37E9E4B407F6EF6;;
ES-3201308-974538F477B54E2E9848427E92E51D1B;;
ES-3200300-464333ECFC514D7EBC8E6248CC4B09F3;;
ES-3202108-E574C66C3B814F4EB5264083C1C3DC7C;;
ES-3202108-688815E6294F4BADBDBF15B0AA3D9F62;;
ES-3200607-B0C228C9B6DD40DCB873F382506EDE55;;
ES-3200904-D357B205A7784B9585E36BEDF32EA8BD;;
ES-3201209-CDC8B9A005664BFDBC42BF835692AC47;;
ES-3202207-90EF3907754D4DAFB2B3685D8735DE8B;;
ES-3205002-9451BD6D23A441B6AE3F6BAECED0885C;;
ES-3200102-C3684D4E6B384C4895D7E4DF687D3BBE;;
ES-3203130-99478453BDFA491CA57CE78F76D5CECC;;
ES-3203700-C92D3B27A55C489F98DE5FFB7ADE4A3F;;
ES-3204559-EACCF9CB2F6A4C4C954801D002B68DE8;;
ES-3201506-AC64A7096BE345058D0A5A15DC8CA72C;;
ES-3201506-97CF0464D32D44FD82CC5C7E728A2D0B;;
ES-3202553-6C656FBBF1F94808BE09936E83720131;;
ES-3203700-BEEF091B0F374C38925645B8B01A8010;;
ES-3200201-A4A6DCB3A460403FB2B85DD6E85DF6AC;;
ES-3203163-89FDB5E41434486E80692A2F6EA1F8A8;;
ES-3201506-1C1CDBAF2279485DB651DB52A180FA85;;
ES-3204401-548A6D1EF9154D4392BD7B9597BCA447;;
ES-3204005-CA49DFA957624356A7BF62F09198CAD8;;
ES-3202108-EC84F094A1DD483ABF17FAC72B42D30E;;
ES-3203205-847CD68858134F9ABEEE25BF594B54CF;;
ES-3201407-CF70C26E95144FF98B800880D6607893;;
ES-3203320-5B1F979D22104536A95D0430ECDC1235;;
ES-3203700-C037D4D6AE844D5B971A9226D612AC33;;
ES-3202801-80F30F57FDCB40598044AF3C3543E808;;
ES-3205036-6C1CB3DC35D845FF91CBA73FF7904F30;;
ES-3203304-BB4C624870214B9383C10D38E8863867;;
ES-3203130-A5EE463AC346402586579A0226BA75C1;;
ES-3204609-24613026831C4370AF894211A613A2F2;;
ES-3201902-BADFFB68C8044827861599982000082B;;
ES-3204351-3EB28CC2F0EC46BCA8A38D482FB9EA51;;
ES-3201704-F935E714B431407B9D3716C7F5039313;;
ES-3204559-F8B20493993B44C79DCFCD9BE477027F;;
ES-3203601-E99F23674E2142E9BB704C25CA372995;;
ES-3205101-5783773D9B9B4933992B0834A1791F0D;;
ES-3202652-D1420AAD835C415CAB9A234E3D31609E;;
ES-3205069-388127134B124D08A831B635ABF948F8;;
ES-3200201-61C96B14EAAC48F28690F05075224185;;
ES-3204906-F57B828CB7FE4161AD1C93A7D8A7EAA0;;
ES-3200102-E5CA03455B7945C78423D97945AAA528;;
ES-3204906-C3A7945A8C514D66BE797A400FE24DDD;;
ES-3204559-CC1B5DEFF1FF44BC874CF1D4F246B516;;
ES-3203205-F3780BADF24A4400892E71DE56206350;;
ES-3202108-2A0EEA669A634813960ACD1F9EE1E353;;
ES-3201159-E96B2E0A355B4CFBAA740C6D66ACECFC;;
ES-3200607-F81F50F5CC12432FB5BD10262C8B42A4;;
ES-3202652-F4DDC5D757804D63AA8C3926BD37C8A7;;
ES-3201902-FC3ACDD72AB945D6B35EFF90B2BBE0C0;;
ES-3203908-FB12504426DE4FBDA337C80699455BE1;;
ES-3202801-46D4727193AC44AFB83D2D277BFB13C2;;
ES-3200359-060202A3BDAA471AA1A47B0C8DF6A337;;
ES-3202108-804BF0A3E7CC49F48AB4C68F83908E8B;;
ES-3204351-99F96ECF3B41412DA2B5BCD25238B75B;;
ES-3205010-1C26D482EE654BD0917D74DBB76F5895;;
ES-3204559-C384BBEBE6C14276AD57D8639E88F718;;
ES-3201159-7B1C9A9A2CB7452781CE6D7FB6307936;;
ES-3202603-634B5B02C70C490D893F926D3D17D912;;
ES-3200359-E80AAB4548FF43A49F3A7B6B934C27B8;;
ES-3200201-D6EC3B639078429EA506360DD77EC95A;;
ES-3201704-89059B758E664399803C8555E4B0E89A;;
ES-3204906-63E1BC00C00E44E9AC8EEE98FF290FD7;;
ES-3201902-D1FE0ED45A7B41ACAD110F98C8B94CCD;;
ES-3202702-30E57C3377B2421D95696A78B552560E;;
ES-3202207-3774064648814E3B9290B6838E41D8D9;;
ES-3204401-38FBAA84D3A94D7DB7E3B546FAD13533;;
ES-3202801-A34B753133994353BB16065BDB08BCB3;;
ES-3204005-05F9A16152EB46C98D7BF44BA1711BCA;;
ES-3203130-6C3B7EB8ECBB46A38368941AC036E05C;;
ES-3200607-CBDE607C011E4735A13E000CFB905C63;;
ES-3200201-CDB55D64B916465CA717DBDE46332E20;;
ES-3203353-255EDF69BF7D4F968B99DA772BBC63C3;;
ES-3201159-FFC858E5259C41CABCFCB4CD961C8861;;
ES-3204609-1369EF54672E42BFA4C152E192373621;;
ES-3202454-5CBCDE3269174C628D181B1C46A6D122;;
ES-3203320-A1148A4806A8463185B68EA4CD4F58C0;;
ES-3202801-4A686C1F46EF416D8F726AA9A80415D6;;
ES-3201902-04E1AD25D5B646A3A79649406E3F54CC;;
ES-3202256-0AF89E85921D4A22B35ABA7FE3EBB384;;
ES-3200102-DE6C047B800646D68FF033DBDAEC390E;;
ES-3205101-6288060172A64B6FAB2B8756447E7848;;
ES-3204708-744C074B58F64DD3B7D287C4389D3567;;
ES-3201605-9B9E225C76F84F3F9B0CED41015F8E16;;
ES-3205010-F7123044545E4D91AD72DB6CBD2F4E57;;
ES-3202702-897F62201C034EB9A2EEB127A4813048;;
ES-3203205-615C7276267F460388B7F6828990B50C;;
ES-3205150-AB00838BFBDE401D832721A6D5702369;;
ES-3201902-8FB9AD967EEE4896AD92AE3A7BC09AED;;
ES-3205150-D5266EAA6EC247A9BE3E5049FD1A9627;;
ES-3203700-E1CC6363BD314AD9BB39A49A51160564;;
ES-3203130-21DFC76284984A788FAC12C596017872;;
ES-3203908-50FA8D93A24440529741201541AC4AAC;;
ES-3202603-064F236B3EA848BDA115E7D014DA285A;;
ES-3205002-7962F8B5972041F293E9BDD64D57E32E;;
ES-3203007-AF00F59A24AF420B8D1CF813ACA37047;;
ES-3204906-F5A1377AB5C747A28E04D4C5F6D1D261;;
ES-3204906-138959BD35B047BCB52379DE609BDAF6;;
ES-3203007-331EAB7739CB4ACDA6F54E9CEE141E39;;
ES-3204005-877A73EDB3634382A351BAE020A5E94E;;
ES-3202603-A58B3BC1A36F497C83B4F65CDD668772;;
ES-3203908-5C03CCDF28424679AC68CB78700CD5BF;;
ES-3203205-50AC59DEADEF49949D8E06DC3CCE82BA;;
ES-3202306-31969D4943E245DCB1F961516225A3A6;;
ES-3201605-44F5EA1B4FBF4374B563A5E11ABF432B;;
ES-3202504-995D08AE8325448D9C67006A73D96CCB;;
ES-3204906-4DFDC46626474D2481EB47621010EF52;;
ES-3204252-9C4A953F54A64637B00A2647556EA84B;;
ES-3202405-269EC651C6AA49D69976BDA47C25AADD;;
ES-3202306-E15F14C1889746DF9034BB4D2BD32284;;
ES-3200607-87AC02690D1841E0A6984007FE4FDCD3;;
ES-3204658-AA3E91FEB1364D308D4C36A3E9781012;;
ES-3203320-EBA98999ACE04D42877B1CB273F75777;;
ES-3203346-39889A1E6AF44AA1972A4C904F5A0D8F;;
ES-3200607-EF284ADF5CAB40F5A535FECE50BF1D79;;
ES-3205036-78C3CD5AD2274BE0B2847BFF3D8D7AFF;;
ES-3204401-F2E9EF664ECB4A14AFA75FC1F01F88A1;;
ES-3201407-E7B16A9A1CED4D7EAFC7DAF36B77AF9E;;
ES-3201902-CD60C9DF17114B9A99D758E8E80A7E1A;;
ES-3202652-1BBC11C38D4846EB89FD2494B47A8F10;;
ES-3200136-AFD3CC3BC2E94E56867A91CDE277E318;;
ES-3204559-401D71517B35480FAD4C2E4473A45570;;
ES-3202801-75C96766F60B49B89F9A3234665C59DD;;
ES-3203304-F551C079EAAD4925BA4B8B5DD489F175;;
ES-3205200-33EAE13562A141DF9E4794D9AD78884C;;
ES-3200904-668C021170A849A28245A1A050A14471;;
ES-3204559-A2A3F937AAAC46DBB4873D930FBF259B;;
ES-3203163-B4491F0286DF493C90DD0D8D218BCBE7;;
ES-3205176-5AAE67BDE3754519A65FB154832A29E0;;
ES-3202256-DA200B1786CD412580AB2252A38D08CD;;
ES-3202702-B8717D85B95144B2BB8408269A254E67;;
ES-3205200-4C325F857D76448BB8B8C6F4B63EB474;;
ES-3204500-125B63DE9ED44EA989C2F74BA019E4B5;;
ES-3201209-EA651697F3484E288CFD80D1C1C1644B;;
ES-3204559-C99E3B11AAAD452286748798F81D063B;;
ES-3202405-7470063130994A5581D15FBCD802B305;;
ES-3202801-2BBDCC6C502D451880711080F572C815;;
ES-3204401-B5A13DA6C6E245DD9ED88BEF74D0336D;;
ES-3204609-E3B4EE2A91D84927A755109EA010E752;;
ES-3204302-E64471EB9B994B269841C8C1EC4D7CFE;;
ES-3204559-96B404E904CC4DCAA0C9817F4D7203CA;;
ES-3203304-2B139BE9E8EF406BB4A0E5010A493002;;
ES-3203908-414C1C53B6264A16B7B9BAE45297B96E;;
ES-3202504-335DB5A52D1541A28882D26C26E4CBA7;;
ES-3205176-595CA7B15D514FFDB171693D756BF5F8;;
ES-3202454-9758B466AEB345A39496E69E7AC6A6E2;;
ES-3203007-D556E80ABE634145A7EABD726FE86F80;;
ES-3201209-53DBD2AFA42643D6BB744609A6F44806;;
ES-3201506-4B9017127B564CE8B3B5E33BF591C31A;;
ES-3205036-71A786F0CD5E421C8C0B42977FA6CCDF;;
ES-3202207-DA23E8BB8B124F0D8E4B2A800BFCF35B;;
ES-3200706-D5DBC56F1F3343BB8DD9DCCFA8C4E5CA;;
ES-3202207-E7A837E5C13743A7BA159342D1AB6879;;
ES-3202900-BEAFDC610E23402BA1752E35EBD65CF2;;
ES-3203403-F876CBA22300486E9EA068D9F4866F78;;
ES-3200102-BCF21D26606B407E8C505A56D3291380;;
ES-3200904-6EB05D4BC8A4410FA74C770C1F72502D;;
ES-3204401-A1A484E727A64C52941C5615A53E99DB;;
ES-3200102-C34ABBEEAAFC4F9F84E20677624454CD;;
ES-3200300-33959BB14D074C58B512D421A7DA28F1;;
ES-3204906-3C447389D20442C88A794B3D4502D733;;
ES-3202207-68E4B671B94D4F5898958C80D479E4D0;;
ES-3204559-EFA9587E55BD4D3FB5508AC1F662873D;;
ES-3201209-2E1A6FE25FCE4CDF9783EA3B7524DC3A;;
ES-3202108-FAC7B4EEA2A74A9B85244A2A57ABC8EB;;
ES-3204708-386AA33A998C45149715C8859E3B6C32;;
ES-3200904-355567DAEF804D889A818612E149276C;;
ES-3204906-D3CFC7C2161F4176B00D68F70C004133;;
ES-3202405-4EC7937288B34F2EAEBA70BB776054CB;;
ES-3204906-C20E0F9D2D1544F88A696AAB36FEC2BC;;
ES-3204401-7F3379670212415DB59571CD46FD30DA;;
ES-3204559-B88821C536364B5A80281F4ACA6F7F1E;;
ES-3200359-5A97CED06BF6488D920BF5616EEB4BDE;;
ES-3203502-8FA9418C4356417B8B50EAFEE98A9F3B;;
ES-3200102-C14538B3F93047BCBF79D09D701F9EFE;;
ES-3202108-3DD26F91BE1E4630918B87D5B4853B7F;;
ES-3204609-B712619A59664FFBAA71682B3F80939A;;
ES-3203205-36D52F8682E14049B35E0F63A0F80BF0;;
ES-3202702-DCC6FB5EC3CC43F8BA24381BCF8C2DA9;;
ES-3200102-68015C3B09FC48989C019839A4575C18;;
ES-3203304-2400F5C3C5FA4D1DADF5CB6BEA5FE425;;
ES-3204302-458A481B75034A48A46118ECA9A9CAC8;;
ES-3201704-215621BC7E39473880032014BF2788A8;;
ES-3205010-82F40BEC7359460083461E91203B6A65;;
ES-3203205-F3E266FB09CC4D30B127107B184DA972;;
ES-3203007-F072C8FECFA849659C3FF59402279338;;
ES-3200607-6ABAD07B6F5C4735963EF61184E639E7;;
ES-3201902-BD30ED8B8B274F7D89EDA571D3A15A9D;;
ES-3201209-810511BA12414D0E944E5E11B8CC03B6;;
ES-3205069-03276365AB254FA7B67232360EDF4228;;
ES-3205002-CE2C526481B241638997ED0DE89CA9C9;;
ES-3202306-4DFB4DAB5EE84C6AA2F63B47B1EC657D;;
ES-3201605-A895BE3CF29D4AC69978317BE8081CE7;;
ES-3200300-5BDAAB1BA7A24B0EA8B80F5CA05F90B5;;
ES-3200300-DEEACBB528ED4230BD924489F5B9B609;;
ES-3203205-AC6CBBA7D0DE491D84BBBDF8719855B9;;
ES-3200102-7417AA43641A4127B7EFA4EDDC81FA50;;
ES-3204559-1DDA9A981017445DA8DBCB96B18406E1;;
ES-3205101-EF5EFCA353ED425097EFFDC48AA0C05C;;
ES-3200409-90C39156CFEE4B0EAC4CA9B410864A5D;;
ES-3204401-888F32B0F2FB4A60B45A1F165916180B;;
ES-3202108-4FBF07A9F9B24AB49CA7F0E530DDF0E0;;
ES-3203304-6A7740EB78E14A2893A86DC41E932B5A;;
ES-3200300-58C1CBEC7E47456EAF3C0AB191807E5F;;
ES-3201209-33348080A3B043EB8F296E9043B91FBD;;
ES-3203205-63B4985F1DA0452A86F744B1DBF78DFA;;
ES-3200805-0D77D3954A8D4D3F889478570F3E4FBA;;
ES-3200904-CA3CD73D57F54A7CA6036289E6BF4F03;;
ES-3205002-A9935232182E4591B9CB766BB301F358;;
ES-3201407-A4D786DD19044D768DCF85E7C304BE27;;
ES-3204559-57C7FB41B458444E9A2B5B50184367CA;;
ES-3203205-4FBE631C621D4AF2AAE36E94B4EED5AB;;
ES-3200805-16909DE29449477F9C40D1F6CDBB5EF7;;
ES-3202108-5367EBE96D534313980BC2EAC2A64156;;
ES-3202108-F9BF84B6DE3B490EBEA2C620C2D923C7;;
ES-3203908-F5BECDA658324E27B5F965FC9D75F9CF;;
ES-3202108-08F1950C15F34839919B9A0EEF1925C6;;
ES-3202900-6262912E6A4B406E8A9AB53DD7391465;;
ES-3200706-FD3CAE9015754D3A8BDA5B4D6C4C785D;;
ES-3204500-05EB6834BC504B6886E99679C0AEDBE3;;
ES-3202009-B4BA46A927154AA9A376891E913872BC;;
ES-3201308-465A3EC5EE084E1080C9515734C7E625;;
ES-3203304-19D7F2F7F9424BAA818BFA389D3DC5C7;;
ES-3202603-99341647B12743E58455B177CF241D5D;;
ES-3203403-6595C88BCE314B85AD9070DD26449E56;;
ES-3202207-DBD35549CE9644DFA9CF27E307DB801A;;
ES-3205069-D28E087089BE45A2A158E8E4A9E8C72C;;
ES-3203403-60280336456A4DF59785F25BDF420174;;
ES-3201308-FA4840EB31564EE992A8D07014A440E5;;
ES-3202603-207A6B7F36FF4693A4773516B6E53A40;;
ES-3200201-BB044611F5594C94AA2669291881F76F;;
ES-3203205-0D88AC82C1734B8F9653BABE5697DBB3;;
ES-3204807-7C9D800D32EC4B0EAAE7CF969A5479E4;;
ES-3203007-4CEFCB2E77724C4FA3BD0AD16359E8BA;;
ES-3201506-F4F9940B902D4AFDBCCEDE5DB280E5C5;;
ES-3200300-1F1842CB953342FC971140E429B0E127;;
ES-3203403-85B460DF46E64543AB8C856BE67BF702;;
ES-3202405-F8442F016936432EA4B3C112EA24C61C;;
ES-3202603-8FA28A74E7CC4DC9BEAC2383187C34D9;;
ES-3201605-2A1A979F50674A81934ADA703DE24011;;
ES-3203908-23B39AA5D4064FCE97B477E46C4CB208;;
ES-3201704-53A8B38B4CCB4C6B825D1395A8A68D92;;
ES-3203908-3A9DD2CFD3C54BE69BCA937CA9539DBD;;
ES-3203601-CC63D2D8C6C24243B562758C0D975FA5;;
ES-3204351-8F50A02DB81D41B7BEAEE636175013AC;;
ES-3200300-44D876193EC6463492A8AAAF89800EBF;;
ES-3200300-5E4FB8A7525C4B45A0A26F7C845D32B2;;
ES-3204609-BB5B3B5ECCDA4149943665DBA54F7AA9;;
ES-3204906-F08E9772001C4E44BDA21FF16CEAF0BA;;
ES-3200300-E1A38B8A3F214BB8A2A1522276C7B1A0;;
ES-3202207-7C07809FD1E14163A01CCFF79BC5D2CD;;
ES-3203403-FAE9D599D8F34EB49B0BF8DC1B293780;;
ES-3202702-4F1287CEF61C44DB853F29F11B8D85DF;;
ES-3204351-A1F34AAC26164F7D995E508EFC47C3CF;;
ES-3204104-A1FE7728A8A648228CF8B432C13BBAE3;;
ES-3203403-F0DC3AB2304B4B28AA1142EF485F07F4;;
ES-3201902-7C80283FBC0B400CAD6F2E69BB2ED379;;
ES-3202553-0E112CF2171D4CAAB6B724C09783845C;;
ES-3203205-413C21CE54E84D989648412C22A5A939;;
ES-3200706-C17B16B6B47A447FB5B94F2B68878928;;
ES-3205150-80F06E46BBCA4102BA317A5C7F7017E7;;
ES-3203403-06FB2D447CE34C2C9F8887CF5DE3C25F;;
ES-3200805-1B4070DF96904DB08DE974B2AE33F764;;
ES-3204351-E3885C424F5647A4B7BC5534DFDCC76D;;
ES-3203353-E4E19FB4BBF64F689DF80CA69A4C5E2C;;
ES-3204609-E5260C8E420C4F58BB9F9202D1EB9818;;
ES-3204609-9D857A29D26841F38B6284852F8087D4;;
ES-3201209-D1F27AC1C7EE415587C5B2445F4AF9FA;;
ES-3205101-C89CA7AE4EC64A0E9132472EB21DD254;;
ES-3203205-256B8AC07DF74E409F9E617EF820B2C0;;
ES-3203205-B4DAA6570A1546A388EA589A8EE7A02D;;
ES-3202306-4ECA83B091FC4A878273A1A4766E7BE6;;
ES-3201506-776B18087BF040AAAAFEBD872ABD97BD;;
ES-3203007-E334842074064712A3E100CAB95060DD;;
ES-3202108-A71EFCCEA82641C1BB12EF3E77F8E963;;
ES-3200607-50E5EF4D3D074A55B83CF567639A79AB;;
ES-3201902-01AD0DA3FA3E405FBD4FFC267E828D70;;
ES-3205010-A35766B83BEA40BF9CE561570B26825B;;
ES-3202405-44C4775536414A3B929B0F10B7AB14AD;;
ES-3200706-0B413888CBEB41CE8D2875B88F70EA48;;
ES-3200169-418672EB5E9842AC815CA93FB9F1D4FB;;
ES-3200300-26907332ED7540D1A0DD3752D93B60B3;;
ES-3204054-4D758847158D4E1698D505776450C53A;;
ES-3203908-66505878BEB141F08DFD1DF1FAC2A011;;
ES-3203163-62ACD60EC3CB43D2B8788A9352630190;;
ES-3200102-ECDD4F6C166A4CCCB22A7868C94A724F;;
ES-3202603-E3ABFCBF9FE2412C982882497B183D30;;
ES-3203205-130FD28F260745CBAAA63771D3D3697B;;
ES-3203908-24EE01B89A044B5B89854587F40036A1;;
ES-3204559-DC6543F1433F4D20929FE7E7F5417A7C;;
ES-3202207-7CAFE14AB6E74FAF9C0F0C1854780789;;
ES-3204559-5C9560D9F7264756B4BE59D7100EA616;;
ES-3201159-651FEEAC11114A4CB4557C326938B62C;;
ES-3201902-6A566E27A14F486BB7A28E6B607D625F;;
ES-3203007-A671A31967824A13B3A1336639914F94;;
ES-3205036-A8B4C51B390D4541BF640710564D0844;;
ES-3202306-1BD40A0D32BA48379C19734D0DD53758;;
ES-3204500-23A933EFC2A241638FC519594F1C5870;;
ES-3205002-F6359821511C40AC8671FB0C6408D6FD;;
ES-3205176-E6E5D62E52D84E06A1D4B68050A37D3D;;
ES-3205002-22C2B56230D94569946A4A976DC5B513;;
ES-3200607-D821D98531A44BA78C8D462836E5BA12;;
ES-3201407-41A7631973B04BE389CFCB1E52D916F0;;
ES-3205150-286DEC34D92844F6BFCC039F7A9DB969;;
ES-3203346-B77EB7D3DD8F4F3CA7DA4660351860B2;;
ES-3205176-6BA855CCC569493A9D13CD28C1AF5A29;;
ES-3202207-723B307D0B6A4A4CA33E207A976D8C02;;
ES-3205036-96D0D66CED0140EE838C30A476C9C62E;;
ES-3200300-1C5F66BD43E647E3AC68D33799A425B7;;
ES-3202405-A5C718E4F3764B839E84540FB03F6746;;
ES-3203205-E72D085C1A704C67908078E20690C31D;;
ES-3201902-D8EED0B9300347998591124C03297B5A;;
ES-3203205-25CB8555F55C43F68C4B76BA3B6A4874;;
ES-3204302-0265D69C24F0431387A0245E0B5BF0B3;;
ES-3200904-797B96E7F8C04AEC9ED23420AC38FB73;;
ES-3204658-23FFB830392642B0B827CE7C465721AC;;
ES-3205101-7CE9165530FA4AA4AA2F0CA7195D1F4C;;
ES-3204500-DD66063483734EA18D3D1CC4238E3BC5;;
ES-3202207-864C769CB0C44FE89A5248E7ED557E43;;
ES-3205036-DAC15416F77144A7BF1A90B04A24EA44;;
ES-3203403-0C7016152C0441C2A2699E5238196D1E;;
ES-3204302-27B9E0FC3B924D939CB03F86E7171945;;
ES-3204559-5FCA8653815847568519D16422E4E469;;
ES-3201407-DF03836A01C1436AB4D0C2D24B6012F3;;
ES-3200300-05BC148027734A869AD0EC6D4428AE15;;
ES-3204906-5E3864D9D3D84379BBB22887580CBAFA;;
ES-3204609-70EE1694C25E4C569333E9B4D9C494A1;;
ES-3204609-BBDF005135944D48B956752B111BC528;;
ES-3202256-F923B44B727544A98557BF82705D5881;;
ES-3203353-8EA0735636584F67AD2761DE9FC6FA0D;;
ES-3201704-D43A96EB987946B29182EAD0FED1307B;;
ES-3200169-8CF9A0AC1D6B4FF5A5FA9B88D6997665;;
ES-3200805-E1DE51B280DE49A5921EFF85EBC4B34D;;
ES-3204203-B76DBE4494E141A49609FC2CFDE00799;;
ES-3202801-41694A98057948F884B1846495F5D433;;
ES-3200508-3C4AEB4D96DF48C0B0FD6FD0EE749397;;
ES-3201407-E24A3E1F7236404E95542EDA03A535AD;;
ES-3204559-4751E1249E4147299BD8DD4B24796DAE;;
ES-3203700-491A08C9874640698577B65018639125;;
ES-3200359-27B1CB4F58C949B5BB1FC91E2DBD9D60;;
ES-3202256-5478A5A2EDBD4897AC5AF8362D25E2A9;;
ES-3200102-10937B0B7F12473BAB51C95AC4F70D5C;;
ES-3203163-CD4F0F7564F94687BED09AFFA4B7E8BE;;
ES-3202454-558096B0161245FD8565FCD99CE6FBEC;;
ES-3202108-2DCF844FE9914F51A509DE9722C56F3F;;
ES-3204559-68D4485D2AB64D3F8224AF4015F87265;;
ES-3203403-ED35F9190F154A649542E868882846E2;;
ES-3204906-5129C8CC133C425F949EC8D138D8BA03;;
ES-3203106-6592D5D194C14CAA92A26190B34CFF24;;
ES-3202652-0EAB7515FED9401BAFE78D01DA304DCE;;
ES-3203106-BD22076A447C4B0EAFD05239911398C7;;
ES-3201407-C6DC653EBDB5428186913598F7B0C2E7;;
ES-3201506-D1F934D0300D4A48917867EACE250198;;
ES-3202702-C139727A4D6E4E57ACAE2B353FE40555;;
ES-3201902-4019151FC00B4B9CBEDE3DACA8FFBB36;;
ES-3202801-F3DB08BBC72D47FB9914906E25077784;;
ES-3203205-D4ACA95A51A84F9DA2AC58037D26C7AF;;
ES-3201407-E4ABACCFCBC0464BB7A30CF465421AFB;;
ES-3204906-A33006421D644FEB8D0128014F1C3FED;;
ES-3204351-F227A9600C4549D9A954304193191B2D;;
ES-3203007-2027DC3BFB884DB0A21E901192811F0F;;
ES-3200300-3D77415F1C234D46A54A968FEAB81105;;
ES-3205036-CA68AA1F44164A869687C6DDEAF57F67;;
ES-3204351-A9038E930F214705A7717FBB838F11B7;;
ES-3204906-4B9E3EDD38814931AF59C05DA03BB1E4;;
ES-3200409-DCB0767309994E188115F66C751F4CAB;;
ES-3201308-74501C0CDB1947B69024F768ABB81BC0;;
ES-3204500-C99024DE7DCE4FC795018463F3013CF9;;
ES-3200136-4B26A550C0494FDAAD43511D4EAE0EEB;;
ES-3201506-ED926898BF6546C18EBC88A850A2D89A;;
ES-3200904-2290BE26C3C741AEB657D1EA07D4638A;;
ES-3203163-739888B7DE9E4385A08705D7B5439266;;
ES-3200300-4638F2D65BC24817B054F66EA0CF0B7C;;
ES-3204609-6A3EFF0E8371489DBBF6C1878624B8D2;;
ES-3200607-75068E9C5EC143238D2078E34884E7D2;;
ES-3204906-8D907F9547AA4D00B44CB21F7452F1FE;;
ES-3205002-CE0576A39ACA4D0EB2D10FCCD005D64F;;
ES-3203205-8B40B8AEE6AF433CBB3EB24F2F5AE302;;
ES-3205036-E95ACA697D9643B5846C7F2CE9899375;;
ES-3201803-B96641699DD5489DABDAF438C7867DB7;;
ES-3202454-EA1435BFBCEF432EBC5502B54180B404;;
ES-3200409-D27ADB985F7A4B7DA2E8F68133CAE58B;;
ES-3205150-A7E2FFDBE460458E9AF8CF5646ADEBEB;;
ES-3202454-B3CA160F41A0482A818E0C3D3ABE2CB9;;
ES-3204658-D0BC8D13CD8844C09D73BE2C030FB0EE;;
ES-3202108-42A789828B29438D922946F9E83BB1A5;;
ES-3204609-C0D0331BC2734E0B8E2EA99179809972;;
ES-3202207-B2D0B12E95804DACB238B7B581A7C86E;;
ES-3205101-8D65B1731AF74ACBA71820942B04460A;;
ES-3204559-F7D1C107E0744514BC3C113D6936F2C9;;
ES-3205176-F01C1928DEDA42D39BD545782C093BFC;;
ES-3200409-2B8098BCFED34E6CB99220A6C73FF409;;
ES-3204906-2F7F1A9182F24B82AC06759C4794D080;;
ES-3205101-F20BDBCB489E4FDCA60A3667330BB05E;;
ES-3201407-AA215079E127469AA2887D102C3C95B6;;
ES-3205036-14A7A9804B674616825742D2BF4F1647;;
ES-3203346-7240F7B3F12B4FBD91158B557F8787BD;;
ES-3203320-E224FE291AFB409D927FA249C81B7F47;;
ES-3201902-64B8079E33AA4F8E8E7C17760F448C59;;
ES-3204609-B0ABFC8CBD8E475BB2DA514F5EA75B22;;
ES-3203403-C43573BAB6AC48E29472B2C1009E40DA;;
ES-3203205-889DB435145B4152A6A1954C656D7F92;;
ES-3201506-154BC709315F41519F7D28875689A58F;;
ES-3201407-653BACF348674A0D8C138BB56B90A544;;
ES-3204609-34705EB1E4934D029906D63137A84E14;;
ES-3200300-9A77AF6D19F24171AAEF5FD1EEE76299;;
ES-3202900-7CAE915C378E4FC892C78F4528B2531B;;
ES-3202652-52AF4E6132DE434ABDE8C751C166A59B;;
ES-3203353-5B653BCF85E541908AEE1F5AE395A216;;
ES-3205010-695D5106C7CF46E3A5B612BFAE8A94DC;;
ES-3203205-4A2ECB22A6E441328A9C18E8C94F3B01;;
ES-3202207-7FD4422A54EF4C54AB9FD80F88EE3A53;;
ES-3200102-DE7A625E7E124CE7A13EBE776D9D4CD5;;
ES-3200136-6C7C1AEF66464F739AC80636C9C5AF67;;
ES-3200508-C961006DF3734FE5A2E989E0B97647F3;;
ES-3202553-BADCDC56F6884D10AACA253498AD78B5;;
ES-3201506-4656CACC00D64C9585434E862A9DF3EF;;
ES-3200102-B125436A167448EF9A9A29952D5E757D;;
ES-3204906-C3BE0FEF8D484E3F876EA85CD2AB4BAA;;
ES-3201605-B4D4D16D045043A5A2C931F467D5C42D;;
ES-3204351-637E14CFAD18496DB9BDC6439A4DF3F5;;
ES-3201704-D18B537D54E448FAA15D6F394E4ED094;;
ES-3202405-067B086754B64C3FAFEA299061CBA0F8;;
ES-3203007-30A4D170F2EC4486A4FC382178C25FBC;;
ES-3200904-E8CFB81946CC46449FCE37D7A857EE58;;
ES-3203403-9A1E387882C0446A940086F699C15925;;
ES-3202801-6259A025FB374024B85EF55E2E6F0F66;;
ES-3201209-EF703974B5E24927B199E7AA7B729689;;
ES-3200706-EC2AA174F8B94A879CD057CB5E90415D;;
ES-3200300-B50579062ABD42328C782CF7B62BB228;;
ES-3202504-68C3E42FD4FC4366ABC8E3E8BFA112B9;;
ES-3204351-1A855EB9ABD24F3182A3D0C133DD13C4;;
ES-3203007-F749C37737AF46038CAE01AAC08FDD14;;
ES-3200169-8E1758C48EF04A9685E1F33A77853C8A;;
ES-3200169-9CBE53A040DC49F69E326426CA9E2DBD;;
ES-3205002-E9E1F43C6B6A4BB592DEC96F5694C205;;
ES-3200300-52FF32600CB243A192AE3C1834AA9E7A;;
ES-3201605-79E75CFC29E9489B8DC148080DE790C7;;
ES-3203700-AD58FF6F8CF144F29706898E83D67B3D;;
ES-3203908-D672D2E49AA0445AA398F6F2A2F91770;;
ES-3203056-228A6C31E68A4E938B6BF01C0B74E454;;
ES-3204906-D422B8F2586E4883927C2F7B5DED2B83;;
ES-3202207-489AA508A88648898A7A984C56D8D976;;
ES-3202603-48817F919B214B2CADEEE03A1BC15378;;
ES-3201902-43859787845F4E49B7995A13AC755B3C;;
ES-3203908-9663605B8174433A92213557311CC4D8;;
ES-3202652-6D8BE8020EC046F982A73EBD7211B528;;
ES-3204906-F7B4A52F00B841929E3BB34DEAA1ED94;;
ES-3204559-4B41456ABE914E4E8A7FB24ADBAA961B;;
ES-3204005-1230F3EDB1934ADA91EF935FD24B31D2;;
ES-3204104-4C9E2A279C2C40F4B9D51DC44174DDAF;;
ES-3202256-FE7E895A25664521A92437C6C41A214B;;
ES-3203353-D45159D30FAF475FB756280580C1C3A4;;
ES-3202405-E2AECC3E658841E7927AE081B470F15C;;
ES-3204955-FE5155F0ECCB4C9AB6BD1B296BA1EF26;;
ES-3200169-49CD9174BBDC4023BDCE1B55FF8F26D9;;
ES-3204302-C02CB5D0E35A4556B588330BE068BAF6;;
ES-3202256-EDE99F07764F4C7988A76DD7984D5D8D;;
ES-3201803-32A721B872DC4F748E761896AA61F36F;;
ES-3202207-B54FBEDE734A4A0E92D37A33A760073E;;
ES-3200102-8E0E3068875C476FB8B31E0A35BD2E2C;;
ES-3205176-BE4B31B3497F440BB78F99C193AA56E3;;
ES-3200607-AC08DEB6E2234DC4962CD88FFC836A52;;
ES-3204104-BF1500C99F41418F8E3C09E70B636DB4;;
ES-3203908-8D6DBFFF35EA41F3A410887458ACD33E;;
ES-3204005-9CA1C90648CB402CA7A5BC90FDAACCDC;;
ES-3201001-AD0DD6CDCBA54CA28DDEA3630585863A;;
ES-3204351-BA28DA1DE8914B56850B798C8D576359;;
ES-3200102-88DBECB867C24BBD93D92ADD89797E0A;;
ES-3201159-405A4A56FB434189AB7BEA1FF9ABFB3B;;
ES-3201605-C85789CD10E24A35A939C8E5512B70A0;;
ES-3204609-2D03C8AED95A43B09412D425CF94EA1B;;
ES-3201605-A74EE0788E9D48EE86B291012DAE0535;;
ES-3202652-9363F9E6CB904C8181A7B005FFEE3B0D;;
ES-3205036-4D2856D2BEB54E3B930548795C77EA09;;
ES-3204906-80A889445C5140A190803990AFBC4F24;;
ES-3204955-7CDACB5A9D3E47A989838B62A33916D8;;
ES-3203205-F55EE388598A41D4A6BA1C3F1FDA7649;;
ES-3203502-6604B28A2CF24625825446FFDCA63716;;
ES-3202405-DBD0FFE400D3430FB14783EF4C38701A;;
ES-3201209-881CB4EE900F4A52B7F877E22073C900;;
ES-3200300-DBCEE167191F44E89C58F9BFA20A25B2;;
ES-3202454-ABD491C09F9543C9BD500A10A73F3CB3;;
ES-3201209-B225284C635A4BC58FE259FBFD1475E3;;
ES-3203346-F560C2A482C74A728AF2CEFD94D21386;;
ES-3201209-2A311FEE84194594A4B2497963AD3CDE;;
ES-3202207-190265B4B6A84FA8BB90F6FE97E91F22;;
ES-3202009-0059CB90606E430D8E746BBF4FADFAC0;;
ES-3202405-957BF10F10D8474BB3F64FD12901FFCF;;
ES-3205176-DFBD172AB6264D9BA636780421ACB642;;
ES-3205002-994929D9A8874E33A80BBBF18C9BDD6E;;
ES-3200102-892E92ECCC2A4ABCBA826C933B453B3E;;
ES-3202405-0AB01EC4A3A1461083C1874E2FDC275E;;
ES-3200805-35CB600A02BC4CD9BCDDDF008466BE51;;
ES-3200607-7A3AC263E7A344FCBF494D240EF01649;;
ES-3202801-27D51FD602914F46BA4E4C3631DF1FFD;;
ES-3204500-C1E8E16C414246EAB133A9D83D396A6D;;
ES-3204302-311758EB1FD747C3A9B7658D975A74B4;;
ES-3204708-B977C3F8BF624D9AB2FF25B8158B65F3;;
ES-3203908-F679986B078A42B9B2A79D9A5BD8C3B0;;
ES-3203205-91468DCA0BF842B8BF8C1298690F668E;;
ES-3201407-7502D3C02D3C4044B1B0F28842ED656C;;
ES-3204351-11E96CA7EA7242089B10D834F80F65BE;;
ES-3205002-28B84765F54C41A6979C4AD00C2A5E27;;
ES-3204500-E516068E27234276BE4697FBD991D8E8;;
ES-3203205-0755FC14625748FBBC4B7C7161131916;;
ES-3203403-1A344B7B9C864A4CB64B313A3CE2B91E;;
ES-3204302-55EBF255572F4D6D93C203ABD507DEE6;;
ES-3204906-0070F490487D4824B92F745AEA894FCB;;
ES-3204906-9057185B37FB4A02A6F7E111B5A742CA;;
ES-3202405-4A1C1C4B68EE41D087FF0463F2A91BA2;;
ES-3204104-CC4AA077D9524CA1995BA6477EDE4E62;;
ES-3201902-DC18A4EC9BCF488697C50FCF86E1857A;;
ES-3204500-E94DFC42192940878BCE64227605A9BD;;
ES-3202108-EF8E141E4CDD4F988DAC1F12798ACDBE;;
ES-3202900-7FF36A1553564CD1B4ABB633272978F9;;
ES-3201605-82E2ADFB05214939854A525C855199C3;;
ES-3204708-8B2E0F95071B4733A489522F2577C325;;
ES-3204609-B3F697C521634CD4BCAA024F146D02DA;;
ES-3203205-17C9A184CDEC46769B47067BA1329B8F;;
ES-3205150-246CF1613B3F436693B335BDA3323BD0;;
ES-3203205-8AB0FB5F23A74070929F721E8C7CB9A5;;
ES-3203106-F6E2006370C44779B366B9C8D5A0E1DF;;
ES-3203353-CE4F0FAAD4E94706A9BECA469C4849CC;;
ES-3200508-BE0AA7F9B9AD4501BBA062BA85947C04;;
ES-3203908-1395C4B21B21463BBAA347540CF01A55;;
ES-3201308-B00A7CF4D6FA43E9855E134CB858FF71;;
ES-3205101-E0B5279818B44CC2AA38AF00D3B9620E;;
ES-3203056-09153E29C0794AA6A12A7FA313EECA20;;
ES-3200300-D599F04324A14850A1D11B6DA31B1682;;
ES-3200102-CCEC187D62554D5BA32C75C9DC79A71E;;
ES-3203205-2E0AFFE9BD774CC3B5DC0179AC8A1519;;
ES-3203056-81AA62633F7448C7AB14B3A49B41E908;;
ES-3200904-42AA22D02F8F4E78A8935BB118A9FC1F;;
ES-3203205-12AB2EAEE35942DEB7AAFFAC8C534098;;
ES-3204708-C2D1C13AE7B749D48BA2E0E66A689250;;
ES-3201506-F7E79FA71807418B8E53FF25C0A97F9D;;
ES-3203130-F8605F177BFE4B578DCF977FA1294009;;
ES-3202108-0766CBC63BB04934B22B0F52608E16F7;;
ES-3203403-34E0884B0F1D4025B85348219F3B7AE4;;
ES-3202405-D1A41725E2554516ABF693EA85A4650A;;
ES-3204005-4E60ECB90F434013A795896E2158F423;;
ES-3204401-29358AC6C3014EA2B41C17710EF16FF5;;
ES-3203601-CCB895739C1C4F45BB5F3E6CDFE33DEA;;
ES-3204906-03D277419A2D498E88246F61BDA47D25;;
ES-3205036-A9EF84CF6AF043F2929502A567710488;;
ES-3205010-C86FC81F318F4256B69ACDC6E466E6B0;;
ES-3205036-132224E7078A476AB64B9F28B54F0BB9;;
ES-3203205-0134D4FD878440D4A0AE35CBA52001B9;;
ES-3201803-F13D7336161F4809B3E16A23A6141512;;
ES-3202256-BC5573AA0C3C4D018060E33E1A36C578;;
ES-3204955-115F87BE1BCD4318A668BBD56A1AE19D;;
ES-3205036-2814997E9CF843EA87F965AD4A231E7A;;
ES-3203908-FD3F3A5770D5423685A3A74A8E308BF7;;
ES-3205010-E760609966184B27B1E2FBA2B37B188D;;
ES-3200102-B57ADA6227554630B090667A6E827EF3;;
ES-3201001-0945EE13F488411D88525D0AF5B9669B;;
ES-3202108-3B852D736F7540C0A44F20379D1EBF9E;;
ES-3201308-F187720A38D34649A7738CD5755809EC;;
ES-3204807-E4E279625B404E34AB31659D59C7726E;;
ES-3202652-DD5148CD993F44A6A0DC04D715317108;;
ES-3203205-A9B2059F5BD542AE9D7F8655020A1A7E;;
ES-3201902-E1D5BEF04C5E470F8613D53C15986F43;;
ES-3202405-2EE7ED70EAFB4101A41AEED338715AF0;;
ES-3204609-62A1225EDD2E4791966538286A804C89;;
ES-3202405-99A4EE553B7E43418D05AA031F4AB1F1;;
ES-3203353-13409A52190A4C508CA71C324738B3A3;;
ES-3201407-3C91C00E608946619246F80D9487DC61;;
ES-3202603-904B704AE4324941848075C2E0FEB943;;
ES-3204906-9570DDA964CD497AA00D7C47F6B8DDC1;;
ES-3203320-CCB75E61A18F4FA89CBFB80DEEDCAD9E;;
ES-3204351-D764FA55E50F44D5BB7AD5FD3CC7502C;;
ES-3204906-092BEE094D59401A9B60DCEC2014CF64;;
ES-3200102-66450136AFE54A378E3EA86A0E80BDF6;;
ES-3203908-DCEBC20AD1594E50A70C376E3987D8E9;;
ES-3203346-D1638C16DADA4FE08FC782854C7D58F5;;
ES-3202553-9581DA58C3E540FA8E5261676A36E025;;
ES-3205069-76AFA63F271040A182A63E2649BE45A5;;
ES-3205150-2862C8A6B6BC45CCB4288B088A208646;;
ES-3204500-D045E3016162487C8DC4DDCA8F3E23BC;;
ES-3200359-7EE1FB385996456084272193B8A4EB03;;
ES-3201209-8E7AEA9D63AA47B883F1DD19B762BCEC;;
ES-3203700-493683F0176942CA9641FA1573AB66C4;;
ES-3204054-313D448508F8439BA90DC64EB05B8088;;
ES-3200102-A702FE403C7241719501086EC3163763;;
ES-3200136-1963D96449824ACCA033E3A17B931259;;
ES-3202405-65477482C605495D8DDCD1EA0FE6A3EA;;
ES-3204351-FA923BD96C5C4FCDB68B4C03DCDFCAD7;;
ES-3202504-77D066151A06439CA323AC22368770C1;;
ES-3204906-21BF8D1536984E13A642600BCF732EA0;;
ES-3202405-770527EE73C84F0EA3AA170A68ED108A;;
ES-3200607-9960D372E4B74B33839805DF0BACE145;;
ES-3201704-C7DD201D897F44C6B58DD021617776C8;;
ES-3204906-815E619384AC4A3B8D04A5AD8E208042;;
ES-3203908-30B70286737840FDBE5E67F2174CDDFA;;
ES-3202207-F4788757804E46D39E51018FC83D7DFE;;
ES-3202306-1B36AA5AB75B48EDA707DD4617CA574A;;
ES-3204302-C010CBA64C084E349900AA0DBA7B22BB;;
ES-3202256-B558B526BB3D4187AD889E110CBB86E1;;
ES-3204906-0515E3CBE6A743CDAEB8430CBED5D99F;;
ES-3203908-FBE1378AB42B4C1597145C4BE1EB58ED;;
ES-3200904-38E3849D92864CAB8BEE368366519161;;
ES-3201902-A872204E1D144DAB839F5C4FECE4E478;;
ES-3202405-2C28500D4B164AF79A1EEEDC6847E663;;
ES-3200300-21C8967B495647F7AC6753EFA926D2B4;;
ES-3202900-B07AD64E2416440D9B2F75EDEE9BF206;;
ES-3205002-95DF4FAB31134BFD8C973D4B52A50247;;
ES-3202207-33EF710D23A64EED9E48243E4E51F7A1;;
ES-3203601-B823E5FEE76E4345AE1E8061109681D8;;
ES-3205150-AD249DA2C3E14E538179FBEB395896E0;;
ES-3203700-61775BA1934A4B149AF403814E08972F;;
ES-3201902-B56093F7C44546D8984C65331BCC0392;;
ES-3201506-3B60EB72A0D0414E82F638AF0D912FD9;;
ES-3204351-4C588541969A4011BEBB84F8C4BE363A;;
ES-3203908-A776CDD5060041DA873905F10ADDC675;;
ES-3203304-D62E8E8B114E431D9B691221B36A9757;;
ES-3204104-ABD7BD854442414789031C3026494E03;;
ES-3204559-3D1AB75C691A4C75B6039693C617FA60;;
ES-3201902-9941F8CA2B7B47258699EC35FA7EAC16;;
ES-3205069-60D338AE13CB4C07AEB5817972F5FB75;;
ES-3204609-F3C16D06DDDD4E38BB6FF6A42C9BAC5B;;
ES-3203205-D715C085EBDE489184BDC64872F31A32;;
ES-3204559-A134084EF0D64CD5970972B6DF03DA8B;;
ES-3203205-53511C4FE40044D396B9CC27F2B92EE3;;
ES-3203163-F3A64566B6D84A11A7E0D16B1E20D81A;;
ES-3204401-3E12B0CF073A4ACA95F17AF460F27E08;;
ES-3202454-C56CF4AF0A6147A0B9D975F90DE85F24;;
ES-3204807-38D568C4121F43AE8EDFA2E91888E2A9;;
ES-3204401-4A5990BC7BC34DDC9CD16B2D44EE4B4A;;
ES-3201902-39B8779C128E4737ACA6D124F3AD4D2A;;
ES-3205200-B8A88B85CF894875B11A433797AFC65F;;
ES-3202454-026934429B554D23892DF10B536A2383;;
ES-3203403-0E0845E163E944258949BB4E0C7037C9;;
ES-3203502-B72666C4EADB4FBF9B7165B850781855;;
ES-3204559-0E3BFE00116C4F66A5A52B1A7BB92F87;;
ES-3201209-92EACD7470404880B920E431FFA24E77;;
ES-3200904-681D6A3CF90143F8BE51CCFB5DE03B75;;
ES-3203908-D38A42C40CA4433CB4DB8F1FD63ACBC2;;
ES-3200300-19938A5105E240CAB438BBB153C098FE;;
ES-3201308-A8B83FF10FDD4BF18C11A89D47382401;;
ES-3201506-627DEB3D2025450994A3E206E7687BC0;;
ES-3202603-9CF0905C97804812BE53CD5383914936;;
ES-3203205-EB7C5A5D14DE4BA1ACADE3C8FF939224;;
ES-3204559-06E36A37C86144DBAAE4F335E09A9470;;
ES-3203700-F32FE76EB46F4C41B193ED16D835DFC2;;
ES-3203700-1ED17B0768BD422AA55C7C9B9685CCF5;;
ES-3201902-9D686E788A5F4072839882B356FDA81B;;
ES-3204559-B3D32B4608EA4CC7A71284B609C13363;;
ES-3201902-04D634BAB6E04979AB3ADD1E854F5C79;;
ES-3204906-03BC98976AE44860AB267D14BE72EBCA;;
ES-3201902-10DE8716EC9C4A4390DCFE79999F89B2;;
ES-3204609-83AF8E243E304CE9A0BDE5929C3563EF;;
ES-3204609-E436E8ECB5D049469A8D9C1D230D15B2;;
ES-3203007-F1440FB871934720AC17A8B21575A379;;
ES-3204401-7FBCD6A00615436591D3D7298993D0D8;;
ES-3205036-04821E0C7C7E4E3B8736F602A75D7EDF;;
ES-3205002-AB4FA386D5E3463E9C9C7EB0E38EB846;;
ES-3201308-C8955E96E0BD437F9D9E39CE6CD4E1A1;;
ES-3200136-E11393426D6E42F28F428B230D69BC9B;;
ES-3200607-505A81A40DAF44FFAB91B0F25709CA30;;
ES-3201209-89364832DC7747238FE1B60FCBF8C503;;
ES-3203205-E527C7FB4685439980CAC48096CD46FB;;
ES-3203007-342C1A2A76504F8FA0AC987F9BB2659D;;
ES-3200300-3D9E80FBEDBF4CD3A5C3D5182A7242F0;;
ES-3203700-2ED1496B85074DBCBC62F3BAFDE82B9D;;
ES-3203403-0FE07A5A00594EB9953A38B80D4BB620;;
ES-3204906-995A37C72119485E9557FCF26D611738;;
ES-3202405-84B200E86006466F86ACCA15C38C0B51;;
ES-3200904-686179BCAB2F42BEBF9F6FE8F0C0F971;;
ES-3200102-6361143E81484EC3990BB55D457F38FA;;
ES-3203403-8E94827DC70F4794ADD7999690C63957;;
ES-3200201-E9DAE65EEAB64A56988961A798E92E55;;
ES-3203106-009B747298324BA488E4EE8D58D50A05;;
ES-3203908-E6F6DF9088524ADD917C02DAFB2F1654;;
ES-3202306-747921570D50487EB9135ADAEB9B6AD5;;
ES-3203403-282D6CD711E14D7589B053FEDADF8079;;
ES-3203205-3A4B56DB91DB45FDA89C01ED077D818C;;
ES-3204807-10217CEB56E34C42A531C5A6B2D88CD0;;
ES-3201407-37B9DF2329CC409BB5F8EBEC6B328BCA;;
ES-3204054-8CE7AEE2B6584FA0A7FB8E538EC5A2D8;;
ES-3201506-C3D3FEA4C2C74BE7BB8C6C9DB02CCFED;;
ES-3203106-B5D4414FEE9D4A4CBA4CBE9E3E44527C;;
ES-3201506-0A789827957649DE8DCB67D74D7BA2CC;;
ES-3204906-3342EE29E1CF4785AC0F1DFA8178E989;;
ES-3204104-96A5DCD83D794C7983E086DA8D3B7225;;
ES-3204906-7C96C22AFA304C7489872EB0F857FF9A;;
ES-3204658-DFAA543C4F5745A3930B57F55AF974EC;;
ES-3201803-C307F8FD1F484AC7932F91C41213C4D5;;
ES-3200607-9B1972F14BC4425D9FCEFB582AF998AC;;
ES-3200136-2E94E826AAE8440EB60DE23C28C9F74A;;
ES-3205036-B9DF305795B8429084799D8B54854C90;;
ES-3202207-A2D878A8A0914D33A86C0274974131DA;;
ES-3203403-59E70D004E69431F9469A2314AB1686E;;
ES-3202256-441BC5C50EFA4B2C809698C090F7E48A;;
ES-3200201-36D215FB8B3F4270A78DC6DC79357C49;;
ES-3204609-C83C0994049242AEA43E9F428FB0AE3F;;
ES-3204203-328F07A782E3430E9C168C95F9DE9AB3;;
ES-3205010-0024C3E88CC74E27A21012BC83EDCAC4;;
ES-3202207-009132E7662E40ED85321730A46AEB06;;
ES-3201407-54402F8B4ADC41D9806CE9A953985EFF;;
ES-3204609-B90DE7ADE7904DBF8ABA618DAF6FF306;;
ES-3200300-4BD813BA93614ACBB1F031A3DA8D41BE;;
ES-3202801-60CF62A6529E4442B2998A43DC4D4B8F;;
ES-3204906-6577489556B749DF9AA15B27E476823F;;
ES-3203007-A05250156BBD4ABE9C77CCB4C770CDAA;;
ES-3204351-E55B0721DE1241BFB036F99CF97F4C79;;
ES-3203809-A7FB2E79B77D40D4974637E6B1DF2547;;
ES-3200201-C7A78188E9A840DAB328389D1122608A;;
ES-3200102-64D6B0BF5FA84F0DB585034E2044C567;;
ES-3205101-EFBDCFA12C5942B1B63FFA560CF1A6BD;;
ES-3201902-69960AAE5B1E442A88BBBE740B06222B;;
ES-3200409-B4C3233897F6497AB127ADCA6EDE1FD8;;
ES-3204559-1751217FA7454CF29B5946D660C90BEC;;
ES-3201902-64C860A1009742B9835E51FD6B22C7CB;;
ES-3200136-69AA9695F9B649558F144916D53507AE;;
ES-3203908-B95CF15C43724A0CAB7B41F995A0C386;;
ES-3204351-0A6D928242B045E0B289EF0DADD94DB2;;
ES-3201001-3D4BF56A591548109D6FACDC4BE83571;;
ES-3201506-24551F855DBF41BABA86050862554E8B;;
ES-3205101-02E5F21D3ADD45DC81F79253DAF2C5EA;;
ES-3204559-E0B7DBC3BAED43238209B275093DA7D7;;
ES-3204906-A5D7F0D5E24A42D0BF960D7DAF545CAA;;
ES-3200607-788F2768DAA445E989C4987803940E8E;;
ES-3200300-6EB50AD32FC447CD92F140856804FB4F;;
ES-3201902-701FCF6E48D24A23859683F8D425A7C5;;
ES-3205101-F69196EFB80042939A8CD87E90B14CA5;;
ES-3203304-6BF040420D3148789F15C10D15C75222;;
ES-3204351-BFCEE59E7AE34372AFF8247A14C4EA78;;
ES-3203205-95B0638C11B94A5BB3A1183EF6E003F3;;
ES-3204609-49B8E3BDB172421287A662ED200D7EEA;;
ES-3202405-C2F7ADC42C0F4B4DA85580E193E66446;;
ES-3200805-C1FA5AF61E634F55A0150A0943FFB206;;
ES-3203130-4E3B41BA1D7B437AB175832AA150AB65;;
ES-3204559-E2B4389F48AB46769AC77D3717AD7C6D;;
ES-3201308-9F45304F37424B30A17581611103E874;;
ES-3203304-BE4C69F212B445798929501EB2F52097;;
ES-3204005-72047FD91E15484EB357BF12E569CD75;;
ES-3203205-C07AD571B6584EFC894B3E1821BD3602;;
ES-3203346-3E6F1CE1E87E47D2B9696A6E2E04425F;;
ES-3204005-126DFF35B97E472598E82C08F567D599;;
ES-3202652-F024E68845354CFE999F093970B867C7;;
ES-3201407-FF8E84B1BEA84F5CAD205A761A601A96;;
ES-3200300-FD2CF51B30AE4F63919C4C21AAA23BE8;;
ES-3205200-2B4B3D73D770418293C0B8E5E1E082ED;;
ES-3200169-A549B24929E14524A389CB21F3FDAF22;;
ES-3200706-4F2F71DE7248477DA35048DA99D27063;;
ES-3203601-FD13FADF9A794421950709B54A433A2D;;
ES-3203106-C243B884073D4E04AF253375A4880CE9;;
ES-3203007-DDAA7EB0D9364BB19EB94CE59AC78CB0;;
ES-3203056-4D3AF5E77EB94F9098ABC866D9169DB7;;
ES-3203809-A891182235C3448EB18A6E7FAF5A4611;;
ES-3204500-AA4A9D8BFCD14D50AE4CAA1331CCE6C2;;
ES-3201407-6980AD57648141298592CF7723655D64;;
ES-3200300-F4AE116C0AB140F2A7823BEB5C97FDE2;;
ES-3204351-75390965CD6F43E6AC404A93AFDDF50A;;
ES-3201407-FA758B8540C946518EF6D4751F82448D;;
ES-3203163-77E30B5D6F2C462A95CA6E1DCB4808E8;;
ES-3201209-6312A462536C47099D9B3BF59B843675;;
ES-3202405-B07D8A16E3C446E4A6E26FD50C22396C;;
ES-3204401-13D05CF5A9E24231AEDA02091B35458E;;
ES-3200102-6CC4561A058F49C6BDA252A164F506B9;;
ES-3205002-FAA83D1E35F440F3B107E2DD25A35B6E;;
ES-3204906-18D22FD35B2A43B8A987D3F66EB637CE;;
ES-3204609-D33AAA04EBE74B66ACBFA78C7A740A2D;;
ES-3202207-8089C5AEC7F74D5F82455C50E8BB858E;;
ES-3200706-8E2E05BE8C784B1595EFCF3FAAD1EEDE;;
ES-3204906-BAFAEDF35B754B7187B53EDEC1CEECBB;;
ES-3201902-6727D2E6AACE4ACCBA38BA586D95A0A0;;
ES-3201605-991E8789B20E4761A264FC15F4524E26;;
ES-3201001-4886126EE74A4F4CBD861732ABC73B12;;
ES-3204609-7C514390DC7A407DB0E1912CE97A560A;;
ES-3202603-A650EFAA15B9431A80D91B1D70847F7F;;
ES-3201407-CA0D74197B93432BAF48C3ECCE102892;;
ES-3204609-DEFC345FF81F4A758C5908734303EA35;;
ES-3200409-41DEB4F66B0F4667AFC9E06D58CCBA06;;
ES-3202009-493152F9E3B94B8B81EBFD4C260E5A3E;;
ES-3203403-8B9EA6BBC4F842DEB51203FBE8B02CB7;;
ES-3204005-9E66006006784965B1BAF8C1F70245FE;;
ES-3204559-EACBBC9E7FBB4105AEBAD526B62A8523;;
ES-3200607-AE639B270794410AA5030C21D7B80127;;
ES-3204005-5EF538BB09EB43E7B6BA33B82E278209;;
ES-3204906-03F903E7CBA44439B6211F21CCFB1BDA;;
ES-3204955-F5B55BFCF9BA4D4F872A72C0EF1395D1;;
ES-3203809-1A6E88990FCF4040A1C16BD6F7F52A2A;;
ES-3205036-3DAFE86854A249E9ACCDD51D8A3B128E;;
ES-3200102-DA8E3A486F114583BE519E91A17E4AC0;;
ES-3203304-085408C8D79C44D7A6A88F7DA2233EEF;;
ES-3200805-C9E192491B284C3EBAA56BE09F0A3E1C;;
ES-3201407-26254210994B4DC493F696D5A2F61C8D;;
ES-3200904-6194AAA146A84265B545A60B1933A6E1;;
ES-3204005-0DB67B9E66914272B0D5FE2279D264F6;;
ES-3204005-1D031B127ED5413BB872711101C19EB2;;
ES-3202454-D3E5DE2A863343E3B726739AECEAB1B5;;
ES-3200607-92A536DCEDD840F28657C8521DD2FD92;;
ES-3204658-C2089A498EC6449EB5D0EFFA018F169D;;
ES-3200904-810D8DBC7A0F4D5B9007BC8A7EA7C1A2;;
ES-3202207-4CE21F04C2014C72AEE72C2D1C9387AA;;
ES-3200300-C6EEDF95A4244445A589D9F63BB052A5;;
ES-3201308-07BFB5E5BA3A497D8715A11126711B3F;;
ES-3204302-E141A5E582B24F68858BD7C740220486;;
ES-3203163-1D15A5EA7EF64BD5B1BBC462FCD77BC4;;
ES-3202108-475740CCF18E4AF693B496FB5E00CBAB;;
ES-3203700-019B57348B0C46798B26E67F86813491;;
ES-3203700-5EF38232CA164423BD5A66ED4358C92B;;
ES-3204708-729F8A88F9EF417099221278AA97E6D7;;
ES-3203908-AC0639BBD4804F18817CE9C3C3BD9BC8;;
ES-3200508-07D6B9FA60CA498386EA1B678D764A11;;
ES-3200136-3C1B4BF5A3E64968BE17FEF2F0B4613F;;
ES-3203908-2D5B78721A694D02940D0737CA9588B2;;
ES-3201506-86A6B54DE7944CD8AE0CE1DBBFF6B5FF;;
ES-3203403-E3E12EA397414ED086B69C443B8902EB;;
ES-3203205-D70AC226CCD5490988E69EF4AEA697A9;;
ES-3202454-CFC1B79226254D418340BD703D9DA8FE;;
ES-3203205-2960F58550FB45A69CBDCF05EE525838;;
ES-3200904-FF32FD54762E42F0987E07358DE2F157;;
ES-3201308-E4E3562408BD40F6953B137056C24A88;;
ES-3203908-C4CC82869BDF48D39873E04BCD655C85;;
ES-3200102-EF4AE0A2E10144F28C9E8B09564C98BB;;
ES-3204401-E4D7FA123C61461784BFB564133B116C;;
ES-3204906-D17D0BB9C2CD45AA92CFB02D4C265119;;
ES-3203908-77A8C308D901469B8672A6DC8A0C7717;;
ES-3200607-2CCAF4991C88459D98E8B28DADFF9F7A;;
ES-3203056-EB67B7402F79442FBCA4CD799B49AE96;;
ES-3200904-33EB089DD1344FA5920A8D4E2B6B0886;;
ES-3204401-D666747AD12A45CC953DE11FA2F60E7F;;
ES-3204351-A3855122C9F14BF6A0488443A5D0C225;;
ES-3204559-F92FEB16E0944A109A26EDE7AE12B911;;
ES-3201407-3B1655ECF2BE4764A3F81C6BBFEAF340;;
ES-3202702-E32477A9F749450CB513CD65E27F08E0;;
ES-3203205-B76DDFBA083D4C3399C685FDAA77DF1C;;
ES-3204559-D5BC54E1FAA549C3A68124CDFE49D5A3;;
ES-3200805-B52AF9E9C22242BFA7877078CCBB1617;;
ES-3204906-FFA2432605994707B4400AB8386B5A87;;
ES-3201506-8EAC80ECAA4E48D1A898DA73729E7CF0;;
ES-3205010-EF6C0071FA36465BA1ADE8169CD15E1C;;
ES-3200201-A639AFEB462844D5B7BD0F8A8A97E823;;
ES-3202405-4EB44B8BB4A8422693F3AC73910B4B96;;
ES-3204351-A2844738DFD14471B91A2631C41BCCD8;;
ES-3203353-4DDCC0D6499D4D38B5D882840A16857B;;
ES-3205002-591984E9C1C74EFE9B3C8ED18696E9F4;;
ES-3201704-96BB5777E1C54DF0ABC85B9B9DC8228C;;
ES-3204906-ED4FADA059F5435FBAA68A964EE532FA;;
ES-3203205-7AF5717A71504DFA97072DEAD14A83B8;;
ES-3203502-A1AAEB0BCE2E49ACBEF481E07CD4BB7D;;
ES-3202108-B7F399870FB1481FB0E3FDEEAF02B1FB;;
ES-3205036-16E6CE79BA994465A7B5291AA0D10799;;
ES-3204500-9D833CB7E3C04979B4EBF49FAA62AA58;;
ES-3200805-C920575BE42A49CD9EDAC5C1DDD8B8CD;;
ES-3200169-667F2A3C053C43AB97FB121B4CD0D4F8;;
ES-3201506-DD376A0AF12B4C4093B7791F139E1CCE;;
ES-3205150-288BB6CEB69649108D32F19A7EDCCF5F;;
ES-3203700-7F800CEFCBBD49A283C26148F79D2FA6;;
ES-3202702-C4CD9C4273384842AA5995C26E175E83;;
ES-3200102-DF815EA39AFB42B1882EBF5A1BC39014;;
ES-3202108-55C0AB178BE44D90A4F8374BE0D9F22F;;
ES-3200300-C23FD63D8C7F459D90D1FFCCC824D81D;;
ES-3201407-298351521F844B2BAF7481A8803C0D94;;
ES-3204906-89EC1A2D4E2C46DF9F8510098A71F5B8;;
ES-3202405-43DD531620BD4136A3EE3F4EE55D3F5F;;
ES-3205200-5D20F861FEB04440A9715DA0470D555B;;
ES-3205176-040E5283AB91465D8F7CB522DD535CFB;;
ES-3201506-D10D20885130430E997A8260D0E98BE8;;
ES-3201407-CF7E52B84CFC4FFC802807F698556C97;;
ES-3204559-EF62836C503348F0AA7128E6DD700466;;
ES-3204351-4E9B1D92FE524903A7226340D80C4C7E;;
ES-3202553-F589D59BC360428DA6E2472E229ED281;;
ES-3204302-9659D1B888EF443AB3FB1BEE62780271;;
ES-3205036-C4C457255AF044C99634A99807CC999A;;
ES-3201506-0E741152873744ABA2C704A96E8E0B33;;
ES-3200300-C50262AC40BC4F488AC70290B48E1FCE;;
ES-3205101-C2F4D978FE854F8ABCE1B4970271396C;;
ES-3204351-7FFC4A4D359E43D5A8303ADA6AB676D2;;
ES-3200904-1357F3EC66184F848034D306D5F506AC;;
ES-3202553-6C4D64537E354FE0B78C5552DDA11311;;
ES-3202207-7708935ACF934818A746F16A12C866CF;;
ES-3204500-29C230D05F654408B47DBA5DFE0C0D05;;
ES-3204401-9B59338B59B54ECA8906C977090C2622;;
ES-3201902-EA5E2F1AFA7949CDB80CB735A91E3418;;
ES-3202405-095703EF052741F597B1F96DEB72E904;;
ES-3201308-C1E82344F4D44EAFA6E1C3F9DCEE5B9F;;
ES-3203163-9E8CD9D9DF814BC2A2A98D28D904AB1B;;
ES-3204559-57A2F306CFD44659B645EFCD32A522C0;;
ES-3204351-A3176DD03F9E45F8B165CA4142FB3BCD;;
ES-3201407-64868E665D7F4AAA9F1A40212D193414;;
ES-3203130-D0B6F3E92F65472F92C0E456AAA8450B;;
ES-3202801-C6A4042D7E104A4BB5394990FAD1C175;;
ES-3204609-CFE64726EE9A4B70B3A51C805D3C67FC;;
ES-3202652-24BDCCF2D44D4EE1AD3014BC4C7E1604;;
ES-3200201-6BEC65B0B17544CD93CF9736B9067FFF;;
ES-3203809-ED1B621FA7ED421BB5ADC49A46032FD9;;
ES-3205176-C1A46DD673B246A6845B2C4B1C0053C1;;
ES-3201803-BE44C9AD941D48F5902C94F4D588DCD7;;
ES-3203908-D4C3012107ED44D4BB316A115A2BA349;;
ES-3200706-B9B1FF59741243CEA148611749AE488B;;
ES-3200409-C10D307BBA3C4CAA8487CE5BC653C662;;
ES-3202553-271AD793CA4C46FBBAC2CDF59A1D6FD2;;
ES-3201159-ECA178D53F244DB0B7BF0C8E8AD177CC;;
ES-3201506-5BFCE660808C4148B1051682F23FEB9F;;
ES-3201902-3F6DD1E536F1447D891723F8ED7325C4;;
ES-3202454-E8D3A4CF9D88463FABD1B77D83C560C2;;
ES-3204658-6C2E32EA0E46410789F3809B4FAD8C24;;
ES-3204302-16EB846876564F358461ED2CD33B14CC;;
ES-3202504-FC3EC770BE184E72AC739CC2B0123A9C;;
ES-3200904-72A0103C5087474A801256CCF962DA00;;
ES-3205002-C039BF1946C641ADB48BD8885DEEF7C2;;
ES-3201407-37C41A4022D942F3A920E5513B8F3897;;
ES-3202801-49E09E89A87B4165AA7737E877DB6EB8;;
ES-3202207-9C0634505B5745E69CFE1E04D53C4E2D;;
ES-3200201-4FCAB82680E0471FB256956274208C70;;
ES-3203205-875BE69ED0214F89AE3B8BA2A4562799;;
ES-3204351-3EAFE68D4D544DB597BCB2076CC00A30;;
ES-3205101-F39B7E7346994020B1B9AD5F6D92C977;;
ES-3204500-23CB88AD1D80499E81E4F165807FD9E5;;
ES-3201704-42046206AF1B4657A64D8967A0D940CD;;
ES-3203908-BDC3F1AF210645AB856FD87EEA1C396F;;
ES-3205002-91EB16332052478088275B4F3DD2A4A5;;
ES-3202801-867F19A525BA45B6A0D755A74B80340A;;
ES-3201902-2851E4301FFF455D83613BBA5BDD3E5D;;
ES-3202702-74307623664A4DE4955503DEAC34882A;;
ES-3204906-A2833C3CB0824E81845967BE8EE18482;;
ES-3203304-592AFF9541D94A0EB2612F7B75C15BA4;;
ES-3201308-3CDE418AF1DD4FFCB47B1DFB20C10AC9;;
ES-3203106-D62BD22F91D447D186D4959A3FA59848;;
ES-3204500-59222C595F1547D5A054FFB24A175608;;
ES-3202900-578F5F8B77074527B349ED0BE24A0C8C;;
ES-3205036-2A8BE689083545A3948FE9926D062ABB;;
ES-3204906-055D5BFEA460466985615BF9A369763E;;
ES-3200300-AF13DBE5F43C4BCD87633A9AB7B81D9A;;
ES-3204658-D378656FD5674E4CA80412BA3D77385F;;
ES-3203502-48E4B9B22A48450694BDE98115716B8F;;
ES-3201159-2E6880878CE8408198416DE293BCA036;;
ES-3203304-0CC188A095A4494C80091F47218D916E;;
ES-3203056-54E7930B5DDD4400A9FE157020CCD7C4;;
ES-3201407-CB0095A4F6A7459287E57C8CAF118E91;;
ES-3204500-CDFF641BA5894DBBB91406B32301FD18;;
ES-3200201-C67CF8E70165491D893A442D8891E861;;
ES-3201506-CFCE5D0753D840A6BA8A785CF5982760;;
ES-3202405-8F87321EE5B84918A5161BB29069F73E;;
ES-3201407-FC8AC1AD3BAD44AF9E14033733EB1031;;
ES-3202108-21974EC46055481E936656A5A9841BF3;;
ES-3203908-F86DA4395B494C4FB8B9CABEED570A34;;
ES-3200136-FB49E8088AA14ADBAE46D4B8C5F3F3CC;;
ES-3204351-705E91EB4BEB48E0B54034F121E6095F;;
ES-3200359-B40CB17810304ACC9466A99AD20BB72D;;
ES-3203908-6D43A3F0C7D24FC99E8350E3DD4D3685;;
ES-3203205-10D7CF31F3D243CD91491B10ACBFF9B3;;
ES-3203056-3B107244A8984234A6F3073FA4511D03;;
ES-3200904-D83A3C2770524986BE5FECF805D14C3E;;
ES-3205036-85422B07DFEB4FEB8E7DFBB807948164;;
ES-3202306-4E22BC727C94464EB56DFB9D6AF0851C;;
ES-3201209-6DED2F9437D649E5B7BA0A698D0DB779;;
ES-3203205-44A954F190A047CCA60BCB400D4FECCD;;
ES-3204302-AE9F17E05B874858A28C7ED184C448A3;;
ES-3201308-FDFBC4E47C4748869C3407B6A6EE8F71;;
ES-3205069-2981C2B2970940719A6F1C20DBC52057;;
ES-3200300-F58987AB81814042862DD47988B055BB;;
ES-3202405-B0C06228530849AB87DE32B07B83F8A8;;
ES-3200904-F468E13FE0854526B94AF47612BDFEE2;;
ES-3201209-7FFD3D222E5244598124CD247285F10D;;
ES-3205002-8D1AB47C2E274296829CD48DBC8FD547;;
ES-3202652-2CACB7A8A8F04BD5A6C9497F544E2A15;;
ES-3203908-1F68C5E52E9D489AA3C849C8879B1710;;
ES-3204104-251894DC0447450BA452C5CFA504EF2B;;
ES-3204906-49A728A3829C4CAC969E5454C0C2323A;;
ES-3202256-D5042C267387455D9B8BC5272F6E31B6;;
ES-3201209-E4EC3C8A2C6642DD9E7810397F941280;;
ES-3202207-CDED31507F694106824678E01E3E14BA;;
ES-3203007-9E67B37BEB8046E2B0CF872B7572B05C;;
ES-3201902-CEBCE46A7C2A4AFC944FF07E3D00C275;;
ES-3203601-ACA0B86E2F4941FE9FC831173FD5E3FD;;
ES-3203403-B25785AF43554646AD9C25527C2F4754;;
ES-3205101-93CA815AF3434FFE9D0F46B6CC19B197;;
ES-3201902-DB6454E9CF66430386EA6B2B113F5663;;
ES-3204559-D3AC0B497C5F4830B4360E4D441A6239;;
ES-3202256-CBE3A071081F453EA6D532D03E3F47C9;;
ES-3204906-5993F470B6184CE6A82E9766A6C4BB8A;;
ES-3201001-CA46E77E8D0F4384A9A84AB3EEEFAC87;;
ES-3200102-F73B52300BCB4A20BFFBD8BD6CF66CA1;;
ES-3200904-1AC189763EC047FBBB2A1D650E4D1411;;
ES-3204401-0B0E8D93864747CEA0C44C5DFBC25F4C;;
ES-3202256-6CC492BF7DC849AC9E0AA04556916832;;
ES-3204005-797A12D81DC340269690A7EAFAD7DCD4;;
ES-3204906-3DF9F5766E2B483E9286ACFE7F0006AC;;
ES-3204302-A89888DC28F44517BFE4258651AB42E2;;
ES-3200508-2B3A7CA3E129456B9D39FD075A057753;;
ES-3200805-9C1D93D041564C279508540C1C1557F6;;
ES-3203502-F0B45275B38142EC84703D4BBA00BF96;;
ES-3202603-F4B90ADF65D04C90A50A9DBF70F2D136;;
ES-3202702-6E92CB9F96AA4056B0FDBB7DF5FA354D;;
ES-3202009-9B9A0BEAAB264F72A04FD7A9A48FE6A6;;
ES-3203304-7644D392D79F49C193046AA0563BFF05;;
ES-3204559-587A24AAFC054E9982E87DD0C4275D02;;
ES-3205002-6A0E730501944EB88A5E5B76FB62F00F;;
ES-3204302-8475655AD6FB41A2AD95F92D5250368A;;
ES-3204708-964B51856B0949A9A3884AFB1E1866A3;;
ES-3202207-0604F26CFBEF4B208D710072CA653B6E;;
ES-3200300-A78051D6E7434750BD90BA7CCA2ACFD0;;
ES-3203502-4BAF23E8121D437EBB42D73DCA725135;;
ES-3202405-7803E3C7441845ED94C1B709B9DEA23B;;
ES-3201209-599FE4C1CBD8498E89CF647993466E3E;;
ES-3202207-FFA96585DD744EEBA652ABD6415FC0E5;;
ES-3201209-FDC873FE2273478DBAF72AF2490EA8BD;;
ES-3202108-506261634D5546F6977B62DCBAC1EF9C;;
ES-3204609-3F12BB21C3E34E91BDF4F85A3476BD4B;;
ES-3201308-BA0C02BF25244017BEA2B07201500115;;
ES-3202108-EDE810557F3F4DFD924EE88AEBF704A1;;
ES-3200607-D54403D8AC924FF189BA8655AD8C74C9;;
ES-3204351-486387A678E54F78BE106E80465999F6;;
ES-3200359-5A38E04AA1F54CDDB7747C667E47219B;;
ES-3203809-26175D60606A42388DCA13086D57FB01;;
ES-3201209-59F51D84E826471F8EC91844857A78DA;;
ES-3202405-ADAF36F0FCCF4D0E853F681888827720;;
ES-3202603-2118DE53D89C45AD927CD4A4C326614B;;
ES-3204351-5B1B20CEC66F429091FD136C3AE064E4;;
ES-3202207-E544EBA6CCD84DD28ED44E333AEAC806;;
ES-3200607-53011C1323AE450797F0234F7EE4B261;;
ES-3204559-BCBDFC5BCC9644EFBB01F5C2C1B647CD;;
ES-3205002-E0C59491ED6F40CDA4417137DD7160F5;;
ES-3204005-2AF8855871764C799F842A6CDA93BE92;;
ES-3204302-3C4926FFC30A41EC8593A3FE9F14CA94;;
ES-3201209-FE216CEC884342BDB7AC99460708CA18;;
ES-3204906-22ABEBE0812141ABB9B2AB23BB5C8F5C;;
ES-3201308-29CAEF372A6D49819EEB92625F9BAC3F;;
ES-3204559-83517ABEE0CF4BE7BE9EAA47556589F9;;
ES-3200201-DAC2F20581DE49C8A8644294B7968813;;
ES-3204351-11B8F176FBB743978BD6268ED2FE70B8;;
ES-3204500-0D207805820C4C6E9A744B0ADBA0BBAB;;
ES-3201209-C0CDDC2E4DCC43A09B7C07ED9EA65DF6;;
ES-3203130-E088891902904724B654918B34FF65CB;;
ES-3204906-9BE53AA0406848B2A5C02924E90447CE;;
ES-3200102-CFA5762BFBE54E88871608F8CE00611A;;
ES-3201308-B13112A4DD394D21A8E10EFD7B5FC134;;
ES-3200706-E55EDE30A9C440B1B23C275FAF4AB90B;;
ES-3202652-0244507590E64986B2E1CBB33A436A02;;
ES-3204104-C343F2CE75564E258CD69ED6DA376BA1;;
ES-3203007-0BFE3CB031CB4295BDE2FB0052D0958D;;
ES-3203130-17AA2E1A98B446E09A823A51BE73513E;;
ES-3205002-D7C0B2F8E2BB460C96DCE4258B58C66F;;
ES-3201209-FC43EA6FC5F5455786E2672FC16533B9;;
ES-3202108-8D11524ECE6B43EFB58A9092E8606C8A;;
ES-3202652-CC4CF22ED5644A02BABE2F3D6C66D515;;
ES-3203130-9B6B259257854CD4B65FF78760E4D1C5;;
ES-3204609-E1F70A24CAAB4AA7A6414075201DAC1E;;
ES-3202900-0471A5F09B114CD0AD3A6A7603DEA077;;
ES-3205101-244D36FD3AF14BDD97FDAADDA6ECD344;;
ES-3203809-B9324334C7C74958991862245C56D217;;
ES-3202702-A7FBEF9C477B4BB7B44FC5073D514C52;;
ES-3204609-DF567A6F5319456FBEA3D46764E7FDC8;;
ES-3200409-96D05709A4BB43CF8D514555685833EA;;
ES-3204005-5385FD0EF152424DA5D0E89F637CEC6D;;
ES-3200904-46CA86848D534B6EA27BD4DC9FA9EB12;;
ES-3201209-4B6BCDED9D3840A399B3B1A2490F795E;;
ES-3204658-1E079E2A949348819B4A913B0BDD866F;;
ES-3200904-BA24B34AC5214722B8606D10C957A360;;
ES-3204559-DE6B4CF4B42A4F63B7E86B782EDEE81C;;
ES-3204500-301AC66585424AA48AE1F66F4376238F;;
ES-3203007-3A9FC6B940D04AF2B9019654C288B790;;
ES-3203304-2178FF290345401EB6B3CAD8F58BF3C9;;
ES-3205101-8632764C756E40BF9D27A0844C4D2317;;
ES-3200904-3E632449E9EB410880F151749B1CD7BE;;
ES-3204906-824400157C7B45BD8C9FFBE9FDDE4B4B;;
ES-3200300-D3BDA1B6D71F4110948D4D6E9CDD1219;;
ES-3204906-92E882F458134346ACE6FE6BD2E00280;;
ES-3200359-B06EB200BB564B4887B8B53CE27D5DE3;;
ES-3201001-A8FFFA961DB34C52A8FAB760BE8FEE4F;;
ES-3201902-2613A2767CE64BD997CA609D3CC4B0F2;;
ES-3201902-42B44AC5959D41CEB70457BA0E97A1A2;;
ES-3201209-76B092D288244A3FB3D2E88A74370C04;;
ES-3200904-CF3AF48F34F24174B8072821146A9A7B;;
ES-3203205-43EE94E6289543BA82132616262E7EC9;;
ES-3202603-6D768F9A0A2A491A8DEC1414B3FE1376;;
ES-3204609-3998D774FA3F495581661BED6180C943;;
ES-3201407-71931668751F40EB8E8776ABE20FB5D9;;
ES-3202652-E18AF2DA633B4EFE9540EACBC8DDCE91;;
ES-3204807-76DF268F5DA9401F9EB37F7744FD11E4;;
ES-3205101-D3BDD1C14CC34762B6BD694E84BA7AAC;;
ES-3202207-0E5B5B0786EA4CFC80CE3BC5477A83FE;;
ES-3200300-FB954C4F5E5549D1AD5A203EF0609662;;
ES-3203304-2BB6A5C5DEF54FF788011BC4F88417C5;;
ES-3204559-1F06EC8E49D348EB884C675A4603D7E1;;
ES-3200201-D1117E2A58CF419BA2561F4019781278;;
ES-3205150-1233C5ECB5004628A724B095ABB92F00;;
ES-3201605-41B1C62BEDBA473A87840B815F10E2FB;;
ES-3203205-271FA4D98D094025BCD1E6CD727E13D3;;
ES-3204005-6F92546D95A2485A885D78B6ADA67A64;;
ES-3204609-C6EEA583EBD24DCEAC965462D0C9BF8A;;
ES-3201159-FA8A8F4F90804152907B26751B9BC37C;;
ES-3202454-7DB1698BD5B54543934A95CDF000DC47;;
ES-3200169-AE868D585CDE48FB948403089D027CCF;;
ES-3204559-D3B83D05278C4CF18ED3853A00F18D4C;;
ES-3201902-11548B8118924F69BC4C35B983CB8705;;
ES-3201407-D0ED7ECC742447A5BF4E2544F6C09420;;
ES-3200300-682FB973C7C14FE19840BC38B240B9D1;;
ES-3204609-D0499B15B173425094D8AAB8C4192983;;
ES-3203205-24E02E7A7C01467B84A87DEA71B18D1E;;
ES-3201902-18E7A6E69B1744299512F4D37952F952;;
ES-3200201-B72304440E1648A9A7EF16F89829B7A7;;
ES-3201506-FD9B32ABBBDC49E18783D5AF4105F91E;;
ES-3203908-3B06B11A6B5440D2844A585721587B22;;
ES-3204401-1844FDEFBB60464AB514F3F86B3850E3;;
ES-3200136-69502B46D8CC434D8D056E496FAFCC35;;
ES-3204906-074BDABD3A2045A98FEC13F478A5FECB;;
ES-3204005-5BF2E1EA6F02430491D0EEDAAE090530;;
ES-3201159-FF0ED64790CA44AAB2F43C810C0565C0;;
ES-3200805-27A443BFD4494886AFA8D665E69131BB;;
ES-3202207-CAA5154911554908AA2600DD0EA17FF9;;
ES-3203403-1126425C9302437C8F1F91815214FEAE;;
ES-3203130-DB6DE0A91E5E419B8CE4FE1C694F81D9;;
ES-3204351-330CA129DC684B4C84A515A9AED06984;;
ES-3203908-0DC56BC474E24C7A86895618A04A1872;;
ES-3202306-CC56178B61724339A8F92E5FE3673FAA;;
ES-3203502-301B347533DF4A05AEA1B6AC069F0043;;
ES-3203163-CB29438DA36744B6A46BA92B6E4871C3;;
ES-3205002-3E24371F76434EB8AB7CC36CAC3073EF;;
ES-3201506-8129AB3DFF554ADFBE211218683002E7;;
ES-3204906-37CC08B15BDD488ABBAD7F2C6CFEA289;;
ES-3203320-47C8013CFA2348C1A66EB37C23625BEC;;
ES-3205069-BF8DEDC3C2214567BD30A5A50E411D42;;
ES-3200607-156CA2EB6CF2494782F1CD2DF4DA00BC;;
ES-3205002-97DE1B558E1C4A1885BB5A434C4A3A59;;
ES-3204351-C0C64E8E3CAD43E59B901E0F70142AA5;;
ES-3203205-49B6629B778C4499A24808E054D266EB;;
ES-3202405-D1B4281A276E42E39C0D2EAD4F617209;;
ES-3204351-F87C083A52A94285990EC2107355862C;;
ES-3202405-D2AA842DA7FC496E927B62FC31B18ADB;;
ES-3203007-452E7153EABA43F69D4D6F854868DAB0;;
ES-3203205-6BF9CF1D358C46EFA3A98E62DB791FC4;;
ES-3204351-003431D39BF44303BBAD2F04868D5C35;;
ES-3201209-0CF78AA31786425DA335AF664A638F8F;;
ES-3203700-750E47CC328C41B5A496DC09EEB51C87;;
ES-3202553-F5B212C91C3B427C928CD45E4A95E27A;;
ES-3204005-EF11A7F1729146FCAE6547D2D42189C3;;
ES-3203106-A081CFCB98A44E98BD4F696BA5D29074;;
ES-3200300-A848C3A350F54A38B0C18B5E187E22F3;;
ES-3201209-35CE3474505D4E90B8B0E797A33483E2;;
ES-3201407-E2A59215D0ED4EB5B1DFC047E9073FD5;;
ES-3203908-C433548DC32A485CA5729BCB0877B1F5;;
ES-3200904-F667A1106EF84B459058B7B76F484B4B;;
ES-3202256-4A57132438444E9DACAF2542CAD5B02A;;
ES-3205101-54F9C29BA4584B37B82A5E9EFF22383B;;
ES-3203007-37024E4A37D7473A8889F07C726DDC8E;;
ES-3204906-F3C92936E63247B9AB73642A82259EDA;;
ES-3201308-B54D01132CC14660BD2835B22F20E9A0;;
ES-3201159-68C612F987474CF7ACFB7450C8AF338D;;
ES-3200102-1D1C167C4AC74AB1A6161CF853F077B1;;
ES-3203908-28777551C6BD4286A10046A7C3168843;;
ES-3201605-261943D7F9704E989CD1D1C653DDEEA6;;
ES-3204302-EAB1474F69B54F529E9A2C23513446EB;;
ES-3203353-62DF4336C3CF4D95A3FA0536708F90D2;;
ES-3202702-D5C6196534684BBC9753737356ECE875;;
ES-3205150-9B42D23E44374349B4703E00AD68DD0A;;
ES-3202207-5388660BC4D143DF9B1AF6AC7E31CF54;;
ES-3200607-B77A9D510E4A4A61A5298D1D1CE47F93;;
ES-3203205-E44A9F8AFA8347AA9A0D3BA79F5D5D42;;
ES-3205101-D09E6231056643C7A32CBEC97815C978;;
ES-3204559-64E066BF69064A9193225334B8722334;;
ES-3202108-7A12672597394CD2BD04FD510CD503C7;;
ES-3203304-7056836D51DE4B5C8A24D2BA50396579;;
ES-3201407-0A7DD1B93BD64116BA361F4DDF973EF0;;
ES-3203353-2D7FA4DC2B2141DB9950AC63C55928C5;;
ES-3204302-ED117DCB3236474DA05D7079616BFACC;;
ES-3202801-17463EE0775248ECBC8D6ABDBB7388DF;;
ES-3201209-A0945D0113A940DD9AAF228AE21DE6C6;;
ES-3202405-EA55D4E17C1A4D5983D462ECC5DFADC7;;
ES-3201407-94E15F14609F41DA97A965D5DB95D7B0;;
ES-3201605-24E1966123D44F67A27EA29EC2AA25C8;;
ES-3202504-72FEBDAE783348D89E3112F33587DF85;;
ES-3203205-8227A3E3062B4CE6B76A2931799E2924;;
ES-3204401-C504DC0ECD414D98B58EC2684B8B43FE;;
ES-3204906-CDB4D8186E824D75AEA78E9AA82E0075;;
ES-3203056-C895210A51464AC987EE70C941509BE2;;
ES-3202702-EBCC020F256E442E8ED6D7310A9AF552;;
ES-3202454-D69FEC8013D04C7F8887326E226C9E21;;
ES-3205101-93E134BA4CD640E19120BDC548FF7FE0;;
ES-3204708-0D0DC6382AE24E1FB43FA4AF2C93E309;;
ES-3200102-DF5454AE6D3E4331AE94FA95246A2B70;;
ES-3203502-C238540808604A16BBF9923EE8677EAB;;
ES-3201704-550FC09FB39E477B9BFB02E1CB1EAD11;;
ES-3202306-0B049B608307419EB727D78E86EAC01C;;
ES-3205002-9D7E371CC3934B7DACBA195B12744AEB;;
ES-3203809-1A7CA853AC7B43DEB090D53386BE07C4;;
ES-3201407-2AA0721D03ED4E70996EFBD5385E7C6A;;
ES-3204054-FCBA92D68D9A4A5C9FE8F3FA59423A0C;;
ES-3204609-B0B8965C8131459CA0E530708C401EFB;;
ES-3204906-F4FD1B70AA9A4967BF03A10F66390412;;
ES-3200409-AF3EE6F1F5E64E6DA73CDF6EA320F335;;
ES-3200300-92ECA90D40D24EBC877DE4586B345F78;;
ES-3201902-A6D13FBD794B4874B3AA288FC0E01CBD;;
ES-3202603-D07536DA7082420DB886CB4402FF26A8;;
ES-3200904-7B2B9E34BE4F4C6597B8EBDF2984351D;;
ES-3205010-B589907CCB024A8BAEF6EB5A2BB00BE7;;
ES-3203601-B95ED70A4FAE4FD8BD6E6F1D9A36AE78;;
ES-3204609-F915C9EC65444BB5891CFA4A19FF8194;;
ES-3203056-4868EA748CC34017ABC793A465B6CC1F;;
ES-3200409-C8ADC0D338864D19B354C0C84478C4E8;;
ES-3202009-D8417A3813A74BBFB88E19A9DD70FA9C;;
ES-3202108-CCB7F7CE3FB8411D873B6BF54A5FA60F;;
ES-3202454-00E6C86FBCD94C38B4D7989EE23AAA1C;;
ES-3200300-1B2D8C38522245A4B007116CAEE15CA7;;
ES-3200169-CD5C94B99E14400786ACEC335D5C27D2;;
ES-3205176-7CC40E08DB15420D80CA65F3E58BE617;;
ES-3201407-4F35EA7C4B584DB68E1B270887657624;;
ES-3203346-ABF701CFE3674FA992CCB00D3648B601;;
ES-3204906-2525D868D7E34A0FAE490A3631C9A0B5;;
ES-3203346-8E48D443DE354CB9A7C25D29B986C05C;;
ES-3202108-F74CD9FEBD1C4164B3C0DB4829523727;;
ES-3203403-4A03B45A4FA540F59CD48A2F890D3516;;
ES-3201407-F406B330850C48A9B99564A350062FE7;;
ES-3200409-4EC8CC0FD3744DA5AEECA70B207EC3DB;;
ES-3200607-23E027C0A2594C6192F02A7AD1E9CF2F;;
ES-3205150-8AADFEB3DCF74B5FA5B38668C30488E1;;
ES-3201902-AE0F0D6413D546C4B4B13DF4D582ACE0;;
ES-3201902-5CA97AB04BDF4DFDBCAE748310BED882;;
ES-3201902-92D5C70CCB24405FA77FD8C09F8B2A3D;;
ES-3204351-FB0EF0DD0FDD434D9167C3BA32D9E8CB;;
ES-3204955-F3CBC7CA416C4B21BFCC8A5C8804BBC4;;
ES-3204906-5F3A3EB1AC0041F7817C5D5D3D1AC893;;
ES-3203320-BD327CB5429F4D66927AA6419B68E520;;
ES-3202405-4C17C47CFE0649D0A4A64DFC7FB1BF34;;
ES-3204351-0D7DC0F744984535B62032DE854BD3D9;;
ES-3204401-D3CC55729D8B4AD48F7FC0E7C1986BD0;;
ES-3204500-646FB3C99E984C75A0BE3D32B7ADE3A0;;
ES-3202405-1D55D7FB1C024A33AC91684543881F15;;
ES-3203106-3FFC282F765D4AEA8BB25CFBD6689763;;
ES-3203908-81B2D25FC0D44754937CA268B3410779;;
ES-3203502-71212478E06047BB91CE4BA69575634A;;
ES-3205002-E5AB4BAF05A8462B948A7D01C7C46D41;;
ES-3200805-2EA481D7F9F84FFF8F26A7C00045E37C;;
ES-3205176-B6B737C2903A4DE993D4488564835B8C;;
ES-3202405-CAE232FC26EF41F0A07529B0F4A6CCBA;;
ES-3201159-D03DAF7A3BDC45389AC126FECCCCF7BD;;
ES-3200300-40F8644DE71943499903C049EE793E5D;;
ES-3200359-9036EA8A8BF84EC787AD565360129B3E;;
ES-3204104-C6C8E574CC0F46EEB48FE80030EC25FA;;
ES-3202801-1152F28A13B742F09074D5B178C9C012;;
ES-3203056-7A133E12BA604DC7AF1CA138303309F6;;
ES-3202405-12C9FDD98CDD4C12AF1C9E74753D091B;;
ES-3204559-E50EE4CAA8A049CAA7EDDEC03C49AE39;;
ES-3203163-F6DD7A5AD15E4809B2BB9BEC7980C197;;
ES-3203403-67E9D96530484878A360609D29F2CA94;;
ES-3201704-B6474FFD08E541978E91C648F876D07E;;
ES-3203106-B0498F4D467047C1BCB11A01CC16CC9F;;
ES-3202553-FDEBFA23827743FB9D97E525605E6616;;
ES-3200201-431F5B9CC15A481799AA0BD1D9C25F46;;
ES-3201209-A0B80C8EA51B41D6BC66E304DCB63FC6;;
ES-3204708-EDA9E85DFF75409C83407C021DA184E4;;
ES-3202900-89645A157A6B4E8F9BCAA110248B34BA;;
ES-3200102-B3478F3815644AD7AF76DA9E8E139B85;;
ES-3203346-27696732361E4F9AB59F219E76222E89;;
ES-3200201-C6703282F5B746B2BD36049641994E94;;
ES-3200201-28EEDDC37F474AD29FB83874B2280797;;
ES-3200904-21AA876E345A4D0D8A17709E130BD039;;
ES-3201308-061B9F750E9F400082DF3727ECA33E3F;;
ES-3202603-CC87CCF051EF44E9A4FB99B3D21D6B06;;
ES-3205101-467700FBB6E94E7DB3329977C2F754B4;;
ES-3201506-7DCC5AE118AA41599163EE5C1EDFDC81;;
ES-3203320-389750AFE6D045FBBC6F67D27EBA613D;;
ES-3200201-B681B050CD68409FBC641F65B1EA60CB;;
ES-3204708-95927CE43DB5499CA855D3F7ECE4AFD6;;
ES-3205069-C3E96989EF3948988D7804747A677E49;;
ES-3203205-DD515A6B2F9649F7B25A6382B61EFF7A;;
ES-3203205-671F936A8EA241A698D7ADA1CFD9ADAA;;
ES-3201902-7A8C77FB217B4572AC22823680648EF6;;
ES-3202306-D2A6BC7DD55341E5A97DE3359D450C3A;;
ES-3204609-22A28B78BC454A988A2E82213B92DECE;;
ES-3201704-79372344A4BB49EFBF4227629FEC88CD;;
ES-3201506-E449442A88D5479C9204CBE875A9223C;;
ES-3201902-E9562FEDB26F408A942ED789F1F2FE88;;
ES-3202108-60C059ED94244719B32546D5958664F1;;
ES-3205176-86454AC9A07347BC9FF92944C86B24AE;;
ES-3205101-8B5AF809915E43D181BD7DC4F74E3A09;;
ES-3201902-5A451DFAA0BF48C5A5C9FAE0DB8A59EA;;
ES-3203908-A21BD48ABCC946C28DEB7CB0569C9F86;;
ES-3204302-68CA3A27725F4E158DDFDCA3C0760DAA;;
ES-3201209-8067901D7F0244EA82E47088E7BDFCEB;;
ES-3202108-3ED5B7D4DB0B463996ED549F3455DF3D;;
ES-3204708-FA4D8943B12A443AA0A630F7C91CD3DA;;
ES-3202405-A1E3FAA899EE4B65BCFA450CA0F4220E;;
ES-3201209-69DE04384EF548FE8B7845EF759EBA08;;
ES-3201100-7E057D4DA7AF4BA1996A39FF9DFCEB7D;;
ES-3201407-02895071D4CE48CE8C3FF7525D4A626F;;
ES-3204500-AB089A28ACD648F28B15E82BE8519F27;;
ES-3203007-3D7B467B49C1485D93408C5F36BA9057;;
ES-3205036-47278930B4E74E9DBC14C416C88A2B61;;
ES-3203809-8C6F3EC9B3104DC6B5565422F56592C7;;
ES-3205176-E5588341F3BD4E13A71B3157218D9580;;
ES-3202652-2078C971C8AA4ACB83137E18A01A636A;;
ES-3203908-E305CE1AF69E478BB9E7CA088BED4B1B;;
ES-3200300-6E1FDCDD5177422F9F4286DFF3723221;;
ES-3201209-AA50958E22B344128FB8752AED6E9313;;
ES-3201902-7A5A66BF80204A1CB984913B10FA7D29;;
ES-3202405-18ED9065D57B4C648A41B9336E66FCB0;;
ES-3203346-1A0F7B165EF845D1A2CB8FB7A2A08827;;
ES-3201209-413079749B19460AAB56A87CD1011EC6;;
ES-3203403-517570D5015B4DD4A3B22FEB78C5C836;;
ES-3200805-8474EB1B8B104D4499ED8E9ACC3084C3;;
ES-3203700-3D506C8817C64F79A9100876C5A7F5F5;;
ES-3201308-AB2EED584E78424A972EC2120105F4EA;;
ES-3204351-3C625DC4926244FF899FE9D3033C9262;;
ES-3201407-D9372BA9D25748789FA37775B02D27C9;;
ES-3204906-993443D9000B4E3CB6A71D6505BC51BE;;
ES-3202207-0C5825E5A1F049868A79F03F3F47B8CC;;
ES-3202900-5EFD6A7BFB50494D872EDE457BCFE63B;;
ES-3202108-060BCFD8A3434057A1CA28720E5C6987;;
ES-3201209-F5ABB1E303254F47BF866A9AFED4A618;;
ES-3204104-D4FDBBBA79E74364BB52B08A41F09D88;;
ES-3204906-659D1C220CB34942BADADCB8844E82A4;;
ES-3204351-FF11546C866C4D2FA577054D205ADCA6;;
ES-3203056-44DA1688A539430A8FB752EB24BBAC54;;
ES-3203403-AE22D07DA4FF439BAD3B3570D9230CF2;;
ES-3201902-F498ED5E1AB14032AD3041940F19CC1C;;
ES-3202009-5B9FD49D848F41B28503982EBFED9B68;;
ES-3203205-66D21B146D344C5DB289D40F7626F9B3;;
ES-3202256-EFC6E9A4C0C84EE1B60EFDA2EECE54B3;;
ES-3204609-1E333B4A3C114BAA98A0900F1997A3BC;;
ES-3203403-0D0AA3433F194CD2ACF1066D28EF44A6;;
ES-3202603-998DB55F317744B38117811F41BEC86F;;
ES-3202405-7956E704094E4A5AB37BE9D8BB199015;;
ES-3203007-2F97617895F849B7A0E855755F8AF5E5;;
ES-3205101-0E1215A2A04C4705975E9EF97BB49187;;
ES-3200102-B176AD575A7F4A18A7E3486016BD050F;;
ES-3201902-2B65B0C6BD72499B85357356071A7609;;
ES-3202801-3547880403DB476FBD52C350EE5CDE75;;
ES-3201001-A8337F15609746A2A9DA57AA1860F422;;
ES-3200805-CD1C0F04DB924845ADDE6B010839F673;;
ES-3201407-B9BD970BDEAD460F90CCA738E6BCEC29;;
ES-3202702-DCD1776CB4FE42059986510778BBDE88;;
ES-3203346-587B0742404841D29A57AEB4E070AD99;;
ES-3202405-09E45EA6D6444E46B88976DAA608DCD5;;
ES-3202207-3300699E9D554FF59A047ED031C3D469;;
ES-3200805-787A87A3B678425B8A5E938969ECE2E4;;
ES-3200359-000D5E0636FF43D69BE89FD9FCD6D071;;
ES-3204609-9A291B2EAD7A47529530C7CBAD3B93C1;;
ES-3204500-9782626275434FCFB1B1B6349B5DB1A5;;
ES-3202801-7FAA668590864CC7B738FAA82D59E77E;;
ES-3201902-9E6C3E85A3ED471FA99F588E99E20B38;;
ES-3205150-EB611FBE248D4B00A46D6F0494D53D7B;;
ES-3204955-A43F1022B49C4363A112E68BC2574FFD;;
ES-3202256-A217A3B05F7946AD98B0A6B7A8651851;;
ES-3202405-1EB6B74063B645759308373BA43B1545;;
ES-3204906-B7EC757E5E9649AEB6AF8D9632243C50;;
ES-3200904-1D14ADC58D5847F198A5C09700AAF898;;
ES-3203403-F0308AB2DA7B4D5980B093A81541FC96;;
ES-3205101-F97EE7BC2B124D85BD7B57A0862A288A;;
ES-3204252-72BE94152FD14B6685450DE41956E809;;
ES-3203056-4C6EDD712FD149F9B8BE95F2C54268AB;;
ES-3200102-B5695825DAC94DBA8315A2955E1E5511;;
ES-3201506-ED78505BF61D41129C9BA78B7D1724BE;;
ES-3201902-0D5F9F992DF849288F8801F9FF914867;;
ES-3200300-9440489F6FB0463F90845C481F915C64;;
ES-3202454-FC33566EE4F3419686C0954A037A4F33;;
ES-3202306-8693260CECE447609F71F9B442BDF5E0;;
ES-3202702-B3178ED18A6545BE8332AF5F30A75BCE;;
ES-3201902-3876CC53691D434192BD48DC4580176B;;
ES-3203205-BE7154F31B6F4CE88CC17D1F3271DF74;;
ES-3204401-C350F401B3ED41A8879577EDB80F2FEA;;
ES-3205200-8620BF92CC604645889E63D9DF71E10C;;
ES-3201902-7382C0E9108948B5AC555D7D93417845;;
ES-3202405-1078A9533D794C5E98B6A55C013A2CBE;;
ES-3202900-8E50F0CB41254B9991F981B337B14A2E;;
ES-3204559-67541F204EE74743B68E1BFA6766CC44;;
ES-3200136-09CF385A201D460793D0B8E4DA7D20E3;;
ES-3201308-8C7B34B932904EFEAA408DFEF04C1419;;
ES-3200102-4A61B0B002C644FFBE3D981220A5452D;;
ES-3203700-E067B6D237AC4DE49FF4E45DDE8AFA1E;;
ES-3201159-62E01C4B89E24926B4E5BCC1A9E19B63;;
ES-3202652-43C429C0CFCD4C288A8A996D9CB2E4EA;;
ES-3204609-686221D6994C4316BDCCB22E0E9E1DAC;;
ES-3202900-111D28C2BDA7416A9DB05026F6B834F7;;
ES-3203205-D7237B28C4FE468B852547FFF77BDD48;;
ES-3202652-A6C6F5D67194461F99C4A6CCF93FF833;;
ES-3202405-699BA6754F0C4DC498EDA17FC3AF6571;;
ES-3201506-0142AB7EB7FD42309EB7BD14DD4FC74B;;
ES-3200136-EC73C3E26ABF4F1382B56E8B5DC11489;;
ES-3202652-4A907EFF14844DA78C8C9B915EAF6E3B;;
ES-3202454-0469853E77034BB39ACBBEA57032A84F;;
ES-3202652-61958AE578F64966B459E3EF650BAB40;;
ES-3202652-B4C5EB3091AB476B9E103EDC52D39C11;;
ES-3203304-491B3E3FD1D84944BE001A6CEF7E067E;;
ES-3204906-AA981237B92E47C993F4BA78D9B4B3AD;;
ES-3205176-E6A7C7ABBE1244DB9BB272CB91EA77AF;;
ES-3201902-111FAE383C3E45E897F7A86519ADEADF;;
ES-3202207-B222F28A2E6C4650BDE784087623190D;;
ES-3204351-A308AD1E49F8414981B50189D84B7243;;
ES-3200300-F4DAA1D7EEEC4C29A08A8B806228EC5C;;
ES-3202454-3EF3EFB5E7B9482DA41A71A782AC39FA;;
ES-3204906-32FE4CFEFFB1433488FF74150B559721;;
ES-3200300-938422483D594158A35920D9648AA5C4;;
ES-3203320-880C729A5E2D4EC58B9A0DF6329C5BDE;;
ES-3204906-6B9410086AB84BA4B6B9C8FD0CCA6F01;;
ES-3205101-55330885D6B84D31A9CF5EB79AC00756;;
ES-3200300-AF78CEE8A10441CB8DB8FF9878D7367E;;
ES-3205101-AC50E813C08945B59E9B535F200633D8;;
ES-3204351-BFBFB881DC7445D391910EB5108B2AA3;;
ES-3204955-EA3DC6E85C684DB2A744A129CBC73236;;
ES-3204708-5852271604574B368429A11B7DD05B6E;;
ES-3204708-02E3C1852AD04D47A5FCE384CAA05A7B;;
ES-3200607-E28AD40D1E3A4C248FBD307E81F44E5F;;
ES-3204559-0DEA28BF0E04465098D92BCA875E9AFE;;
ES-3201605-945F0347B88441AFB5520FA1A812BC12;;
ES-3200300-E176CE5F9C8243FD97AD21D6EE9AF807;;
ES-3203908-19928C39C6334D52BFAE86EA9AA208B2;;
ES-3200409-DB616B8EBA914E15BD95354E9154D3D2;;
ES-3201902-267503FED5934F7BBED49B8A063B1CDC;;
ES-3201308-7801EA050196411EA6E902B8E28B32F3;;
ES-3201803-ED15909B85F0437BA8CAFB3DA003321B;;
ES-3204252-FF609DA5743E4FA7A687BE1500132382;;
ES-3204302-3176CCE3EDAA43CC96C504932A59DF88;;
ES-3202405-1C8CA634B165420DA9D44B3B2EF535EE;;
ES-3203346-AD947AE2C6ED46ADBAC2F38BA3A23FDC;;
ES-3203056-2F77176EB4E74354B8333646D675D12A;;
ES-3204609-3D5D16E22762480F8440BDCBE4EAB005;;
ES-3204559-779DC851D81D42B1961DD8B7991699BE;;
ES-3204252-B01D0C002D42471FA9C4C6F473255208;;
ES-3203007-E2C9D32E077042CEB4454E6BEAC85B5E;;
ES-3203007-274BA1EF38A44898AE18EBF6FF81CFCF;;
ES-3202603-36A704BE314343DF8C450F495D0F197A;;
ES-3204500-C6FC08678EF642B383D2DC9B92F2F04B;;
ES-3204500-40D71B4F434044CAB7B9AF4A1A2A8B6C;;
ES-3204203-7D5A0406249C4A7F9BAF06297B102C31;;
ES-3201902-A9BB2592B0F84B1588703B9C66C899DA;;
ES-3203700-A049646E06634CD788D6A04D962695EA;;
ES-3201704-F2919B89589F4AF7B8845D9527DC31B3;;
ES-3203908-23E7133201954138847B6CA5A7F7DC65;;
ES-3200300-55DDF0A4BFB143D8A8FBDDF3FF0FA4D3;;
ES-3204351-F2FA62AE70B2499196DE4D960FCB7CFA;;
ES-3200904-83D004A828F948A68C27CECB36A02562;;
ES-3204559-7C6E4ACFF1624F0BA6621BD3B971AE88;;
ES-3205002-90E260332724499BA8DADF7A5D3D8851;;
ES-3201704-874C042E40D04BECA38B567388272824;;
ES-3200300-6DDFA2F808A341FC800B1E5163DC566F;;
ES-3201100-38BE09EEC60643D1B25921200DD101F1;;
ES-3205036-646A96A5B9D84E6F9B82C3C75226B273;;
ES-3204005-0B1D50C189F548C7B70F1E03D0D7A519;;
ES-3204104-6C4E6FE0659D436EBB98356D9F911FC1;;
ES-3203403-08F388436B3F4DFF9CBF59C8E617E554;;
ES-3204351-759D5C36BAB5455CAC8352C8EE1EFD7E;;
ES-3204559-0AA86315DCBB4B5C8FB5BE6F99B6D40F;;
ES-3205150-DF1554938DF34A80B0F8827EF31E0BCB;;
ES-3204609-6F1AAA2B685F4938AEF95099DD2B65B4;;
ES-3205036-E03FF0837ADA454589E5887EB65CF798;;
ES-3200409-B2EC54F75C58476F8EA22027CC9CFF9E;;
ES-3203346-BC4A6FC39AE44FCD924C69435D01A5C0;;
ES-3201902-C7CF284DE4664ECEB97F1DE3487A487A;;
ES-3204302-96241018485E4D60ADFBB32F61B6EDD6;;
ES-3202405-E30ECB611CDA4370B2FCE0B823B589CE;;
ES-3202553-4E68FE92735245779CAA76C7F3A2CBD5;;
ES-3203056-D6273C817C3A4EA69EB54B543E36C640;;
ES-3200201-540C9EAC26C543919C34DBC3075F5C92;;
ES-3202553-8675C63C94A04F80874B839B6FCC1E5E;;
ES-3203346-0123D5A144A341F7963AC6E1F7B123FC;;
ES-3205176-6B95442AE2D140A29A3B0915DC2B8B25;;
ES-3201902-2C251C1D51BF4D5184A75E0149FA5382;;
ES-3201704-30A7DF81EF5646598E65C80DFDE3DACC;;
ES-3203304-27316088812D4CC8B530D099E86745DD;;
ES-3204906-A8D4D4A03D3340BF8963F19D363D39F5;;
ES-3202801-4907164962B746BE87C0302988BD4CED;;
ES-3204955-FB987BC18B034CBF97B892DB588737E5;;
ES-3204104-A70D5FA4530B4175A354366A0F1B2B65;;
ES-3200136-B40AC89E22484C6DBC6CF41463CDC290;;
ES-3205036-AFD8E239FD84423B80014C879AAD879B;;
ES-3201902-25459A2B58A44791B0FC30FC60800A2D;;
ES-3205002-C7AEDDC67F53489C99B6024C3C7B7523;;
ES-3201209-FA83B6C12E664161A8B74EDE4214C1B6;;
ES-3204302-3F1CC294B54F40DBA6900E541160C6FE;;
ES-3203908-4337289A10E04443A294E3425CC9F682;;
ES-3202454-0AC3E77F993B45A488823D5C07F7DC98;;
ES-3202652-E82F7C71A6EA4683B1DDF667F6D49619;;
ES-3203809-ABF5921ED66143A1ADDD8B8DCCD067BF;;
ES-3200169-823F43FF51464E5BBFBAFF491AF5ED36;;
ES-3204559-E78DE5C1376A411FA7453DB7D2917DD4;;
ES-3203205-CE3122E5ADA14BE0979581B7ED6FB892;;
ES-3202207-892736A98D844537B5A551F9B58D916B;;
ES-3205101-A9A77B72F9C14E67B05B464EC1AE9D5D;;
ES-3205002-BDEC8D403AB046F9B9428D67DD775A27;;
ES-3202504-949F3A101D744FA28E04C833CEABC24F;;
ES-3204559-1C7F11AFEED34AA5AE1BE543009B122C;;
ES-3200904-78775DB669BA44BB9A5DD9440081F53F;;
ES-3204500-449B456446BF44D19418FBC152FD288F;;
ES-3203353-A14225059F4349D39E91DC34E47F27CE;;
ES-3204906-0566A806AB454DB096BA0F1200E57AA4;;
ES-3204104-CC86BD6463F34848A9C5765C7EF3D0DB;;
ES-3201902-A34399E68DC641AC87E03C64192C5CBA;;
ES-3200904-16D6371F794A406B97D0F425A8B38377;;
ES-3202108-539385DE249F445EA5189F880E12227D;;
ES-3200409-0B5420BDE3374BE1B3807F1A8A007B98;;
ES-3203205-E051A3C7DD74415088B1C4D347BC0435;;
ES-3204807-84CFB72B4C7E41CCA7DBABF4346D9029;;
ES-3200201-5054B966E50B44279277B960F8E2625B;;
ES-3201902-0D3045FA6DAF476DB665294E88F18E99;;
ES-3201902-DACB12B03FD242088AE27DC745C58DE9;;
ES-3200904-09F9593BB2364E44895258FCC4F6A385;;
ES-3203304-A0AA0FBF135D42D78223ACCAB98F9CEC;;
ES-3205101-1159B7F529ED4ACE87886200AB89C076;;
ES-3203056-061146BB4E7A400399C853E31E2CE4F9;;
ES-3204658-6D83584BD62D4DA1B873BFD5853462B9;;
ES-3202454-5C4BF973FEA34ECFBD5E3F260670BBBD;;
ES-3202454-8E7F95DD4BAE4DF6BB0FC2F2FC9C5BB6;;
ES-3200904-63EA9567060C45F3887A25CDF39D6C65;;
ES-3205036-5A352FA1C69642C78DD3CD65A97D2E84;;
ES-3201803-DD935BB029154DF5A1F753820F5E3D57;;
ES-3202405-DCC6E753FEC74649BAEB615F3BC62A3D;;
ES-3203163-1C8BD3A9D6F547FEA492952EA103C347;;
ES-3201407-593A18D9D9934D1F94E9A11B41D126AE;;
ES-3200904-4F0741F4197346E3B42B70D02ED1D0C6;;
ES-3204906-42276B6B41674FB09AB181F173DA51C7;;
ES-3200409-165D3C81DC8D4E0CB2009741AFAD5A3D;;
ES-3202256-D27249AD68A549B7A4F9C01F0AA44D63;;
ES-3204302-AC3A493F372248A78DA95DD279C09E85;;
ES-3201407-7A70576091E7452E97EE78C044EEA515;;
ES-3203106-992311CC5829470C864BA7EA611CBD6B;;
ES-3203056-C3CA97402B1F4747B95158185A6A8BFF;;
ES-3200300-755842104D204578AE06703C8EE377A4;;
ES-3204351-5C687E5180AF40EAB48A773ED6F1F278;;
ES-3201506-7B837C0B900F4BA38CA078CE35146097;;
ES-3201605-76FEC48EB11B48D9AA638B03D4989792;;
ES-3200102-B25CE6322B4F4B00B1570FE0F7AC6C9E;;
ES-3200300-51A7247B21B54D309618523BE44A1639;;
ES-3202108-903515A3E5864A0EA90B0BAD535A5D3E;;
ES-3202405-AC7B77E1FE8E4D3FB112CF4F79F591CE;;
ES-3204708-2434A086720F4233A94ECC88B87AB2F0;;
ES-3201506-54F0D47FEE1748CF9A6E2E558EBF0654;;
ES-3203007-2D6EC024827046768204ACF2044456FE;;
ES-3200607-8C2081BC52CA4B3C8A667C7D6D663D41;;
ES-3202900-9B66DD7C4233420B9DFA257DE9293612;;
ES-3201902-290B8D395C2B4BB29B87934FAB8CDDCD;;
ES-3203106-73D6C50275D14542B3B09E5286BD1269;;
ES-3201308-ABFC465561144747B3EA80E7D987A494;;
ES-3201308-19B79EF8BC5B4941917796327B40B7AF;;
ES-3200300-3E4F843B6A004B3EBD72055B2956DB2B;;
ES-3200409-3849741AD94E4BF88CB7A3BFDDD211D7;;
ES-3205176-8AF24132F9AD4EE1A409F5439A137009;;
ES-3202405-41F4A48842B743FF97A2F92D9A2453AB;;
ES-3202405-58988BB536ED409C85DD71467F799570;;
ES-3204906-B41C6F75A9774E4D83CC79658BE916AB;;
ES-3201209-78D827EF80B44FF3AB935FC54D85AC65;;
ES-3202207-D27D95E07E4F4173AF36DF80CBA23A8F;;
ES-3204401-0DB0080959A147DA8732F9F239831D2A;;
ES-3203205-39A0A4204EBE4B8DAF26936AEBD3FF3E;;
ES-3202603-30A2EF34EA884343BD6F5096D27D69B3;;
ES-3200706-CFA92F9512B44356806950886D8D924F;;
ES-3204500-48C1FACA081F43E092C1408127278F65;;
ES-3203007-C767B8435DCB4DC78EB081E27205632D;;
ES-3200300-56E98B1640F9497298CB219F6AACE7FD;;
ES-3202801-0808945AA743480B8F8A340C2EBEB735;;
ES-3201308-2E17EBEBEBFE4E2898B3C13F1854FBBF;;
ES-3203106-7E28AB34BA4E4FC3B25AB94F8B46D3F8;;
ES-3204401-CB9F1063349F446DAB8DEA0F06E46701;;
ES-3204559-30782D844F314AA786C674C0FBAA0C98;;
ES-3202207-E32D1BA5FF574BA58D6D53C6648FA576;;
ES-3202603-EF37BB2AEC03492CA229678A9501793C;;
ES-3203908-A5960AE59266418BAD8FF0EC8522A284;;
ES-3204559-4F0388FBF6B040A1A758AD63A6C5CD87;;
ES-3204658-380E9C57197C4552AEA0DEC741348F07;;
ES-3203403-1178D4309824477AA8B00DAD565F54E9;;
ES-3204401-AFCC18F9B37C400C92C34F064012071D;;
ES-3202702-25D6A60E55184FF586C9A1FDE57A1822;;
ES-3203163-A4B3BA6E998140068B0A806B7C67A7A5;;
ES-3202801-2D429CEDC8124CEE93792E8865626C76;;
ES-3203205-1046538D3D9C4E278C1C755993729B4B;;
ES-3203205-95163FB59AF74971BCE6D4AE595717D9;;
ES-3204955-9FF49003C9C9410DA55D53EE3057920B;;
ES-3200904-AD103062601B4B47A396362A537A9AD7;;
ES-3200169-3EE1523138FF4D1187E02E1B1C22BFCD;;
ES-3201506-F74C1CE22E3E40DDBAC15B850373E85B;;
ES-3201803-C9171181A7E142E19AB8D0A251B8CFC2;;
ES-3201209-7899615593C942CEA5DF894F99DFEB5B;;
ES-3203056-FF97B6827F6B4C93A0090AC55490C300;;
ES-3203205-14C79F6B2546476585A5836918B590C3;;
ES-3203908-A64114939A9F419A833E63F635DFCEC1;;
ES-3201407-65AB174622214F38BB9DCDE48290AF42;;
ES-3204500-7344BACC762840C0889AA2B01D1592B4;;
ES-3200201-E217C78157E247B999685652411F0828;;
ES-3202900-88AD5EE885BE454C918177883CC42D9D;;
ES-3202009-309DF474FA514192A439C262087EDF7F;;
ES-3202405-B2AD484F9951406B9DB1FE3FC71689E2;;
ES-3200706-17933172D8CC40B6B6DF0B9E257DFA65;;
ES-3200409-5C5B8362F72B483B970CE187E14BD506;;
ES-3205002-82F2C351C88B470DB16B2B598343096C;;
ES-3204104-F54977F73DE5439FBE94632CCBE38FC9;;
ES-3204906-ED9CDA19E859457284C75989CD982648;;
ES-3202454-D20C62354D3C441F8DE331356091AACB;;
ES-3201308-6978F9CB15B449C9B00A75318528CF68;;
ES-3200805-1231EDB7CDE34541AE1AED7E5114E614;;
ES-3200607-C3A8502BF3444641AEF312D8E5CD9A22;;
ES-3200805-D2F08E6981D74C78A35E9DB807E1BD8A;;
ES-3204302-BE884C91CF064D8387BE7B49EDEB7241;;
ES-3200300-17838CA284DB46DD9968C0632FFB95C7;;
ES-3200904-D52EBB47D7414D8E87AC0CAED854ADF0;;
ES-3204559-63D371596ED844F18E5450B8BCC1B0D0;;
ES-3200359-D3F6FC333D4B4CAF88E5D46E233DD26F;;
ES-3202405-DD90F08C129D4ADB9D626F31EAE9CA3C;;
ES-3201407-16660285DD7F47E6979B2CFAE19FFA60;;
ES-3204559-A09E6B9266384C1994DCEE7DCB9A6688;;
ES-3204955-93370911996D4E5EBE83F8C363A3DC62;;
ES-3203304-9F03DA9F8DDA4ABEA7ACB3A8BC5618D9;;
ES-3204906-37C3C4A691424F3181C094E4E2ECA658;;
ES-3205069-0076B715C3B842CBA31ADCA20D4D9BFE;;
ES-3205036-59B5993D762943C9B8E8EEBD62F2FD90;;
ES-3204906-8D0EE09B62824C818F3D654B270B6C80;;
ES-3203908-1FB8F852ACC04B8EBC958808374E0B08;;
ES-3202603-A0DFDB2E23AB4F0D993F0A5F9EA02C6C;;
ES-3203007-7CCCB15164E24996A61F6E657F4DC75F;;
ES-3204609-63FA9E0C5CC44B348F988ED68AEA236C;;
ES-3200805-CD9620848A7943D3978C2B901C1E3A44;;
ES-3201902-D4C2D2ED57A44A108B16460FBD7F07B4;;
ES-3202801-1DB69835A5964F5786A9AF131B869DC0;;
ES-3203601-7DD69475F8294D2DBE3D0E1EC0853957;;
ES-3201506-53821ED905A345E4817DDF2647C021F6;;
ES-3202553-FCA9F88E4B9241249E0ED24827985548;;
ES-3204609-003EE27719BF47A892E0815E4C98024F;;
ES-3203056-B92ACA1FEF9444CD8107E2CA3AB9DE4F;;
ES-3202405-F094F334341345F7B3F5B23B60DAC533;;
ES-3200904-9BFB41D9FF0643D7A58CB5A972F16A95;;
ES-3204401-A1D97579EA0E4C9694893A302BAC5FFF;;
ES-3204906-1108F3EA9B6D4E9CB5EC101C26A20AB8;;
ES-3201407-422F3DDFCA9A40AFA72A3B54E328120C;;
ES-3205036-8DA6540796F947A1B1A32EC5AF8ED195;;
ES-3203056-8998F7C5B38A4C2698130A8EEA61A0CC;;
ES-3205002-55984C204F564C3EAED541111A2E421B;;
ES-3203163-72CDC94A03EA472587B4E3FD47A912A1;;
ES-3201159-F349522C2A4B43EAA14BCFD327DCE33E;;
ES-3203130-4CB6672AD04C45D48D52798530A732DE;;
ES-3202504-0B82BB7BED6A40528C6F76E2A5D2975C;;
ES-3204104-722D27E552BA433596991BE42D634EFE;;
ES-3204609-54AB56414B8F4979921D7DA4EF3B4B40;;
ES-3201506-A2C25E4358B040168709D3F5DA675958;;
ES-3203205-8CD916F064204CD78A38726497FA0C61;;
ES-3202009-79B7DB9A27BB4B839E712B469B14413C;;
ES-3205101-0896E60136E74DB9ACDAAC6F90EF69CE;;
ES-3204252-E8A5EFBBB4C6418D8A1BFCF435374073;;
ES-3204203-0A63CF72A67D48338C0174F7044D5DBB;;
ES-3202108-5C8A29D0DA9E4FE9AF4571832BFF93DC;;
ES-3202207-FEF4250BA08F477DB40CDD8E464B4100;;
ES-3205036-4F829931157142ED8FD04E1CE571FFEC;;
ES-3203056-99383D1A95944313B977942327D160B6;;
ES-3200136-94515C0F03F54B618B5D86E846902FFD;;
ES-3200136-AED7CD85F9FA458FBC0774E88DF33101;317411.43075053697;7898046.959248656
ES-3201001-3619B00F98E3414696F757137739949C;354579.5764497692;7961085.526223324
ES-3203700-2858F575AACA4181B5154A9026719ABD;245629.03351569214;7745593.052780095
ES-3204005-334698163CE94B7DA1036D5AC028E38E;312410.8811361252;7873719.992800383
ES-3200201-219C4443EE5D4457B03D49251962DBB2;238961.0970798442;7725553.666822799
ES-3204559-607141DD4F8F4E12B52B85A1E04ED946;322738.54077637574;7785926.99507157
ES-3201902-D43C3E1D535E4730BA0C9BA73FE87C7C;320036.9455137788;7763463.290716633
ES-3202801-BE11F358F7504DA4AA307069206DA59A;294056.66220577236;7684620.662503777
ES-3203908-46E7DEEACE9A45B48D8695F8CC90A1ED;336037.7680209286;7952051.849178964
ES-3201803-52AEBDA6E361430BB3B9E3572ACB63C5;219262.99795900262;7722489.635817207
ES-3204559-D013FFAF94C243C1B88168DA87C7ADE9;292630.56190475833;7762899.683081955
ES-3204906-CA1E1D37E4CC463E85BF3866F50764CC;414919.2334176024;7928215.026496379
ES-3204401-9DB9526F27C84A93AAE4C5D6AAB0D660;297117.0965151756;7706446.079530811
ES-3202108-5ACA350BFD794F2EBC991A47EFCBF2FF;320000.393328891;8005252.021630505
ES-3202009-E2957EE45DB24E448D5E34766235D59A;208446.68715714267;7704850.585388766
ES-3204955-2404F6C089F64DD1B544FDF14C89E03E;323813.1847189078;7819309.456585651
ES-3200359-0DE0DBCCFDE94884AB3F2920C27FD487;296254.20255939756;7891125.494031656
ES-3202405-8BF759F9A1BF4B508E8C0EE193FE2315;336911.86453539704;7715427.607305739
ES-3204559-21ACA128E25547139D324AF7B78D3E40;314868.65131337586;7779441.423911454
ES-3201209-569A3E770E154BC7973467CB308DA017;269200.34087615187;7710714.537392735
ES-3202108-A2145CEF01604025A5E9C1BB9499C327;300726.3294597277;7972308.9975452
ES-3201209-4C4F7F6A715143AF9985D26C06885609;278263.6066511195;7710723.181421565
ES-3202306-A2B8114CE3654169AF0495AC40C5143F;212874.98140554375;7704058.603814574
ES-3201001-5A0CA6CD4BDA486F98EC1317962B91AB;350309.0617046106;7965864.361046778
ES-3201001-40B62ED60EAC49EB841DD3C8CDE3E8CD;354335.0741473089;7950147.3961066585
ES-3203353-612A078D5B234A7B89CF47696C9A07D5;341421.0825560845;7842718.305232845
ES-3203908-1A61AFE8581E4ABB97FBB7CAC1F1723E;343930.0474706625;7925684.061412741
ES-3200706-01B545372DF443ED93BDCC425BFA073C;272356.462953751;7679882.3247794295
ES-3200102-53C3544CD75340139CD7FB58A98A20E0;276126.8436512447;7796266.242024762
ES-3201407-1CEBCAC114F84BF79C056D3BD6F7EC42;278991.5957511078;7729159.408175763
ES-3203403-98D5FA3C9E6548078D39396A0866E126;240221.40992307165;7675675.969058249
ES-3203353-C7E8CA8D811B43698AFE2EB1465431D0;332557.14826642745;7851757.562916485
ES-3201605-F66437CF3EA14A3AA90FBA6E6E387570;410223.68874637154;7947203.8009292055
ES-3204054-F080AB80FD6148DBAF8C2B941F9B21F0;398511.410575936;7978820.371933693
ES-3201902-E1695C2D55B7475A8C351C478F179313;297906.13511015056;7762198.935478776
ES-3203700-11C7B9EBE0474089A925C095A17028C3;248305.89145123944;7737711.218434699
ES-3200136-EB502838B26C44C69FA0E939ED4F3CA7;304803.4425770192;7903314.863425813
ES-3204906-E2951D35EA8D41148DDF1E53499D55F4;356754.68003972823;7921448.032187492
ES-3200409-C477752CAE7E42408361C4B814A127CB;319127.0059277079;7702420.2599537
ES-3203163-6D8698F55554473CB80CF2AA308033E6;288854.1765645193;7799482.608044608
ES-3201001-A235570BEC7A4187A8232AA87CF6267C;350970.94305323;7964862.51472348
ES-3203106-640839D3CF904011B95F88472DD72422;245195.9973181887;7695464.269705733
ES-3205200-7186D801FC3D443EA28C0D199D60F8D4;357472.7444311739;7742042.562532863
ES-3201209-B6E2A0B47F5346DD82BC5B586C9DE265;275217.0057168319;7707237.504525144
ES-3203403-448A5F02D5234D33ADE0AC129FFD2BB6;234176.98502637923;7687547.635469598
ES-3200706-A433668901B042A3B0D5D0E9AA720F03;271598.6972837938;7680060.360490448
ES-3205101-8338187EA0A645448D52CA103305FD6A;343266.98431379837;7748665.818242269
ES-3205176-16449F26F0A248B28A6B34D9A8449671;360197.4376244727;7905876.5557913035
ES-3200706-ABBE904219584C55822FC9444733161C;278516.8646337235;7679226.124364749
ES-3200300-6D3008A3C866462785DBAE8185565A30;312623.8336974721;7719397.958839873
ES-3202553-9A097DE033074E01B3141FF482BA0028;219332.88833863544;7732847.357263424
ES-3203304-0C6BEE7A94D044E4A458D05F79EE6FF8;283409.80342369515;7910048.109965088
ES-3200359-6E90569CD467402EB1447A43993F410D;295089.4238692353;7893423.079237476
ES-3204005-BFACBE264C5D4732996A65ADCA72F57E;307690.40346893563;7895083.31983551
ES-3201902-1D30449E28FB4C58B827C9121BDDB583;312231.7611522627;7751242.698702488
ES-3204054-09FD5BD7CE33498885C6EFD75C03C471;379690.423190148;8001765.063104987
ES-3203007-3547DB66A4CC41CEA2D78CD473F2B529;230396.19496111863;7746545.420732018
ES-3200102-58F51FC8BA7E41E6B472AC84098F982B;292899.24147671316;7775407.162499744
ES-3201407-15EAD36D82EB4ECC99F1A76D03C7447B;278513.77518980193;7735626.083298491
ES-3200201-FDF99CD192824AA29C3C5205EC5529A3;234375.90402087907;7722773.003884634
ES-3205150-77457135F34646869837C44AAF1660BA;334542.169800921;7940288.491473718
ES-3205069-58D9AD655967441E870680840FFA355B;276496.9533711658;7752290.278874882
ES-3201605-2EBA9D0F92534CAA8BA03828704106B5;414150.9119267504;7977493.533342034
ES-3201506-D6662110896F43DBB4BBFD995F8187BC;304632.20077343244;7848567.457873066
ES-3205101-3095669D127942EDA0BE5C4777B63691;338042.33313610416;7750880.671278328
ES-3202207-E20AF1C036374C97BB26C8D36C6A7898;359933.67069949885;7795663.927890735
ES-3204559-A60673CFED0347C1A1F66086463B8548;332001.27147943573;7785823.564031675
ES-3204906-8D02C07AA56746BEAFC5B64A2C6906C1;376347.2399624362;7926986.002215993
ES-3203007-B152005321DA4F68AB68EB12D9D28C40;213698.5716488419;7746157.64090441
ES-3203007-813B150C10FC4650972F2C4B5FA2A582;229463.00963782886;7738187.30113859
ES-3203502-879CFA2B5C7D4DF2AFBE3D5B406F6D88;368284.09998106293;7994802.811818689
ES-3205176-D6FA8A0EB1BB41AD8F4D76B342063315;356951.8516133446;7913382.8779134005
ES-3201308-36163B46F3044D26AA28B1963AB28AF9;347973.0141982766;7759145.78721264
ES-3201407-757EE8BE2F324C8CA5C2CF6C35232BAE;275880.41114297835;7735629.905759277
ES-3202900-405AF5750CCD439A9B31A270EF818EFD;300381.2029466857;7795626.991384365
ES-3205069-8A5D53FFCFDB42D1BDB738172FF494AD;275845.70227913756;7748019.251540756
ES-3202306-CA9DA711A3694690BC56872D0983F3CF;223597.96767468122;7701598.607106552
ES-3205101-5B3B0781F9FE40C2A5C62A53DE752E2C;332817.3437615804;7737074.33335299
ES-3204708-20609024832942B88928AE8E01512EC0;341960.135349729;7908923.688200154
ES-3203403-2F2035E07CF24B6982190244E47C1914;248837.59132732026;7667506.25400382
ES-3201506-97BBAFB11E6B4F48AF3DC5D37B6FFC89;308473.57849942707;7853202.071995083
ES-3204351-6AB41BD4102F4514BAF328C28D9A58A5;357140.5703434912;7877282.926764818
ES-3205036-F6E5E65B0DC94704A14ADB6FE80F68B4;290853.01351095585;7703898.480963429
ES-3203205-4F5EBCB89D1B43A8A478D084CB8168CB;375688.19723988307;7871515.160997704
ES-3204906-801B991E5A314146B2105A45C565E81F;372730.2659917413;7921235.543841744
ES-3203700-826C04B8F6DF465AA60058A2E9C87660;241415.85982805464;7727568.270246135
ES-3203809-997DE73DBDE14F1DA3B955F4BB61C6BC;248651.8248710037;7679657.148827923
ES-3204559-E7541253A1B740D0BAF928FB79A9CF6B;324088.975574897;7784154.002384438
ES-3200102-5557A16B05A9495E919F7AC8623D0377;293295.0767595796;7777066.825002138
ES-3203205-DEBE40E22C914D03A74A0AACD4E0D2CC;392933.41023634083;7844177.36066488
ES-3202454-C74E67C95F884C249DE74602CD530996;241928.61764712987;7763505.35705333
ES-3202454-78DA359690D64C0294A605C200FEF262;233417.73971380357;7753766.695333468
ES-3202603-C67B3EC654FD4390AE1C14AEC270DF5B;313319.2577094885;7703213.980771962
ES-3204906-F521127FBE024118B447C125B2C4F4D8;420579.6995460153;7915526.748702219
ES-3201605-E47E90B1C8DA491189E72388CF263428;419243.5682709614;7966022.1106971
ES-3200300-F7AD64E217DA4FFDAC31F19C3E2E78D7;322632.97116322466;7724696.345972119
ES-3202553-8255FB6FA02A4CE4908FC9A128C3040E;224461.18163034157;7734370.916620166
ES-3204500-BE37CC51E4CD4107852D6E32CD6EC0AA;341023.8779859405;7777407.379973896
ES-3203106-8BD85F11434E4B4E94FC94B4044AC761;251250.73757654236;7696406.283607533
ES-3204104-1C101366D10542638F7255EAB505D965;397486.5702140512;7966593.5588497985
ES-3203353-488694BE5E4E4BA9974F1BAF768CA252;336894.4975936272;7861712.637579173
ES-3200300-CB02FE0B0FF54B8FA38B28AB641F28E4;320012.63709319837;7732697.812438715
ES-3204559-F76D98A1511D496589B072BA8588798A;325403.59951930656;7788980.017975584
ES-3203205-CEAD21B134334A82B0FB1E3B453415F4;418794.4618067165;7843123.152824435
ES-3204609-52433E6D2F254714878C9E7547FAFD9B;342104.32262773305;7797926.973284265
ES-3202207-E7B9065F02ED438E9C1956C3CE9D2A38;348713.8794430705;7798989.243157398
ES-3204609-5D9381A6598742CC800BB8F838EDF116;325342.6322018358;7791620.600092422
ES-3201506-9B9896FFA7B2470D84041708E174FD67;316735.71539048007;7829982.945066474
ES-3204609-032DD6CF0E8B4896AAB4537652CA72EC;324063.1571771456;7806299.759425242
ES-3200102-5C1BCB7218C449EDB39873BA5EEB2F43;286576.6573922486;7767341.881908074
ES-3205002-A6B80CE1D7BD49F19B4C2CF08CA5CE09;352829.1372988475;7777286.759671718
ES-3204500-28D8A8BF083E4D5199D1E0A9030B452A;345473.9072448575;7773978.673886666
ES-3205150-8E2541B112A0460CA3204FDD4A2E6E7D;333180.16395116295;7941311.289226174
ES-3204401-359FB4BC489A4E79A269DA9231A1F7E1;295133.0792309209;7697703.451569365
ES-3202256-CC60513A299E44D4B0F8A4EECE93C21E;351049.73292741214;7878075.187483881
ES-3205150-E1FF5EF4E949431C9CA7E39821655C70;328725.36812078126;7941019.269553895
ES-3200102-F614A1FEBDBF4CDBB488F8B00081B967;279153.0470847504;7777216.084058447
ES-3205150-C749953929F64BB092BB59A71B12806D;322958.97109387186;7939720.420996791
ES-3200300-9F50585FB8ED4CF794D1D90008C6AB4B;308693.0624915253;7729264.368886296
ES-3204807-ECD4876F5F864FA8AF0511C2B6C684B3;230634.9406208442;7685619.116238492
ES-3202702-511027C289D448EABA87281483976D01;307193.07294650073;7802927.965009454
ES-3200300-1C71AA269B6F41C1B898235A45716269;303948.2113224962;7735577.350866505
ES-3200300-83CE9EF89F8745F9ABB1D9E85AC752F2;310646.1824798753;7718541.017813166
ES-3201308-B5C892EF333B43C6A6A69E89083D1A35;346524.8433173668;7761738.556870449
ES-3204252-1B44EA2178BE4A2E9BF5CFCD37483A21;341420.23534273566;7985451.616645516
ES-3204559-8B143F242ABF4AAC860A9758F1A92AAD;307846.2458305287;7773288.332924239
ES-3201308-869C4325E04446D8B6B52D903B9648E5;346792.89056328114;7758696.9692398105
ES-3204005-D61373C1C68F48CC8D60931522F89B58;314724.2655334124;7869725.915593917
ES-3203908-DC0744FBCB6A402D9C140103B6F7EA80;338526.4299065493;7943712.69773623
ES-3204906-F089DF98D94E4FF6917F8BBB7E707086;396176.7868796159;7930479.757142177
ES-3204401-527953970A724B549D0A6513FCD579A2;309506.74791376595;7694385.801268563
ES-3204559-1ADFEA344AEB42C9967E40B302D6658E;321009.00008553045;7781415.336936342
ES-3204104-ADAEFD6376F24CC2859E94CD7FAF8988;370410.9510222321;7970231.837671433
ES-3203809-3734F4004FDE455090781A3AE32F09A3;266276.3235018266;7681232.457346003
ES-3200904-6861E107766546C88F8FB57154156AE3;308546.05266022217;7927658.220990776
ES-3201159-796E29DB69564CE7B1221DB18F1DBC6D;263971.65273956687;7775405.224127678
ES-3203809-35B3D58D0ADB4918A928A64AD578F04A;257905.93743330293;7689667.766484222
ES-3203304-453B59BD711A4DBBA0E7FF241ADAF9FD;289926.71914932074;7913606.697785352
ES-3200201-41D159150DC243C0A1D3366D36185F4D;237371.90228775574;7690315.470334856
ES-3203205-99686936A0D842B5A33A1F5F297F1A2F;405866.59341279365;7869825.161515638
ES-3203353-0AFD856D0E9345409B57D950E6FF086E;342460.9729403114;7855220.545115821
ES-3202207-468457D8016D491C99755757ABB2A139;352221.7133279873;7794630.760173415
ES-3202504-473D35FEF85D4180A29D79F6A4687281;345011.1366168719;7809822.240344244
ES-3204351-CA401DC946544DFFBEFB6EB52555DC13;371701.7413107785;7874887.621693605
ES-3204708-F0856A7479FD4C5894A993F1B54A0FB4;353468.9395692433;7905298.5365151
ES-3203908-89B7A151A97E4B19B82FD3ABD33AAB2B;345786.33619724354;7946391.257664012
ES-3200706-0CCD4BDFC6D14B198FED2CB8D9080B9B;270236.3600024235;7681050.542038273
ES-3202603-65B241A7A8444580AC1460E04D84CCDB;300653.7468260204;7707207.362324151
ES-3203056-81C379E5D8D94BDF86595449A2C63C5B;403475.72139848245;7899049.091796204
ES-3200607-908F7A0E537F49BF832BECAE9C9A714F;380568.18940631975;7791462.935386274
ES-3203106-1BE66D7C59964C7FB4BA2579FF87EC0A;250914.27940583945;7691748.2062506825
ES-3201001-C6A268E6E57341FAAF2BC21C6D31E03A;361193.7564528119;7957031.784884509
ES-3204302-CD214BBF0B9B49B18F596F9101992C00;294212.6769768429;7657353.601751033
ES-3201308-0E223D9E5CDD41019B88F0D6BFED9F17;343422.82596973306;7752097.534163659
ES-3203700-4564B23EDC81481DA143BECDCA30114B;252330.49298926946;7733190.483316308
ES-3202108-656A7A7CECDE4B34BBF784368AB76200;304771.49249736534;7968125.801737125
ES-3202207-14B6250E23A8448893BB0050636DF2C6;352977.52024223184;7788909.404072167
ES-3200300-79541D71486B493C99D5193ECDEF993C;307055.4977803611;7714383.29350975
ES-3203908-13248F172BC04B2C873D0C2C2B17AB27;321047.84595922905;7916849.060088966
ES-3202900-2C6A218528A4451CA757CA9B49829B98;303527.32357919635;7785896.143425329
ES-3200706-10338976B4B74F7EA7B62EC5942EB5EF;265616.8558117228;7685425.786089972
ES-3203056-5CC539B62D624385B5EFA6ECBF25321E;378576.6881397131;7916054.211913662
ES-3200300-FAB9ACE19F34401DB46E0D537D667D93;317476.6892771038;7726776.080385983
ES-3203205-AC457A72F1684EAE8C6349A9152F1AF1;400286.22808615543;7854931.542376734
ES-3203601-A824F1B356654FF3B639E7ED70AE05A0;336246.90973639383;8000365.910516748
ES-3200201-4ADA94A6059E4A4E982574AEE62F609B;228894.2329585791;7710421.205355927
ES-3204906-7CD307DA4BC34B518D75DE6B5DE485EA;417594.908165825;7924641.019262621
ES-3202108-91B04065C6CD441CA181996275FDD1E4;304680.07339987374;7982653.652979288
ES-3200300-4D55BBC64C93415AAB0A4D83AB9B566F;321611.52589890675;7719100.175524853
ES-3201803-A8F4766A201440DB9BAA65515602AA62;221441.977297917;7715368.014493002
ES-3200102-C6EB8870C8144B8C9A0FF31D6F343E3C;270446.3666238737;7787544.44420254
ES-3204609-129D2D6A4D4243D78B882DD10512658E;323303.65327057475;7793586.546631202
ES-3201902-CC11AF68968C43408E3FA9BFED7B3755;287836.51490982436;7745250.765336035
ES-3202702-217BB8AFD4554036AA5740BCEE084141;307064.9063099975;7816363.793615781
ES-3204708-4291ED5AF90F42DCAB92AC9940176635;334343.7038548645;7899224.034096114
ES-3204351-183D7996C95646B8800D1BA2EDC482AE;352253.4129584135;7862959.722374845
ES-3204906-42398C98D6B041FDA1D281790C63FAA7;389666.90129753767;7928526.038130868
ES-3203056-D710C75F77C44121B85529B674611EF3;385385.17173739144;7905668.349876432
ES-3204955-8D1410D23F8041419E45E5BF3A17F127;325992.9199849837;7816642.802979175
ES-3202405-C886A14FC5CE460287F03440AFBA8E5D;324245.2335338522;7730303.015780282
ES-3201407-CB7A3910088843ACB93F01B53C2338DC;259155.49214927293;7723054.184834916
ES-3204351-F01E5668B1594D4BB6E1C5458178E59B;365812.0322708849;7887098.665611897
ES-3200607-369659DCD2394994B90C18EC556E1D47;372956.8904142984;7833045.1517562475
ES-3201902-7849BC342FD044C2BA8AEE39B270F78A;331564.94624492666;7759485.414625987
ES-3204708-7D6941F2F0484A69AF231562E3DB31E9;351973.10424844566;7904754.47750548
ES-3202207-574FEB7035A04A078B12099D44914A3E;350218.4386683664;7788980.091711225
ES-3200201-4CAEE14B2DF644F3BD9703F12697F35A;229633.3498039691;7715893.754631033
ES-3202603-E41F36DAE98D487FB8D6397B62C8DB4A;310809.1309935736;7703992.024453303
ES-3201803-79945EC4FE7D4C2CBCBD4E0395AD117A;212351.36963174964;7719078.337312674
ES-3203163-39FD69656A58463BBCBD3F9CD403EBAD;292766.4528346901;7790075.30900719
ES-3204658-D4E3FDBB1D0A41FA8B9C935E120721EF;334788.5666383393;7884447.47206821
ES-3203346-02DC0E1943234EF3BDE3A266C2E6D063;318495.49314424756;7739863.816235447
ES-3201506-9C1E7B2FC7C045029E8D835ED2DC43D0;311300.86001537635;7863069.974005593
ES-3200102-30EB97B4BBD84BBAB8514E3CCCD04571;279164.5591202136;7777230.840639524
ES-3200805-B9C7170CD6884F56B2D0745A5BE75909;303668.9881105203;7861006.630931763
ES-3200201-836DD57D4C7146659D280974E966752C;241417.72225567276;7711870.735247247
ES-3203908-C3EE7A83262641429FB1632A64774E3B;339414.2287177896;7942558.192352991
ES-3204005-A7752E33D6FF45A7998505B328D33B32;308355.28315498645;7860702.115698235
ES-3204559-A3ECC94991C44AF6B813B015C5605A33;302451.59704357013;7766414.877985371
ES-3200300-CEFF41827D6644B99C1970CD4B1E22FF;301214.9082350641;7733908.869443746
ES-3205010-4B4246C8D27D42499DBF2D2520C1C89D;381146.70256970316;7888526.076120912
ES-3201159-49A09E7CD17E406A89F75D7E14724D12;263182.5865210051;7774643.289193849
ES-3202900-F00F9AB1404B4ED8B3AFF1F1E6A62344;303136.496744029;7788839.106604712
ES-3202504-2A739356ED2347E186A453D2A18BEEE6;357407.19692375965;7803685.932569087
ES-3203601-046E1A85FEFD4690901AB125A1CD160E;333547.7146050435;8014241.064985376
ES-3203320-3EDCF756978E49AC89AB49FE9884868A;301873.19166105613;7666307.14168945
ES-3205150-E4B0280CB9724A0CBDD855DE8CFD71D4;330968.1992693483;7945666.37805318
ES-3205002-2B6B4F77E97E4AD59E95BD0A450AE23F;360374.4840255829;7782380.230564814
ES-3202405-CF9C3EC0D02F46C2B61673D5A295F1BB;341647.24310476606;7721961.201028848
ES-3203205-71D0E7C5C45C41D990205686BC40D231;354594.0920264594;7849620.906836893
ES-3202405-763DE95F5FD24AD3B6B7FF11F2F24F85;346128.78914692905;7726885.49605816
ES-3204559-9B8E0EA6E9324FF98D95E0EBE5F07BE8;297103.2840220095;7772082.430291221
ES-3200409-BF7D2242CE3E424DA4AF706D7A8DDD5D;323078.95399365324;7707929.229026552
ES-3204104-C3EA9955A9C64DA992EB45271FFD3648;371009.54002233734;7966538.324088244
ES-3204559-1969C1A2B2BF40939167BE89E30FA8AB;301243.77363070776;7778529.426780173
ES-3202108-89D9D679656946C3A245D4F4F601952E;307048.69514711516;7959959.21613111
ES-3201209-9D982868AB25497DB2F1C9F856B142A3;270765.46895458514;7707356.389136154
ES-3204906-00D2906181904A96935DA17A3FC83EEB;390638.08893629827;7932994.696856722
ES-3204302-DB4C6CEA2DC144E8B6C753324F61F64B;277712.1236251268;7664239.398700507
ES-3200300-263B033F34F946009078D0985739A206;300588.971086341;7729290.388225969
ES-3201902-06AB03F58DFC4EBEBD6DC26CEC52A647;285411.499149367;7748689.234966282
ES-3204559-E82D18E919C64AE89425C35E514A1C4C;329533.32600793114;7781844.450001386
ES-3202207-AA5C7FF4A3F1415C9A9C7011FED2AA59;350086.54570663377;7788692.289767544
ES-3203205-1208B4D1AA6C434389DD6A996D2BF065;354587.4263002004;7846987.175723803
ES-3204302-E3EBE96B542B42C4B69C4BE5C5168CBC;278321.9722943984;7663517.374837244
ES-3204500-C7AB0444F4264F69A7AB9AA564BCF096;326199.31240615586;7773059.63979502
ES-3204609-698ECC98408D47EAB1C387D52D786BC9;334684.75579569594;7800856.470790667
ES-3204955-C1F29502B7BA4DBC89EB674F46C0A8D6;325026.0400404825;7818145.172954519
ES-3204351-96C95889616C4661BD63955DA3CA3FDC;359541.5641906501;7876528.719055505
ES-3205150-41BB375D2AE94AAE80F2F94A2596C69A;326979.4241006897;7938681.191570248
ES-3201803-57C4F8E28D584F2BBE8891F32E745531;213411.31910326192;7718571.352411968
ES-3205002-5F33D6E2DA6147DB8D6E64F046CF16F5;353272.6797568641;7784653.053914262
ES-3200169-1B1A3D534A8B40EAA5B396444A5099DA;281212.17239049065;7967680.661937535
ES-3201209-84CF95027256420B882A1B7AE88A5EA6;269307.03986457473;7690548.407787332
ES-3202306-AEBD878D3B4F4548811C7B9B815044C6;228226.16141230316;7704860.935996946
ES-3202801-B9E084E1DA054340AC6ABB45D7DDF66F;295728.7003263779;7670610.980750654
ES-3200409-B7AC4450EA01453682E2B7FE8F767766;314055.6794930727;7709175.601106269
ES-3200102-019DE7C5F49943C79DF3C2DC0F6A8319;277725.3390726319;7792853.275940891
ES-3204500-ADFE4EECAA65431E8D07166DBB26DE44;322375.3361396211;7769731.178222379
ES-3200904-182FA7E99305468CA0DF6FACC73950DD;310945.5866061547;7940594.265907472
ES-3200508-D837B8D5395E446F958B5356DF8A882F;232167.53369701793;7673422.228741808
ES-3202801-F24FE5302165490FBB54AC1A2A1B201C;306879.53882109106;7684364.026908193
ES-3202553-3B2940A899AD49D598C6A06C3A53C3DF;220071.49981345475;7725597.2054971
ES-3205002-BC02BA3F92214B5781175B9B46A0CB2A;354593.4543158132;7777344.297123553
ES-3201407-64983C8426DE482E948EBA976F1A03E3;275460.41000411834;7717214.637370655
ES-3204906-E3DFA461396A44A7A0D69B3DCA1E2A98;388679.95830096037;7923294.612856049
ES-3203353-760A360544C0448A804096DD46CA75CF;337735.2723625739;7846508.602095025
ES-3205069-39F16C1622CD4568908709F98D6A3C9A;275253.4651935018;7742189.781273794
ES-3204559-D663E0F7CD07499492F1054F5A81DC83;317594.4178367251;7784668.096587966
ES-3204559-E47A64608B384D3ABC5955B50BA0F9D1;323547.29243560147;7781353.521335117
ES-3204351-F677CA4DB36240EBBDDB24494FB08D78;365191.77820215374;7876694.362980299
ES-3201209-0597A52B89AB4A24AA8F5F171C94EE59;267444.81301419483;7690519.312410231
ES-3202405-64BC33B56AD64ECB972EA378F25DC631;343315.9833020046;7718863.545302227
ES-3200904-E25572A81F0944BAB00E7C10F7B180F9;298876.6343089983;7943716.402478186
ES-3200904-F95A09B89A6340218A7E863347246C8B;298526.2576145167;7961046.735397506
ES-3201407-76E920A00A0D473AB6A3E84168AA884E;262236.144989639;7730187.902039144
ES-3205036-3D1FF64EB01147FD8CA61385E3C9EF52;286575.9122964621;7720044.3219375685
ES-3204906-041F6CFB4AB4434C8BC3D3B5ED9E9B11;389782.0629206683;7931355.654687432
ES-3203601-85BCEEF4036140E3A90C282549AF6486;329343.49664536037;8007037.722219093
ES-3204906-B76E6EE2BC76437AB593ECDB8EE805AD;387873.9344615633;7935007.848509587
ES-3200904-301E21755F7F43E9B9A02A6B065391D8;312063.6718691202;7934289.629227787
ES-3202553-B6BF64AA5F4C40B4B7F5195EC2197A15;223548.90607808915;7740799.35582618
ES-3203700-5A93AF6BE7F34C2FAD7F2E3C8DED6D70;248942.00230012703;7755553.81210947
ES-3203346-FC23FF7371B649FFBD5EA823D532553A;306172.0144405119;7741934.956191717
ES-3202306-720C78BEA1044313B2EEF056638576C3;207517.1134988077;7703313.042678931
ES-3200300-7EA6AC961E1C4581B3F49F9650830665;307758.5049614182;7720295.967518376
ES-3203205-82612C94B71848F8A604E4B832420F16;366479.53260610113;7857267.913750038
ES-3204005-57594C42BEA64DFCB8A1A8E214F29BFF;305504.9884716007;7888888.469522441
ES-3201159-402F82AE62F94A659176E15A4EF31A02;265683.4129280384;7756572.783773737
ES-3203809-0740FA1977B94F56A3026A7800623EA0;267169.6890485686;7677926.618641483
ES-3202405-4F8952863DD3405E99B3A4FDD85E0A65;350944.29089651967;7721466.7567966785
ES-3200607-B6337FA0E1C44488886169D0F80C4AF2;379166.7512338563;7817118.274941415
ES-3205036-3286F5B872A54287A95DCE6EFB165A68;288363.8063097048;7722067.87230044
ES-3205150-943F6913731C46A684B2775D170C3AD0;328931.16257520125;7940202.804623343
ES-3202603-F09B6017895E40E0AC0331F4B89C9CC5;310610.1786982592;7699614.937889773
ES-3202405-700EE39818F84FB297CEAB5D797452D2;327211.86859872635;7730663.341564488
ES-3200201-FB0DD7C120724A7EB05112400C7E9766;241754.8641507861;7705632.584425366
ES-3201159-80369B60A95C429E99E7BC14D3964FC8;257881.7753190902;7763975.044986106
ES-3200300-F25CD9DDA8864F8B9A06FDAD7D973F3A;299466.73180263874;7734070.618235402
ES-3201407-4290DB4C3C324214A0332F00909D94AE;257545.17917636666;7722428.741526449
ES-3203205-DA58C4F17E1647F2A31E0BD53E644B5F;375764.9956583659;7871487.213469341
ES-3202702-B0AE759005094159B38819378F79E28F;;
ES-3204906-13DDFC54E42C499382C539B75A25B42F;;
ES-3203403-7ED2343DDAAC48CDAAFD76FE9D503A40;;
ES-3202702-BDCBABB5EBC049B8A1723FCCCE674B24;;
ES-3201407-5F09FCA3F4FC4BD9940162E13B17FC58;;
ES-3202256-BF05CEE47715431881DB47DA449BB72D;;
ES-3201605-AB79664EEC44433FA5CF43E552D5DD31;;
ES-3205036-517DE91EDAE4475898B4D0B1761BFEA8;;
ES-3201407-9F9C7EE63EDF4E34A958369D3FA988CF;;
ES-3201902-A904A67B77F148B3BAFCB7D520032926;;
ES-3204500-A943ABA07F8346D5800F0FD3F2B4E876;;
ES-3201506-B5B075F03C7F496A8C0F2966DCA2FE39;;
ES-3201506-88C8D422BCDC498192397306BD4B8776;;
ES-3200102-D8AE801BBAB14D41819C09635A8087FA;;
ES-3202553-9D3DFA29AB164CEC80784F6EAD51483A;;
ES-3204559-156C17DA40AD4D9F986B8C1D1841F891;;
ES-3204559-8A5359D920D14EA08103F214D2F5B217;;
ES-3204807-C33D921F8D9E4D35ABA4312715F395CE;;
ES-3202306-86480484649940189A345B6AB6B850C3;;
ES-3200508-2EB38A28E3C94E5A80733C56457D362F;;
ES-3201902-1438EDFFDE1141C2A004D2CD3B079E97;;
ES-3203403-0700D16EA0DF4561BD8E9302B7447325;;
ES-3200300-483E6B8F439448E295917C142D974699;;
ES-3202900-FA6B6F1CEBFA4644B531B2955BE88D7C;;
ES-3204708-726F055D32D94B58B009AF1965DE201B;;
ES-3200904-5EE61A5B48C6430A9755D49BD9AE1CCC;;
ES-3204906-A9E901BF4E8E4F7FA7659D00F6F79B6D;;
ES-3202900-0BD5E1E6D180497AB402CED954BBA64A;;
ES-3205036-A06575C76B264E059E63CEA6FC70F852;;
ES-3205036-D8FDD392800C480AB620A69689A5128F;;
ES-3202405-8BE5113AB3444A568FA44306A3450311;;
ES-3204906-6CEEB1D2A0CE4BA48846B2A1FA5CD728;;
ES-3204609-CF8226C4B9704636B5869DCB620F4A51;;
ES-3203106-6F9D270CCFF04F7D88FB8E3AA1A40BA7;;
ES-3204906-AEC98FE4313B4849B56D6D70914A675A;;
ES-3203205-35FFEDC33E8A4281A54A56FDAF404FB3;;
ES-3202009-7BF395A821564BF0BC007CCC001FFEDB;;
ES-3204302-1A7D9552553242C4B74DC00555D43F61;;
ES-3203353-46F2A1E86F0145D09DE76EC164E0286F;;
ES-3205200-4A5FF5C2D1314AF8A00D8A83AE098FE8;;
ES-3200805-8FB1C80CA712423BAAC1B9CE3CD7985B;;
ES-3203353-C3FBCD49163C41BD97BCB4138AF87EAF;;
ES-3203304-037124DEAC3146C5B47FC40AC6DBCBE1;;
ES-3201902-C136DF42D49D4938BA6027D9DF1A24AB;;
ES-3205069-F9927D64E3C84782B4AD2B1CE2C7817D;;
ES-3203163-32FDB0049B3F4A7A9F8B1871E65B4521;;
ES-3203403-DBAD8A88777445E09C7196B6E9F4370A;;
ES-3201407-D759B66A4D1E4A2A98BCE5E9B039F6B4;;
ES-3202207-CE134A6363764D60A9DDDD0E72E580C9;;
ES-3203908-4C01C0A32F144B23A85F8998EDE562F7;;
ES-3200300-13B1445A878848F28F1DB72FB0859582;;
ES-3202603-EB64C019FFD546A2B2B77EF7CD3C5F5D;;
ES-3204609-7EA9360CDF804DA6982C14BE38C1B586;;
ES-3203205-50D8C546F9664C53A113B3772DC204F6;;
ES-3203320-B07A4B2E70544F11B2895E062BC2E174;;
ES-3200904-5811831932DB4CD382355616ECCE3B0C;;
ES-3202207-456C23CA78E14039A1717DFF4BFB7CFC;;
ES-3204302-5E2BFFED30F345AF8B1280E28CB1AC3E;;
ES-3204609-E5B7DC96907D4E5CB8BBF4E35776C827;;
ES-3202207-37850DC1C074489389BAE3165FF7A06E;;
ES-3202207-94C40609FDF241C68E737530B2A71929;;
ES-3201308-963CAE69B7AD47ED9599E62512F5D793;;
ES-3204906-3E65CE708C0C41728C2B1B11F0E3E98A;;
ES-3204658-302C33104A2B4B7F9679D14FB4E29522;;
ES-3201605-243313DD5F2B44708DAD566FD12390D4;;
ES-3203106-C19C17E32938413083AD82253A06DA6C;;
ES-3201506-68B49C587E7041C0A59166234B0698FE;;
ES-3201407-A9F4B3CE9A90435383462226202581DA;;
ES-3205176-08262C1777004044A0387709AEDAEFB8;;
ES-3204302-FBF593B0FF624E538022B28DEBD48EF6;;
ES-3203353-EC3182A12601472D9D352C6E191577A1;;
ES-3204906-C3717ADC2148422F96432F25618ABB3E;;
ES-3204351-0B97E36D5E644AD4BE029715640B5F38;;
ES-3200904-70453570692A4DECAD2469A409382FAE;;
ES-3203403-6A51B8CBB3384637BF6D12200325D49E;;
ES-3204906-523484C4005D4A55880A604E3F20C145;;
ES-3204500-D0D963F257EA4BEFAD12D52600020E6E;;
ES-3205010-9C3779B0568B4F489968ACE7223067ED;;
ES-3204609-17393DA904004EC0AEAB7CF16169456A;;
ES-3203205-66D3B9EEC99649F18627ED30423044BE;;
ES-3205010-5B1CB2264C8A49028EBDF90CF2BA094B;;
ES-3204609-E4B5CCAF8C1B42C980270D2183B5E2E5;;
ES-3201407-75E9A28068F344AD93F65E6851C3C9A6;;
ES-3205069-7F7A7D301F354C06BA612C77C519BBC5;;
ES-3204609-BAC91AA4A7B04C7EA30468EF0173E545;;
ES-3200508-EDC57BB5CF1D406F8BA0AFEF004098D5;;
ES-3204708-A42FF3278BD54C83B7829AA0F1936A5D;;
ES-3202306-A81630677C034756A126137EA3AFB9B0;;
ES-3204807-F703023754B54484A590969E289F6886;;
ES-3202009-3D8830A405C7420897C98AE67F91952F;;
ES-3203205-5786AD759E624F15B35CCF819F6E52A3;;
ES-3200904-D474EFA6B99640C0B0298C1844E9DAEE;;
ES-3204708-19A24554F4E64C549F90521BE0182164;;
ES-3204955-A8A12C4E166E45DF8EE0FFD542BA48B1;;
ES-3205176-A365770B75974743B90EA1AFB1CC4B36;;
ES-3202207-E21ECFFBB6AA46158AEEE275D4257766;;
ES-3203908-BC761FB3F1D447EDA4810FCAAAB4403D;;
ES-3201902-D16848A28A80431691A918813FCA820E;;
ES-3205010-F3F98793A85B4777AE15DDC110F5A933;;
ES-3204559-59564AB836D44C33985AB7BF8C09DEE3;;
ES-3204906-2A88C7ECABF940698E1FC621B62196EA;;
ES-3200300-A077AE6A357D4248BB52169BB7908EF9;;
ES-3204005-FC196D8E103240268D072327037646D2;;
ES-3201407-5BA3ECE91BA542A2B2F5C20FCE0994A0;;
ES-3204500-DC7D71AF0BFC43089C3E6FCADE1C1F31;;
ES-3204609-2906950668A744919CEE4749671E5A58;;
ES-3204559-8BFD0F9A23DE417AB42D43CDF48375A0;;
ES-3200805-3662809F45914965A6F7F6CC7A50B09D;;
ES-3204609-5F228628BAE1457D92D0A386AB849742;;
ES-3200508-929B750127DF49DBA2598FEAA5BB6DC8;;
ES-3203205-B31499204C7844FB84DD4B7AEDD79CCD;;
ES-3203700-03713ABDE0F64841A30202674AA89762;;
ES-3205010-2FC735F1CBC541ADB67B6F8313F5F2BE;;
ES-3202207-F7378EF8FD5041C98A3730AC7FE9BDAD;;
ES-3205036-7C92DFA58E5943858F986D37D7753765;;
ES-3204609-11531C4CD0144DAC89E474E969E79BE6;;
ES-3204658-E5797F8C4D1448CF96EE44893FE7DC03;;
ES-3204500-6CAD08C33AB5406FBEFC30E60EB5A690;;
ES-3203163-F2B47B06BC3E46579DF72B3EB3D758EF;;
ES-3204609-ECFA16128073464AA341917CF13A5C49;;
ES-3204302-14C515239EDA4AF898EEEECD4F40EB4D;;
ES-3205036-B9DFFCE59C904BAD93E6D5EBD4155E32;;
ES-3203908-5D2824B9BB7C4DBB83A133A373204CCE;;
ES-3201209-80CD605421804B7A8D6BDECE74E5F9A2;;
ES-3204500-E601A9BA2D9A4902B34D1496AD947473;;
ES-3203700-B114E89152D74EE18DD278C3C484CE64;;
ES-3204559-CE2F9B5F03C84FA5BF3CC70AFD98135A;;
ES-3205036-E92C9AB2EE3244A08025B46875815F7B;;
ES-3204559-4FBACB7C6499447D8E218C11ED44F3AA;;
ES-3203007-83F360920D8C4244A236A7795FDD3140;;
ES-3200300-6DCA2393E2774AED855FBC1B9D9BBE6B;;
ES-3204401-2D87EB2C95FB47EC963BE0698352FC53;;
ES-3203205-F94F95E270D3440BB1CC0A8D2162E5DA;;
ES-3205036-C0B406140B0142C6B7A85273905C7252;;
ES-3204906-F1E3497C152F493084A30BE023E1DD28;;
ES-3203205-777189CF7B084122B8275769F9A5282B;;
ES-3201506-674465A72AEB4031BF8B3F9A1B4A9A74;;
ES-3204906-055D594F62F040EDA1D0C468B64E2494;;
ES-3204302-D515B29FE2EE4550954B83A4F83E6EE2;;
ES-3203106-8F296A04C6A54FCA91F4722A61EFD706;;
ES-3202702-D30B43406200472690B12E3D7488E51D;;
ES-3201902-CFF7E67E2F684626BCD9251A9B9CBD92;;
ES-3200805-2229FB5388F74426BC1E35A2D5E75986;;
ES-3201605-B556800F2DCB4F64A42023A3F69EC973;;
ES-3200607-E02A10788B7B4F9C974CA985868B9B57;;
ES-3204906-728D39094B384625B24DB1B93913825D;;
ES-3200904-3F0FA4FB3275421D92CBE2C09092BBD3;;
ES-3205036-76F360D94C334334A17179E4B008752D;;
ES-3205002-1FE78652738C4A28BAB3375FD5D19864;;
ES-3200359-A0BFE42B8D014426BE87367117F77EB8;;
ES-3200201-A3F0302FD0E546FBB50CF96FB31DB735;;
ES-3204005-A375C464BF274A68AF3D01B9E4C85D2B;;
ES-3202207-3702DBB505994DB7B8F35E3B56505D55;;
ES-3200300-EF92B00F6C0F42D4A5647CE28A0AFEAE;;
ES-3204906-771E5A76AC904D32AA72DA1C25D68C2F;;
ES-3203007-F81038EA23D44DDBA407364E11CF93E3;;
ES-3204708-5DC56185263A4439B03D0BABDC7B203E;;
ES-3204500-F17DA6B7686A4697B0DDE92F8D032284;;
ES-3204005-816BF6017B7F46019BC9BCC92661F4DD;;
ES-3204559-6A8241A8AC264472A79B1F1551E37D42;;
ES-3200102-BB08E8674A3B430F98A00372BB1EB323;;
ES-3202405-0D170CCD4EE74B0EBD67D258C0F43352;;
ES-3202207-A323687EF96F4274A87A8A492029B894;;
ES-3201407-9CD192E8B6CE4B41AA50282610E0DD84;;
ES-3200607-1E832B553D9B487A879BB5E8E064DDB9;;
ES-3202553-32D54F8C26B74BACB09CFD318FF1C83F;;
ES-3202405-E3A4D412473743B1A79E329323E264EF;;
ES-3203809-55C81F41A40E441E8DB4CC6C1DE09163;;
ES-3200904-8E871471A0A642C29D5E3BB69F1D22BD;;
ES-3202454-16B1483E0C0242BB8422CA551BEDBF51;;
ES-3203205-B6725B4006CE4D509AEB1CDEEC4FA5F3;;
ES-3205101-71EACB308EF042ADAEDFBB3C0E4199F2;;
ES-3204351-72B7603EE19047F786661BCF07134B74;;
ES-3201407-8B99536762DB46FC9B28BB0233D541DF;;
ES-3204559-B8FFA4CFB6D2410CA3D628F1FA2DA3C1;;
ES-3204351-E9ACC171B7974CF4A7FB249CDBFC3850;;
ES-3205101-DF1087AB43C6423EA7BC9B985AD1EBA0;;
ES-3204559-C06556CE87EC485DBBABEC7B2BF828D4;;
ES-3205176-051A2B8E6558401BB572E1CDF5123E18;;
ES-3200136-3C6D3756D4F1485CB8F4FB061346BB4D;;
ES-3201506-DBFF4E8B9A8B4DF3ADD616B70F416EB5;;
ES-3200706-E44E272F07904DF796F5ED09E473B5FD;;
ES-3203908-F8F255371DEB4D0AA15354CC95B39D85;;
ES-3202405-1C4DAB5DC18848B296C0B7F132307C2A;;
ES-3205010-0BA59328D8B64690A6934BC83D81730B;;
ES-3200136-256409122F0D4EED8F0CD2172AFCA93A;;
ES-3202504-FB2369B7B3544A66825F127C63D0F4B0;;
ES-3204906-EC10A561A0C547A68EB1077749E67B5C;;
ES-3204906-F4E526DD47D640D1BC83E2FA7E7AB9B4;;
ES-3201704-7F8A266B254A441AAB311623F5955619;;
ES-3202405-7706772D0884424AB137D6C7C34D0577;;
ES-3204609-E7467A92DDC64BA29B0529461A72317B;;
ES-3202553-5C9B5E17BFE844A481427B438A08CE42;;
ES-3204351-F7F0FF13F3AF40CD84DC080C00817531;;
ES-3200607-896537FF71E34DB386395A926607D7F6;;
ES-3200706-F64CAE5C1669415DBA68D370D54A64BA;;
ES-3200102-0A62E133BA494FFF8D68EBC3346A18E9;;
ES-3204351-8A968ED82C7548FEB0044DE548EAA6FF;;
ES-3204351-4125183DE1F0498FA8693A40F837C384;;
ES-3203320-3DA6331C0CF14446A4E8DC9A2E87F302;;
ES-3205150-F96D939E612943E5B1EE8F016FD8CBA3;;
ES-3203908-A7B87FB0B6F548A5A847A2D6079E9AC3;;
ES-3203205-E555BBBEC085445BBC7578D62F4BD6E3;;
ES-3203403-3ABE63D743C14D2BA6BB491335E8AE7E;;
ES-3203502-76CA684C59DA46FDB04EF1AABE0FD7AF;;
ES-3204906-CF1754AA003247D8BDABA9F6BCEB6BE0;;
ES-3202801-B02E9A3A0A35408A90BC8D8C85C9D33A;;
ES-3203502-19EBD9C290634A54B2CC354B55089DD0;;
ES-3200300-BCE9B3CF66384592B95445EDA98D84AB;;
ES-3200904-F30FE20CFCC14DC3B2C6552E4764399F;;
ES-3202900-6EEB59B1E54C412F83CAB0D79B85FE89;;
ES-3203205-97240F43E320442CBE267FC0B10D1BF8;;
ES-3202405-D8E540C6FD4B4B87A87B64A7C8E61392;;
ES-3200136-ADA9D8BC83824F2B9CD4E437EC7652DD;;
ES-3205150-9B4887160368402EB83E3F4BC1FD5173;;
ES-3201506-D68186DD6FE84920B5ECCEB7439E8519;;
ES-3200102-31AD287FF70046E29443BB1BA2EB0992;;
ES-3204005-E8AA0CAE9D0F49F98572E7F7ABC71B81;;
ES-3203700-8FFA88C69272475CBB92E6222F892917;;
ES-3203809-9FF45FF6A10C4187872E62D1582BE13C;;
ES-3204559-8F72F0BC3520450EB0D110C00C045044;;
ES-3203163-9338A83957BC4C49830C0C590EE90A18;;
ES-3203403-2A9186BBF2D044E28A47FF7C39616C0E;;
ES-3201902-D69612B903544F1D86D54EFB77C87DC4;;
ES-3204302-B1F657629D854AD0888B63C7F17CF015;;
ES-3203163-C32FA1D2458A427981133D296ABE266A;;
ES-3200136-35E9E36B37B54F67975E532754B25029;;
ES-3201506-B21E09D3BCBA436AAFB94C05AE5FEA8E;;
ES-3202504-C31BE3B482BB434A8A19AA5DAF20DAF0;;
ES-3201209-AC4469BE3EB64CF98419D5C622ACB39E;;
ES-3203205-AFD88CBED4D647DA85F37D383AF4AEE1;;
ES-3203205-E15BE6714BF4495DAEAE855C5B3067FD;;
ES-3201902-CB03DCDD49444DFFA77B49FD8A1184FC;;
ES-3200607-BA70CF5A24174E5F81FD978741CA837C;;
ES-3204054-A6621822BA4B4AEAA8741E70016D3B91;;
ES-3204203-3C7D63904CA0441385033684F2ECCB5B;;
ES-3200136-1179CCCF10C3455386AB5C6B1A9759F7;;
ES-3204906-312A4EE9270D4F788024D5CB8132A839;;
ES-3201407-2E9F2CCEF92B45D2BCDBA03A80901DBA;;
ES-3205176-19D260474B8540D8989903DF8A01BA43;;
ES-3200201-F1E9446E46184EEA970322C1730920D6;;
ES-3201506-B8F2352CC1E2494CA3811753BA66234B;;
ES-3204609-366E6D75859E4B3DA448D8389195FF3E;;
ES-3203056-0F317AE844C940D2AB19E5E038F9A571;;
ES-3200102-47862490614B4491A0F7FB8D66D51E22;;
ES-3202256-6D94B721B4EE444AA56C65E3413C5F4B;;
ES-3204104-2795892C8CDA4B728749DCDFE1404F3B;;
ES-3203106-82892EDF99CC4B38A679764F97F15C5B;;
ES-3203502-1EEE9B8AA761423CAB62968FA4A43E5C;;
ES-3203403-9FD92270670F412284C66522CBBA2C79;;
ES-3201902-A216CDEE63F8451186A840BEB944ABF0;;
ES-3200607-B69B1804F3814893B8B4D71C7CCE74AD;;
ES-3201704-3021DFDB3A8F433B95C8CCFB2E6FE9FA;;
ES-3204708-3779F278B82C4564B7836B9E6528F8D4;;
ES-3203346-8C2E451696514F13B017B9DF8D02D6D4;;
ES-3200102-7A63234B2B74492B896F18CD8FEFE4E5;;
ES-3201506-1C71B57D8B364BC381923E11BF29F3BA;;
ES-3201902-473CF1EF79314E9D980E8969A5F6C05A;;
ES-3204500-91DDE8F8625445F49B87EED965979565;;
ES-3201209-B26C12E2CACD492DA5CBF46DBF9D380C;;
ES-3205010-B8AD8E74C00A45859E0DEC2411B66575;;
ES-3201407-9F61680DB6CA49948088177CB081C350;;
ES-3200136-E44560A3F46940C48BB6D7E527FDDA7F;;
ES-3202405-F933E23116454E35802EE4290A4D38C2;;
ES-3201506-5A007272350A41759EAB3E1AA1E456CB;;
ES-3203908-433CA49557AC43B8910D61C56A533132;;
ES-3205176-847119BD165847A0B7811A309BED7514;;
ES-3204500-FF9702F51D7D4544B5EB297B4D1BC47C;;
ES-3204609-03234E76AF0943E4A18885562300BADA;;
ES-3203205-F8EC1D7B255E4FFDA837AE53B84B3530;;
ES-3201407-F4723C6C054B4A96AFC8904F36C0FE88;;
ES-3201506-0ED1FEF6E75C422BB57E0F616CFAAA40;;
ES-3202702-5D615A2C74D7446283D28411EB6B846C;;
ES-3203403-3195306449EE47AA8B18F8019B391D85;;
ES-3202900-D772999EBF37414AB2797AA092E8FDB1;;
ES-3203346-2D136939353043348472497CA19F10FE;;
ES-3200300-99C1E11ADB024DBCAE672DBDEB3F2318;;
ES-3200169-5A5C5E9DCDD54A23A6F643662DDEB177;;
ES-3204351-5CF35DD871D54EE684EF142CDC536346;;
ES-3200136-57371B0F50AE4CB19BFD3C211BF68CB9;;
ES-3201605-7F05E725891444B5AA5EB6D5C516F7D6;;
ES-3202454-D0FD9FE66D244BB2BDA25B790D5F57AF;;
ES-3202306-0413512CB52B4BBA9A7EBA0C2FA98E09;;
ES-3204559-EEEA39B8B6C0484C9BEFC41DC686AEF1;;
ES-3203908-6BD7F57D50E54B6293D2F635F96E89E6;;
ES-3202504-6F0DE271CF42414399095ECA26BA92F2;;
ES-3204351-D5E5C60AB36A4DC39392C566CC763234;;
ES-3200508-2B1FF1F987C249A19571324D88B481C1;;
ES-3201902-9DFD8BF44F6C4762AA67E46CD3425A05;;
ES-3203601-F1F5BC8D55AB49A1BB817CAB88962946;;
ES-3204500-41BBF12257714701BC67CAC47B6574A8;;
ES-3203601-083C2BDA000D4953ABD716A36AB15B74;;
ES-3201704-5AF328A8A77B4B88B6E05D95C2F6195C;;
ES-3201209-4E0E39E755EF45908D5644D3E98D17F1;;
ES-3203502-2BECB8A696E44F849C21A3885BDEF557;;
ES-3203908-AB38323486EA4863B097C3E13F196385;;
ES-3202702-38692DEC779A4E09830660CF8D1AF2E7;;
ES-3203007-2B6C283091B84EC4A9BA6128E7F17251;;
ES-3203502-FE7F0A942E2D45A08AF9CD40F1C1E335;;
ES-3201902-8009819B4BBC4075B478CA4E7D145FB8;;
ES-3200102-AB806E4AF2384EB2BA92E01796A1D4E3;;
ES-3203056-06ACFD36DBD048689F8B2D40EB575471;;
ES-3203007-C95981A700724B33B7213E149F98782B;;
ES-3201209-697305FDCC044977B52AD8E7BE4267AB;;
ES-3204559-0529F8034878437BBA6E1C414864C446;;
ES-3200359-F87F164E23DD4759BC4B189281910EE9;;
ES-3204203-34DA61C3914A4136A8503AB3CC70C712;;
ES-3204658-26E78B8972B045A982EBB8B7BF094A0A;;
ES-3203908-9CF9BEB30D0047C89A086A8B4ABA014A;;
ES-3201308-F22A368EFE2244C2BD347279A9DD5D18;;
ES-3201159-9FE3388A150D4CFAAA3A703169431707;;
ES-3203809-2B7BA276E8CE4A7BA171F024AA420D19;;
ES-3205002-11B7FD6572B444279CB5F29D1CC18E20;;
ES-3201902-8ABDD916DA124D7D9EEB1BF418C5664A;;
ES-3201308-2670E37E5F82493F8C38E9313C902C1D;;
ES-3204351-56177F9C360949BF80724D39D11E3DD0;;
ES-3204559-79F1566BBD5444199E0F37A78E7E5377;;
ES-3202405-92BBA7D8DE3E48B3964CE4248384A485;;
ES-3203205-F172B04995194E04A76AD710BFA75DF5;;
ES-3201902-0184E43070A346B49D0F7774AE1A6FB5;;
ES-3201605-B49D82FE9282443D9EC55CE7462B23D9;;
ES-3203056-B301995796984C279499D4679E0A96C0;;
ES-3203700-F0D8FD2583494D72A6CD8BD5CA4C6A95;;
ES-3204955-35D3BB143F7F43EEB0C53DC07D64E0DB;;
ES-3204351-B27F0A8F6B0843AABA5271CDB716FC7E;;
ES-3203353-1A2B0FA0C978433F83B19DBE3601E1DF;;
ES-3200300-953A81C1A432416C8B5FF8C4D05B5B1F;;
ES-3202405-118EDA86B38043A49DC11B0E9A75E4D3;;
ES-3201407-703EA4D2B76F4F28A83570EA61BA624A;;
ES-3200102-F93BF8D2680F47F78B9FA7664BE4C846;;
ES-3205010-D55DB9495DDC4BB1BF201C7834D1A340;;
ES-3204658-20445EEC178D4153ACC327CA3B1831AD;;
ES-3201605-019799C407984F75BE6B142579BBE997;;
ES-3205101-7558ED1DC8704959AC3C9A36105587C3;;
ES-3202207-B1C737E8B39D419592508211CEDA3798;;
ES-3204005-AD3D9D5ABC2A48C3A0A6191ACCFDCA1B;;
ES-3200409-D6615D9D22A64ED3AF44FD51472A9B48;;
ES-3200508-07504FE2BA1E4201B659BE6805CD57EB;;
ES-3202603-0A5319C6D9854AAA88B5B13A01B0A2D9;;
ES-3203205-50F078F7A7494D60A71D34A9CC675ED3;;
ES-3203320-E7CDF192DBF744819B31598948A9AD2B;;
ES-3202801-834608FA43C24B5A8DD5D0D9EF6905E8;;
ES-3201506-30F68661E2024F939CF5F737E3B1331D;;
ES-3205150-1E8A6051F1944AD68E5666FDD4D76747;;
ES-3201001-A5112A24B8D44363895FE30031F66FF8;;
ES-3201902-899F6F845E944EE880605F7B17268F4A;;
ES-3203205-3967CDDA71AE420E8DFB37E467EDA63E;;
ES-3202405-D61C3CC58384414E979D14A5CF8E5A0F;;
ES-3201506-3B769F3A96B047E9BE2E7BA0B4D6C98F;;
ES-3204351-EDE2B045EF2C4B87B36D802A819AE10A;;
ES-3204906-7E627214D9224510A894F9D0633689B5;;
ES-3204609-0729F1DE2BE5488EA97E196255496C8E;;
ES-3203007-F1C0E532CA8E41978020B69B4E4BD1E2;;
ES-3203007-ABE8DF1693F746B29F2BEA12CCC7CD89;;
ES-3202652-274484DD5B11423B8D8FAEA1C160230B;;
ES-3200409-82A1FCAF6A2B4EDB99DFC367AE5E3FC1;;
ES-3201209-8417078369DC41A98680624DB38E5F06;;
ES-3200904-B6A029361D6A4512A8991437A2DE9325;;
ES-3203007-7729999A81AC48B78C9D28EC6B475933;;
ES-3201308-3F1FB9815A5749AC9E2C7DA79DB2B90B;;
ES-3202652-58B01AF7D38F4CAE869B67CE8EDF8531;;
ES-3204104-2B6E8D9880994FE6BC67105502D2EFE4;;
ES-3203353-53183649AA0545ED8416EB956D5FC2DF;;
ES-3204906-414B73A6C0D949BEB6D2344A43A24BF6;;
ES-3205036-74CEAE1CD1E04487813795128166CB70;;
ES-3203700-649E57C182224DDA9EEE2DEA97704662;;
ES-3200300-79FBBEEC42274C20801EF4894029A70F;;
ES-3204351-4C132CAFC56A433FA6A530A6AEBB1B46;;
ES-3204252-076D1A6B055D4382B7AFCE7D04614791;;
ES-3203205-C33B37B944AE4D81BF3693A02561EB2B;;
ES-3204609-79D727355C2043789F5B22C03F4305CC;;
ES-3203106-87FBA12D4B13471F8D6FB64A49C22508;;
ES-3200607-2EAC18EB5A574315B2533EEAC2FC5627;;
ES-3204906-DE985792D0674EE48C966DD39E5F8D78;;
ES-3202702-AA92BBB515D744A0BE2D95777F483C1A;;
ES-3204104-F575F809CDE049CDBF8EA49281524E1D;;
ES-3203700-7BC76BB931204E8CB600D1E77D409BC5;;
ES-3204559-2AE2377D67E045B0AA3FFD67DBC6B6F9;;
ES-3204559-1495D39EC0814BD0A8EE3A83DCFB2753;;
ES-3200300-AC6957ED5D4449B1859DDF2FD10EE5EE;;
ES-3203205-99C3ECC26A104FF29DAFA81FF219DF55;;
ES-3205101-E1511F5ED7F4477485A76BAA2992EB4E;;
ES-3205010-39B22A2373F1437BA38C791D80BD2D43;;
ES-3203346-9A6555E613AF4F9CAF7E5A32C1D44607;;
ES-3200409-B0D73E252E2D4985B4CFB7FA2F7AF643;;
ES-3200201-F2C81CAFC2C6478B990F432D75009A19;;
ES-3203007-15187154B084465D8C36B8F2486EB2D9;;
ES-3202603-7D93FEAA8A884A3CA4F318C1334AF5D2;;
ES-3201001-D1F5EF875CDA4EC09D9BE7D617882301;;
ES-3200102-032D3F7D9A704759B8AC16D44C152D42;;
ES-3204401-68774A423D5C47C0B24FAF4CCCBD17BD;;
ES-3202603-E62F86EC218D4CCDAD22B95C01233586;;
ES-3203056-223B04533EF041C585572031C1C2A9B1;;
ES-3203908-BDF8D688934A4E968EB7FB8B3B85C461;;
ES-3201001-29A350B484A64D88A07F3D22AFFD0346;;
ES-3203601-08054AE3C46D439792D94A03C1287B91;;
ES-3203502-36EDF9C2E3964255AD5C836C6D2DF440;;
ES-3201902-BF864B1BC1DD4FACBAE1779716BFE77E;;
ES-3204302-8D2E79ECB0D2495C8C6090409C1E47E6;;
ES-3203502-B5D482FB032C4D6A88BEDC5C4B922307;;
ES-3201506-D9F4C6906BBC492B97CCEBB92ED9487A;;
ES-3204658-194270D7966A4482BD5427B86DFF8D8D;;
ES-3203700-EF6325300ED144C6AB49B44AD8BCD886;;
ES-3200805-ACEC612AD33643FC86BDCEE2FB74D6EB;;
ES-3203007-CC1112B323A541DBBFB1B45F6A8A2B15;;
ES-3200300-4E987D7D7DAF43F4AE2538D2422BCC17;;
ES-3201001-AFFD1D90CE2E4AA2A1B56E9CC04784A2;;
ES-3200201-7BAA6A415B2D4CF2AA67DB6105383F26;;
ES-3204609-4199C799701547D0A3742021D75A638D;;
ES-3204559-C7A4C3EBC4AB4A63B275CA05B5F679E4;;
ES-3202306-C74E33363E564528B641AC90D8203CC0;;
ES-3205010-F845E8968280450A88187F55D30A0098;;
ES-3204609-5392A62ACB7B4691A0B2F5ED5BDCB096;;
ES-3204252-8027EF6D5B2F4DE0B846D46F7551ED0D;;
ES-3203502-0CFD2F3572B64D4D958DBB988C838C7E;;
ES-3203403-E911804545164631A1B1E1F12E2CF243;;
ES-3204559-038815A5A5D24DFC9C2B2D85E2C373D6;;
ES-3204302-3555F58141DA4C3EBACBF460EB6CE2E7;;
ES-3205101-584F40DA7E0C438D9F59BA3F656EBD38;;
ES-3205150-667F917FC0074DDEA0E564ECECB9FE21;;
ES-3204559-7882ABBBFC88492890ACBCD43367832C;;
ES-3204005-F57AFADFBD3E484CBBB225D41C274E9A;;
ES-3200300-45D9A4EEFB81461BAF50F4F3D4016AAD;;
ES-3202801-82918B6751D9477EB2FC786B065DA6F2;;
ES-3204708-306659B277214C2193785C0FAE16D66B;;
ES-3202009-D50B715AFD6B4E9EA37421C9F25DD41A;;
ES-3201407-A821B875E03441DDB54F8CAC36329D7C;;
ES-3200359-ADF0289F8A414BB3AAEA774F4CBCDA7D;;
ES-3200904-DFE619380A3A40B69007BF880B21859A;;
ES-3202900-E8ED23E8201146D6A370A6AFEACC73E6;;
ES-3205002-FCA182F8BCF9419C86759C8FB513112B;;
ES-3200102-BDDFA8776DB24E7187A56195CD4EEF5F;;
ES-3204559-BD9940844B2845138D62CF61AA4EBC53;;
ES-3204609-63A72B4644544A709F19F4148193B6BC;;
ES-3204351-7616E2EAE4164987B4ADA522193F51FB;;
ES-3201407-AD53581E57EB40D6A4A8CDDB0B4DA3F7;;
ES-3205069-51AE62310F384CD19E1BCD623F5A7B0F;;
ES-3203403-DFF2C550F63C4730B7BCD94BD4BD35DF;;
ES-3201506-CB6D6116AD7F4814AE2300FC9B64D5D9;;
ES-3203056-32D2176850F04D1C9CFB3DE50A52C1BD;;
ES-3203007-3B6C6E5EB1CF4F7CAEF44B5E16384A95;;
ES-3205010-97CCB79132E248EBB00C4AE72959AF97;;
ES-3204658-5C46F5EC04314D10B5D3FA7D6E892CCB;;
ES-3203320-BAA33781BF0F408B818CF33142CF1F3C;;
ES-3204005-F26A9695596E4B41888C1320F34DA9D7;;
ES-3200102-A6BE640A4D8E44F8BFE11F3186E26137;;
ES-3202405-3DB7FDDD6349450A80847590305091E9;;
ES-3202405-E9F701750FA1401C9659C1D983134919;;
ES-3204104-20278A36ECB74D3A98CF056E9DCF623A;;
ES-3204609-1CECA97BD337484FACF7EDDE12F45C96;;
ES-3200136-CF988DFECD084EF192F31B472D953490;;
ES-3202652-89DEA5A1BC404929B02E5E0C84905C4A;;
ES-3203353-D6028F1E35FB4127869BBA0FA497FDB1;;
ES-3203007-7C6AD6158C9547C8AAE76C391FF34E7E;;
ES-3203502-41092AB7D6AA4A64BA96D56E8C16F8CF;;
ES-3202900-6A8824DB03F54279A95F4014CB780964;;
ES-3204302-A5C789C585AA4A1985B9A0C9C753DFB5;;
ES-3203601-3A4F645673F2448BA8E32A19C90B9620;;
ES-3200300-D823235B9A154B34A73238E6ADB8001A;;
ES-3201902-A02C1766641147E0A28092682F04C8C9;;
ES-3202603-85106D3623D8400D9F09B6F609B4783A;;
ES-3202108-4789A742807E4BBD9D7DDE6C04FF4F6A;;
ES-3201001-7A910C5D583D4D7E8BBF6EC41AEF1A8B;;
ES-3203403-B10365AEBF5747F9A5113A59653E8599;;
ES-3200136-38D5F913E8D647519A88F98E63990C6C;;
ES-3200201-19D03C524C8C4C58986F960AEC7EF0DE;;
ES-3201506-BEC4BD840E204E509D1CBB2780D18CA9;;
ES-3204609-279713B5E2B5454E94103C656D3FC9E5;;
ES-3204708-81693B32C647437699658EF5B7A7EBEE;;
ES-3205101-FD588FFED7394718BC25B3F5A29A685E;;
ES-3202603-B1FA85DFEB4C4E0B95C33546D62E47A3;;
ES-3205002-95486F9A88EF4A18AA936D2DEC667827;;
ES-3204104-0E0714C1B47D46ACA103261A61A2C149;;
ES-3200904-CEFCECEE95874F5E8F44AEF80E3E15A2;;
ES-3204609-5446574C4D154371992E5EDE60B3E624;;
ES-3201407-CC4A18AACD0D4797B0873898D5B57785;;
ES-3203700-FA122914B46543FAA33E2038C95F5E7A;;
ES-3200706-E6A8E950E4AA4C05B8807C556B53D672;;
ES-3203304-EF35EDE9B36F4BE9BD2E343442B6C36E;;
ES-3204351-7E48B1D81DB346759846E97680C27051;;
ES-3205002-838A6D657E3D4C65A093CBA0FD8B3A1C;;
ES-3201803-4C53202BD7FC4A4BB01E39AC51BB59B7;;
ES-3201407-392548543E4145E39D9E4247D49BC02B;;
ES-3202900-505F61119D51434EAA7D517D1B06CDE7;;
ES-3200904-5C02D82DBC53456B8E7CAD6990594334;;
ES-3204203-C34D40D67FBD4E3F9FDD34C45A9AAC2C;;
ES-3202256-6F6DEA2536194BE59E36FD601D52CCD9;;
ES-3203601-74D649C0EEBA4FA6B38AE2F6F45B6FF1;;
ES-3203056-97C94BB8B7374A888D31C57EAFEDFC08;;
ES-3203700-D3ECB7571D5A46B5A89347A2955887EE;;
ES-3204906-FBD24DCD517A4C3BB9A91E262EE1E7CC;;
ES-3203106-C6B6CC770530467A954082AD6E1620F7;;
ES-3203700-0E36BD9863D94CB79C091067335A08C6;;
ES-3202454-FB378AD417664E308F6298F13F49CFB5;;
ES-3205069-321D2E8A45AD448283EE4C199899897A;;
ES-3203700-3DDBD21B7BB94D89B52927A0E6158ECE;;
ES-3204054-60AF49444CCC4DCCB5FBC5D8C266EF9F;;
ES-3203205-F8773CD6838A4A989F36A86AC5C9BA9B;;
ES-3205101-57FDB108E6BE489EB03D616A816E8FC7;;
ES-3200300-2A2564CDC9DB4E9BB036309FFFF79C29;;
ES-3204559-F1BED33B30654199986F9109CAAA71A3;;
ES-3205101-B4756A8D49FA421C828218E7BE358968;;
ES-3200607-97AA7B52D5F947FEA7D71875798E26A7;;
ES-3204609-1C5E3C67F45E4A7B8E64C6421A183896;;
ES-3204906-8768F96A8A3F45AFA81D4CCD1BF1FEE6;;
ES-3201209-88F225CF68BF437FAD59DD885D4B055D;;
ES-3204906-4D13D09269624C8AA408F4E0D413B90B;;
ES-3202108-7D0C67B9C30C4560A52B6A8A3BC3BA0F;;
ES-3203304-7B9802DBC3A54F93A0B5767A758538C3;;
ES-3204955-21B2D9843D9B4E1BB6FCB15D4924F71C;;
ES-3204559-D895FA8AB62A418C98450D15767C788A;;
ES-3202603-A4890EA1DFA24A56897AB0D479135456;;
ES-3205002-CE81F48FDF5244B1A5EC23F2D44A5988;;
ES-3205002-7C2157EBE7DB482092B2EC92F57C24F8;;
ES-3204906-DD3747675B2340F9BBE5C43267774765;;
ES-3202108-505503DB3EF64A5B98A7D37F32A433CC;;
ES-3205010-EAB336C8014042698754C58774BC534B;;
ES-3204351-457F2A35B83E4E9DB2756F97AEBC0851;;
ES-3200300-1FD60E271E4D495395027550B7DBD086;;
ES-3201209-0A390B17FEDF47AB9520D48073E9EF88;;
ES-3200201-A99093EB58504A4BBCD577062CD77026;;
ES-3202603-0931C640848A4E319C0E2B9CD647048F;;
ES-3202454-36D72B308EEE4D91859D0B04AD3A79E7;;
ES-3204351-AC22D9533CA1440A92177C43C3CA1015;;
ES-3203320-983902BE2A0E4E19BA5DC27D8639C283;;
ES-3201407-2BA53B7659724878952789131113CEBD;;
ES-3201100-A167BFBC6AFF4709BE15A685FBE876E8;;
ES-3205036-4A3FDE3F5A074D58A66B113C0B9268E7;;
ES-3202603-D30DF178F0614A6BBCAD6E9DDECF48FD;;
ES-3200805-DF306DF8AA1049C28298A1CB20BFE951;;
ES-3202405-0014404D75274EED8912F8141E76C60B;;
ES-3201001-17413C8DD6724C7BB7921423651DABA1;;
ES-3203205-2076299A555D4580B724F454E5E47E88;;
ES-3203205-E3AB283203AF4CD4B0B5051F6BB79A0D;;
ES-3200102-D896C056147D405ABC260E46CFFCDC98;;
ES-3204500-F60467814DAC4B8DB4FE26B81F931288;;
ES-3201902-56793513547E4C65839A36D9EFED65A7;;
ES-3203403-AC0CD6D177D0488BBA3EB0825F2A1127;;
ES-3200904-FBAD34C20BB04D769A364FC826668174;;
ES-3200904-DEFDB69290DA4C0E9C6B651D557D1598;;
ES-3200201-A0535D542F8B416B976792E6749FCDA0;;
ES-3204906-9500D30FE883488294BCE281818EF90E;;
ES-3203908-2E490FA7DE7143C2BB13FCE563CE8097;;
ES-3201902-AF9E2397824043669126CAE839891193;;
ES-3204302-BE3BF7ECC2C74F31A0F6C7D25893C9F6;;
ES-3200201-999935C4A1454AEBBCE6793B886AE523;;
ES-3204559-6F412F681BF64F9EBBAF78AB16DF4EB1;;
ES-3204351-8587DCB42D5D484E808F9847AB808EA7;;
ES-3203502-D57F8B08C1CD4E14A75AF3C811D6C5A0;;
ES-3202306-7038B8F181A34B18B9A085F176821C8E;;
ES-3204609-4E7026EE20A04DB7B9AE64F7F7647FF6;;
ES-3202207-D7D651D893784AA586D0F4ED772AFA41;;
ES-3200102-82138B3A8B88404F9ACA7223B2C2CE52;;
ES-3204906-C7CBD6A6183C4ADC8160A65CDAE397A0;;
ES-3201902-6B0CE5D0453841028211E0B4E260921B;;
ES-3201407-D34D5B9433B84F6498944222D435E615;;
ES-3205036-C5C9BF254626448D8CE2A7D7DCC299A5;;
ES-3202207-741AAE33CA924C7491AD30056762F0FA;;
ES-3204104-56C0FDCFCB5A4957A4F2AEB82CCBBC8E;;
ES-3204401-C4565EEA9CFA4751923130E8F3088045;;
ES-3202553-B2F26F381681492CBD034BA7222783E3;;
ES-3200102-58EC05F59FD04CE1938D489205E096D9;;
ES-3204906-0E5B94AB26514CE1A811193B78233833;;
ES-3200169-E935207D354F4634AAF2DAA2289D0F7F;;
ES-3200169-71EA7F06571F44EE85DDFAB980D09745;;
ES-3202207-54F55A417FD143F8BD5F44A76C7A5B76;;
ES-3204302-71C5B66322AF496FBD39B24561423FFB;;
ES-3205069-861605D9F19A4FE2A11EFCFC15CE9B94;;
ES-3203205-C3F2EC98C4FF47C090EEF957EF364884;;
ES-3202306-2FF2B2CCB3174C4591CED5C8B7E8CF7E;;
ES-3203205-3D55ED816AA64AED9068B810EA441AC8;;
ES-3205101-71789DE32AF845EF92305F616510B3E2;;
ES-3205101-877F89C6135041D7BBF93ACD41FB0719;;
ES-3203056-1F2A1A12910E4F88BD39AA373AF25B0D;;
ES-3200169-EE9052D3372746F89AC787622BAED964;;
ES-3203908-748238E171A4468A9B4F45D8C283C8DF;;
ES-3203163-5E4F24C5E87E499AB720C70F68673ECD;;
ES-3203403-AF5A1627DA974D1298ED7096F10C1ECD;;
ES-3200904-5CC9C1E3AE8C44F0B41815CEBA5C5C89;;
ES-3200904-99C495EE3F8E4A5991923176460F29D2;;
ES-3202207-7B83906A156E45059D8AA1197123DD69;;
ES-3203320-192B35FD46054212BDBB06BF5E201D2A;;
ES-3203908-387C406B01AD49728D28635FAA41BFE7;;
ES-3202207-872082FE28924DFF8FE74E171B65AC96;;
ES-3204351-64E80DB3D156482D9C79824E0CA22D3E;;
ES-3202207-05B0C10A98EC429CBD76C6A110B3C309;;
ES-3201001-30F00DC00C644112B3AC5B266CD70606;;
ES-3204807-81620AFFCFBC4033AD808486EBE7070A;;
ES-3202504-CE22C9887FFD47459B1CB7219DB3BBBA;;
ES-3203700-528C8F7F80FA46E98E961A71181CAA55;;
ES-3205002-6768A24B17E64B77BA429A97BB548818;;
ES-3203205-6BF25438E9904F1D9EEA11B848A308BD;;
ES-3205002-3F082C13D7E74003AA8A50F8B85A8305;;
ES-3201001-2799ECD87A5444DD8C609665929DDF67;;
ES-3203205-295586A9C0B449E2A469F5FA98C05B0A;;
ES-3203908-DF2EF9B1C84544ECB5D5B4970E52149C;;
ES-3201902-58A4685C9ABA42D394D71BAFFF63226E;;
ES-3203205-88DDD19E04A944A1823F2D7C4C662623;;
ES-3203403-A69FD647BFDB45D3998EA40CEC7EFC55;;
ES-3200169-5713B33C3C234866AD6908D2B6D3E77E;;
ES-3202454-68A330B8B74A4F5E98D651C0FD34ABDB;;
ES-3205002-C28F245806F94D91A1F3C3BC82ABBAE3;;
ES-3203205-F5AEBD38468E4959B683E43EA08D1966;;
ES-3201407-7EFC7575A2AC4C37B7FEF8B7A818B51C;;
ES-3203056-0BAC634580B044D5B66E1366512EF6EA;;
ES-3204559-825188243A5741B4BCCFCCA72B6EE8B8;;
ES-3203601-E86BA32267964F6AB31416FBBE8E0AC8;;
ES-3202652-6F506563666842CEAB946901885B0E31;;
ES-3203163-17C56D06C8D74D248F451A6466C88448;;
ES-3201506-1A23401F48234073BD8DF3B9EDCCA321;;
ES-3204005-5CDCED69FCEC43028E463989E8CD29E1;;
ES-3202405-0504F7BED7D34BD5A3FD2944E178FCA8;;
ES-3200904-80F1A8021D5F49319FF38AB63CD09DC0;;
ES-3201308-0F583FE4DB964BAA8A689A2BF52373F1;;
ES-3202207-959AECA835704D79BB4160B901429A2A;;
ES-3202454-695357AF7DE446848DDAC74FDADAC516;;
ES-3204906-FBF53B8825224D1C941339B483DCEA74;;
ES-3201407-F15337B0D4794DA2B4B636FF8CB10623;;
ES-3202207-B9E764EEA9254969ABEF70D08A504968;;
ES-3200201-3EFEFB0DA21B4AE1A9BC15A0593B1E75;;
ES-3202801-D76E8A4D2CCA499E9B922A584F5FC5CA;;
ES-3203502-BD9D61F7AD784B4482CE64E1CD70D6F5;;
ES-3203601-E653D289F49B490CAFF891DE78B91289;;
ES-3200359-DECE531C5AFE4D7182A4BBE7D4192379;;
ES-3204559-57CDD7C42FFC4B17980F9559451FB9B9;;
ES-3201308-65541892C31F40C3937EA2C0CABADB3F;;
ES-3205002-5F877B113D4F414FB2424F086F31DC86;;
ES-3204609-48C271608B0B40EF9451FC18B75DAF73;;
ES-3205010-8507272A5E9C43F3BD967648E320CBAA;;
ES-3202454-2178CA08CA944C8DAF8488E61730C704;;
ES-3202207-ADBDCB9F97C84666899D0FBDA6C3E499;;
ES-3204906-DB16E96C24F74EFB9D45C2BB6B57A626;;
ES-3202603-AEA00082CDB043E0B0D7A8089AAD16EB;;
ES-3200904-EFE0FF0B46E344A6810374FC492A1493;;
ES-3204005-49D2B896D5174A9CA295B2AD490E00E2;;
ES-3203205-0C7643FCECB54697B9A2248BDDFD0B6F;;
ES-3204351-CE318F4EF0E4441FB7C62EABE086B283;;
ES-3204005-6AE897068B714130B599A042168473A3;;
ES-3204658-7587CAFAF5394023803F6762CA38DB3A;;
ES-3200201-B7640101E9694370968B286DB0F7605B;;
ES-3203700-34759A064BEF419F89224FE82DAA4E68;;
ES-3204906-895E22254CBF48C49DD8646B7E22871C;;
ES-3200805-6E64B62164D34F79827074E2EEF7E7EE;;
ES-3204609-ABEADD10F99B45FAA5B2200259D6611B;;
ES-3204906-6082A05CF3A84028BB26724ECABF6617;;
ES-3205010-EBE7C7A423594C6891953C44D1F88E9C;;
ES-3203320-12C337705BDB46079BF948DAFFB71419;;
ES-3202207-8DB4560ACF7E4013A58833BACC8EC763;;
ES-3200607-E1DD2A36DF9E491B91B2C193C1200070;;
ES-3205101-4A6089D8DC434DAEACB9D70F496D302D;;
ES-3201506-8A276956453F4E0A9873F1DC85CD9094;;
ES-3203304-27292FFFC8E3409EACD5F8EC83D67F79;;
ES-3205150-71926AFFB8FC43AD9232E37030EBAF49;;
ES-3203700-7FB8ABD04ACF4289BFC50EDABF80077D;;
ES-3204906-4493D775AF4448BDA87E23BD7EA08732;;
ES-3205036-5E39E9AE7DAD45DAA20AC72AD52AF2AB;;
ES-3200102-FBE3FF57E1EB44CF84F0B43DE3DAD8C2;;
ES-3203403-85A8038873DD4B9592D3C184F531E93B;;
ES-3202256-C29664F812734BE6B1C1210E726366EA;;
ES-3204302-79F694B16347435592E4ED70B4A4F349;;
ES-3203163-A349EF909167424A8439C0E702D6BEE0;;
ES-3201159-7B83AE8B0D224A94BA76FD50DE4BBFC7;;
ES-3204252-6535379B94F1469B80DA1E56FA122966;;
ES-3203403-90F527CB659E4352BE3EC32A80CCFECA;;
ES-3200300-7E0308F18C50483D9247ED80B8E0E7B9;;
ES-3203304-70DC81F60157454A9C58BFAE383878A2;;
ES-3204302-5231C39445F54DE68D94619F68DE6B1C;;
ES-3200102-9530DDBAC1174EF9B50CDBDC7AA8351B;;
ES-3203205-804ADA259B5F4629848DB0C9EA2804C8;;
ES-3204559-1470FC5A35A74E92ACE9FF33415B8F35;;
ES-3203056-6F688676C7B14B368F423CF991BEA159;;
ES-3203908-DFC8ED929EE54D25955D61D1DE860E38;;
ES-3203130-5E8AF4B869B845038A66AEB0AFE3A07B;;
ES-3202603-425EC131BE1D4035A1F12FE57FDD64EF;;
ES-3204302-9BE268626C7847F18BDB1120198C7C4D;;
ES-3201902-259D53B4C92A4EE88CAEBA4C9FC6D615;;
ES-3203205-FCFCCF27BF374788949C622E24CEBBE8;;
ES-3200102-323B14CA08AB492ABBD969E28E580076;;
ES-3203809-D24840C032504D67AA885302C5008116;;
ES-3204005-87A9E8CC3BF449EB830B4C08447FEF08;;
ES-3205200-EC7B47A652D5472389E54CFE6EA142F6;;
ES-3205200-7CFF9B017F0D4699802AD39C44EBCE2A;;
ES-3203403-2B032E30706E4874B8B646E9FA6EA342;;
ES-3205069-0CE7D83FEE374DB992E3FC6869A4747B;;
ES-3203809-243C98B6E2EE49BE9259C240174C58FB;;
ES-3200508-B4409EE5D9444C9DAE9D32C2C0C005D3;;
ES-3201407-1709F067A2B040BBA2840121239A9C88;;
ES-3204500-165899DB390647ADB8B5D5C9C341AC80;;
ES-3203502-44E60243EB2F4619847EA066C40C35BC;;
ES-3200607-085474CDF07E44EE9EA07320D61AFDFC;;
ES-3204559-34A7D189B2B747779F93044FA582FD6F;;
ES-3204351-69C630843F7945A69B0F002F0763AE96;;
ES-3202207-1198F6D7B27444B2B3C49F1236F4D048;;
ES-3203353-23E1F60AF89341C5A2EE226431C84FA7;;
ES-3202207-C76C833A6EBD48FDB01B9CE288A0C75F;;
ES-3201159-F36627BC46584E5192A08BB6BC9339C0;;
ES-3204351-AA4E49748F744CC598BA3F0CD201B7BA;;
ES-3200102-A4A05D2C94EC4ACDAFB7CBF044023859;;
ES-3201209-0F240923859B42A7B63F0C6AF2555C62;;
ES-3205002-26F56DEE11BC47B48B79C2FC7EA19CA4;;
ES-3200904-A632BC396F684E18A721B3A11D38B0C8;;
ES-3203304-31E0E9EEE9C442FC9BC7EC2642FC52C4;;
ES-3203403-39093225B2444D209398829D939B2A9C;;
ES-3200201-F7C321D1DBA9499EBC3AF9FC39D0BEB5;;
ES-3201902-3CB31D093A744622B12759559519956E;;
ES-3204559-7303F39914364FDCB81A1F7F71BB9A69;;
ES-3201506-153E5FB72DEC4598BD23AABFB0185F24;;
ES-3204559-8250ABBC3AC84C4D8926D0C4C4344A8C;;
ES-3203403-E1DB901B46FE4D4A8584C0680F5E4BAF;;
ES-3205176-761AE13635364D569E894171763167F5;;
ES-3204005-E477054371934251B4329177B1F91AB7;;
ES-3201803-1B850A14971242819B6E9B33BD9E8C70;;
ES-3200607-D61EE3DDBA4146C0AC9CB2379394B0EA;;
ES-3201407-3561F89861714110B5EC5AFA421DE9D2;;
ES-3205002-3781AD6D86AB45E0945213C672955809;;
ES-3204005-06BF61DFB72B4B5794B1AEB5B6258563;;
ES-3200607-C91A0E54F7124EEE97EE670CD94BC861;;
ES-3202652-50D65B117173447CB5F8F2EF4CAAE12C;;
ES-3202603-3B02DF622CF24F2C93C50F4ABF11DBEC;;
ES-3200102-91F5FA122EEE4746AB2ACAB39A1136D0;;
ES-3203205-2C065B1030EE4F6082ACBCFC17230B31;;
ES-3204906-B9567FB36F0F420FAF2B20E3A39E204C;;
ES-3204955-DA79950213AC4AECA6BC09A99DAAFAA1;;
ES-3204559-0757868AC17B416EBCA0C422428D8678;;
ES-3203809-DC01D7C8470E436BB053DE93488E55D9;;
ES-3204252-B0CDFDE0A7A2447DB7A60CB234B3BFD7;;
ES-3202454-44D34D30B38145C39247F659F54DB2DC;;
ES-3202702-A9623638340A419E96011B8E832120D9;;
ES-3202454-EDF709DB885C45B5AA0C14B53CFD1CDC;;
ES-3204104-A846E73C2A534717A145D59D90A4EA5D;;
ES-3203908-4568D659136847E0B97AA3DB6E220C2C;;
ES-3201209-D8AFA06098B74127A9C1AD2566812D77;;
ES-3201902-C7AF489CE529429DAE14FCF96F2F1F05;;
ES-3202256-92DDC82DEF254FBBB1FF9054C8ACB5A7;;
ES-3203403-ED63231B51624A9D85D15CB7D2499060;;
ES-3204559-E1E81CB00519425196AE2115DA09464F;;
ES-3200102-E8DA5F50305145E8AB4CB4D5DDBF1AC7;;
ES-3203403-35D9BB3A36CC4AEA84C55EF0FBA1D44D;;
ES-3202256-BC1602163DA644AA805ED4E3F8AFC84E;;
ES-3201902-898DF5F4E1CB4877911C7B92068AE928;;
ES-3204302-DD3C8B7966EE4ACE92607FC0FAABBB39;;
ES-3203320-ACF2643A50E74F9D8402130241C36D43;;
ES-3200102-9B4FFA7D5F0B4031994B27414FC34031;;
ES-3203205-255865D3D6F744C7908AC4E43BC253A5;;
ES-3200102-134B4A19569B416FAE1EEE068B45C9D5;;
ES-3203601-983FF886C3304630B2F4C6A9787038E8;;
ES-3204906-C00120F15C5C413BBC3CA471E8308CCE;;
ES-3202405-A3772F1C3E5B42CE899E6DAA2C0E5396;;
ES-3205200-B7D43E1BBF314985A64190E51F5F63D1;;
ES-3201902-1F71331927014AB1B4DB568C4456F3A1;;
ES-3203205-A3FC4C5D55774600A723C780BF0EEE63;;
ES-3201407-608C3E9AF8644BE4B9303111C92BE342;;
ES-3202900-3B80A748DFD84108809AAEB2A61C6450;;
ES-3202306-3103E7F6E41042A0874F48704DD594B4;;
ES-3200300-23D08E73FA914EC8A33863F313DD0080;;
ES-3203346-F0AAC4C2F36340CFBE2A625150B3A9F4;;
ES-3202207-A46A739410C2410DB74C887A9823ADFE;;
ES-3204104-11C9F79F3D0E440E9ED91FD99DA8C51E;;
ES-3203601-3F2452A8B3304EDEA0438225760B9600;;
ES-3203007-CB2FE43D62F142A3AA930D43F5CB9BA8;;
ES-3204559-85C5E5087FF94348A90117D97692728A;;
ES-3204609-212BF430DF7748B3A4F1CBCEED62A4D4;;
ES-3200300-6F65B304BF264045BAD959DA6F0AEE8C;;
ES-3202504-14E4484992374BFFAC1420274E78B150;;
ES-3204708-3B772694FF82461890D1760ABBE80DCF;;
ES-3204351-C716E9A36E3B4F6C8A933F45698E96B3;;
ES-3203346-341B0CD8F6544CD2973C1800BDBBA68B;;
ES-3203130-63C5C0591C174E71AFF8EFC3D3CF27C2;;
ES-3201902-E80356224ABE47EE89299F11446219A3;;
ES-3205150-E1490430B0504F9AA24A185D1898F691;;
ES-3205101-2302D0781D1F4A458E7E1D1966BF3224;;
ES-3202405-79D60C747874427ABFE27517F9B3D1D1;;
ES-3203056-71F9CE2E62A14DBEA47AF91C62940C17;;
ES-3201159-517719E61D6F484489593863CEF84982;;
ES-3200201-9F1D9987A3414410BBD55DA58BE4F9B1;;
ES-3204906-08F2F58F222D4E66B31381D2701C423D;;
ES-3202652-85DB4C5DA4D446FB803AE43970B9F3CF;;
ES-3203320-2E444773D5A64FD3B715A8BD11176640;;
ES-3205036-BE38A7364B43411FBFE71E533B1707A6;;
ES-3204906-CA9DBE3DAA71435E830A4C702CBA8245;;
ES-3200102-26A3BBB213034FBEB33916D834B99A64;;
ES-3203908-432B76C883CD498FB5BF671A1A8B638B;;
ES-3200102-300AEEDF102248C4A94BED0E2E171330;;
ES-3201902-39B7BF2360A9409FBA33B31B41EC0FD6;;
ES-3201902-34B462D36C4F46539F7311BC7E1C7E3D;;
ES-3203205-21C73D7BEC7249FAA54CE958296472F5;;
ES-3201407-9384A967C46344A8944B8237A6B35CE0;;
ES-3204559-E71C0CB8DD1745F18F7DC2DC786EA4BE;;
ES-3200169-647DA0E9B78D4699AB86A34FE892DAA1;;
ES-3204906-3A451D28C4DC4CDE90AED55C7EB7E1A2;;
ES-3205036-6934333BDACB4649AEE4C1909FA69F7A;;
ES-3203007-A227AE22595944ECA0B90E64F27BE194;;
ES-3203056-07835BBC34D24B629A322E381136850C;;
ES-3200102-50512FA12A054A91A9D5C2B996817F6D;;
ES-3202652-38E00F1470FD4A37A8316E1396589518;;
ES-3202603-DB4D8AF01E1944DEA699766C507CD050;;
ES-3203205-522792A5F3D8405FB1C9421B7AA4D1C0;;
ES-3204005-90A51049A876453FB2B428B9D98C133C;;
ES-3204252-D8229D589A6E4AA8808810B778099A8E;;
ES-3200201-6645265B773443D5A045DC99D7EA955F;;
ES-3203056-7C7E74064CE94ACDA43355388A802A6B;;
ES-3201209-67888AE6B0214FE099128E3E02A91EC7;;
ES-3204906-60DF59ABA22E4994AAAC052469F59A47;;
ES-3201407-A54B0355E5644264B6BC706B2E2BF791;;
ES-3205101-9DA5F841CD6A443EAF7F518F87865A17;;
ES-3203908-3531727D7EC04607BC103743D4D538E1;;
ES-3201407-3DCC5327CF974E54974448DFE1A6F09E;;
ES-3205101-7171DFB9A76F4F2099FF219CD53B9C63;;
ES-3203056-E1B01A6D5673482186C1D3FFC56BB2A2;;
ES-3204559-E63B8D3B8DFC445EAA21B33FC72A39D1;;
ES-3203809-861526963C4F4AACBB57FC69EE3877DC;;
ES-3203403-7823B5B39E8B49F4913F2B4D04BA34EB;;
ES-3202553-A73C621B1BB74D049DA7003D5E0CE64B;;
ES-3204401-B2335D6FB7A04C21A6D16078B18773F3;;
ES-3204906-47EB895E4968455D9506570AA1BE429A;;
ES-3201001-3123E23292914BDBA0D76C8C3AF405FE;;
ES-3204708-DAE9EFEDD901459C96678DD10A390288;;
ES-3203205-ED8206F178E946D6AA75D9CB94887742;;
ES-3204906-F1D3057A3BAD496BA8A90F77BD9CED96;;
ES-3202603-C7BDF2FDEADF4BEDBB45C9BE9CC69AFE;;
ES-3204500-AB238FE6352B424EA526669D95F0A39C;;
ES-3200607-E3CC86DFD3604BF9A1096A7B9E4CABEA;;
ES-3205002-C3D3BA77C0BD48BC9B2D3A42C810EB31;;
ES-3203205-1A77691E7DCA4815AC15B2F29F509A09;;
ES-3200805-0AD3CFEA9D2D4D3AA84FD358F7A22BA4;;
ES-3203320-8BEC5AC30E9F410E8D35C4CE6976A0CC;;
ES-3202405-0F23167E50FC4F068B1CC90FD56D33B7;;
ES-3204906-99F6DA368DEB4D2FAC6858C1A484F062;;
ES-3200508-B300AE3B51CC4F26AF225178006CA65E;;
ES-3204658-E596363548894783B3094FF1420923BB;;
ES-3205101-472FD43232804C819F272C46184F4690;;
ES-3201159-7F243096BB5544FDBDAE47E1DF894347;;
ES-3205036-2E2D5456772046778EB70BAF8D880390;;
ES-3204559-4416A764568F4944ACEB3F72722C0D45;;
ES-3200136-76DEF08DAF2C4A6CBF7F0C8F87E3DCFE;;
ES-3203403-A1F888C2C191499EAE39D879F82A9559;;
ES-3201308-1BD993D670CE45AD908DBEB90D55BB71;;
ES-3201506-21A1554170564EBCA4F403C93564F5B1;;
ES-3203205-6785D4DCE6C54B079AF883578FC82D07;;
ES-3203700-5F07F6E3E6054A7DBBFA941BB7924BED;;
ES-3200607-A1D6CF84C9C24C8BB2EBE4D79AECD459;;
ES-3204054-38A9205EBCB4480D9BAAC8FF67112AD5;;
ES-3200300-FF9EDF01F47C44088189AE24B13EFACA;;
ES-3204005-FEC8429FB5E44DFFB7687B3BD15EF36C;;
ES-3202900-CB95340D9CE7447FBD660DED08B68540;;
ES-3200201-FA8B1CDFCF8C434991F9EF714E996E6F;;
ES-3205036-4A8EC62297E3430FBE7F70BE3D24D6C2;;
ES-3203908-E666872B7D494825AC51F40EC55E03E0;;
ES-3204955-FE885CB683134BEAA054D3DBF5556FB7;;
ES-3204252-86CF7A4B494C4261940EFFA60F05F03A;;
ES-3203205-53068569F1BF4B21B6B077E33693DF5D;;
ES-3202603-09FBAF8921ED4FA8A3FD539278F44602;;
ES-3202108-38ECB6B1F9E844EEB9C16E124930ED46;;
ES-3205002-F9E6AE5FD1D844D29BEB2BD6FFAAD934;;
ES-3204955-E65A6743C351402F95A712E64F86A30A;;
ES-3201209-930C0B74CC2D44F4A19E8494A0B1F3E2;;
ES-3205150-6BADF9BBB2C546AF9574DFCBB3C5B8C5;;
ES-3202553-3932C4F3277C45C2845DE33B30844A44;;
ES-3202900-4F3C3C87A9214F15A27C3744E666F448;;
ES-3203908-0DB405E45102455F857B8B9A49FE0988;;
ES-3200300-89304520D87147099C7594F3904EB035;;
ES-3201407-57C6BAB8451E492B8DDEF7F7C3D75458;;
ES-3204252-227DA7C69E7D43409EABDC5A05335F77;;
ES-3200300-1DE7ADC801CA4880AEC34D33F22BF5C1;;
ES-3203163-C887EE5AFD9044D49B886033ABBF39DB;;
ES-3204500-6BD1B828D7B24C2CA8F6CE526BF08632;;
ES-3204708-BAF54812D5E14794BB063615A7D62568;;
ES-3203502-5FCD57F5488640FA9ADE752FBE5A97B0;;
ES-3200300-D5F14C48BA0D43E6A738258F079C772A;;
ES-3205002-1D7C295CD25C4C3E810E7EE0F264D9C6;;
ES-3202207-5758337349EF4BE6B17A6A1DB7941FD7;;
ES-3204401-2CD312319DCD436D80B0254C7C7B3ACE;;
ES-3200169-CABF4386C8FC4422B77528977B38DFBC;;
ES-3200300-5CAC154E661A43248F1CC32BE6787199;;
ES-3202405-59383F5BE0054668A54D6BC8D5BB0DDE;;
ES-3203601-EEEBEEAFFC0C4DF4BEDB7FDBE7407196;;
ES-3204955-274978A94D5745B6BA9A164492A4BA57;;
ES-3202306-B78D951868F2460B89AB6CFF7CFABD19;;
ES-3201308-09377C4BE7F847109A1501F5E86A223D;;
ES-3204005-046E3438FA03456AABA01B79FA790159;;
ES-3200300-0F84BF9B3BB44E3282B00173E1847A06;;
ES-3203106-63A6D691B97B4215AE736AB269F2C3F5;;
ES-3203601-6BAF80956F2145B1AEBB38F47CA672D4;;
ES-3202405-C974AAD1EBE64C838018CD6DB858771C;;
ES-3203353-F61B84498FEB4BF7882DF6B09B59D071;;
ES-3205101-C67AE37F4BC641A396DF5DA453C82EB1;;
ES-3200359-35FFD6E4DD2F4A9598BA679BD66A4EAB;;
ES-3201506-5500067B73D648A086400E8D153BF0C9;;
ES-3200102-1773B34F4FE74B96AE7B08D8A4ACBB03;;
ES-3204500-ED6D5C3A77874232909E9EDF5A754600;;
ES-3200136-FF6DFABE74BF4473A5FC02282CAE1EE4;;
ES-3203205-E896AEAEE7A94DC8A5F50AC32CC6EE26;;
ES-3204906-75471286B628417FAE8C426339AC19C6;;
ES-3204708-9E7FFA7A1A0C470D9BC7F79A7A94AEB2;;
ES-3203163-FBC78734ADF24755BE039CFE344AAA7D;;
ES-3201209-5A61C7D7077C471C842B065F8C514FF2;;
ES-3204559-8FCECB4995C64AADA93032212B1F9178;;
ES-3202652-92EA7BCDD15342968C5BB4032D8BECC8;;
ES-3202405-633E2C205D674FEFBFE1585BABA7F042;;
ES-3201308-9160A91ED24B437A93E5AE519765995E;;
ES-3202603-8FA66E8903B442A0B3ABF491EB46B0C7;;
ES-3202207-05F38103054942D39F4F4AEBF3408C9A;;
ES-3203908-A955704DFB6A462C8001EE9B8F945764;;
ES-3203908-CD5E4AC418C941FF98F601A39ED97AE3;;
ES-3204104-DB7FFF36273E41FF9CECC34A4E94F209;;
ES-3204559-F2169D04E5FF48AC962300CA47455C2F;;
ES-3202207-887E079FDC2B4F5B98CDE3A3F3C03EC0;;
ES-3201407-32C5CEB525654BEABB77901737AD8039;;
ES-3202108-C865467D36CE4C898381FC6A523FC43E;;
ES-3203403-5B3293A8FCE749518B4C8545E283F0F5;;
ES-3201209-F62A9AF84487444A94092693CB8B78B9;;
ES-3201803-A09D1966F32E4B36AF553EB5BE61CCEA;;
ES-3202454-571AC95633694EBBB77D5C8A47127C36;;
ES-3205150-9A41DF42C9DE43F090E90A4B7FF0BAD9;;
ES-3200300-8EE1583E150645AAB5B7AA1D61CAA952;;
ES-3203056-AD1355A04870442692DF83074A91EC76;;
ES-3204351-9F13BEC6B4B5433E8DC6A1893EBCBDDE;;
ES-3204351-7A2AF53B0DEB4A0A9BC02D6723A81289;;
ES-3200102-97EF25C695FE4442B989C84E809E24AC;;
ES-3200904-8846C775698F425A8188DCC4325DFA24;;
ES-3202009-856C28B6EE9F422BB1D87EDDAA4F0C48;;
ES-3200300-429F567CE94C4F57A00A3A6C05AE19CC;;
ES-3204005-2D813B34B6FF436FB622608EB02CDC82;;
ES-3200300-64F15DE2B5C44BF291885528E5E233A9;;
ES-3204005-B0EC3F46EEAA4A2EB15AFE7AD6F16997;;
ES-3203908-08B0FEB0AAF341DCB52C9F9E63A0E2FA;;
ES-3201902-A4F3A73B57A04CA5976E43C1F33F99FA;;
ES-3203304-ED435221846F44E08D5501EB320E2978;;
ES-3200300-67EADA83F840442AB59424F8B45FBD4D;;
ES-3201308-08A02AD531854FE99BBCFBFE47B7A5CA;;
ES-3200169-1AF00D612F2140888463681A08B811B2;;
ES-3201308-6C1B088972654F74A094917D459DD787;;
ES-3201209-148D220B1C794D64B7C1B5DFD8073D52;;
ES-3200201-42CF5698F07742DB9D74185EBA3E6637;;
ES-3202009-B3F9A9A6BDE04EFA9C28709065D8DF16;;
ES-3203205-980D8DC7D5D04EBDB71B610C828B662E;;
ES-3205101-CE8988C3F102416DB44FC810E2F99711;;
ES-3201407-0427512A8FD14D7C9D023FB9DD05584F;;
ES-3203353-8046E9C37AD54942ACB0767D1C503815;;
ES-3201902-1A8AFD4E52564580963470DA6FBAF259;;
ES-3202652-62035572B05C41289097919B9211B88B;;
ES-3204351-E5ABB799356A47D0BFD13C99E004572F;;
ES-3203007-5AF046BD281D41C99EA81594AB6DB356;;
ES-3205069-DEF39EB4138245F49F2AD3AA929ABBC4;;
ES-3204005-FCFD2D87F9874E29B8BF14E3C0131A48;;
ES-3201803-DF05CD39C0D94334BCD7A60E81DEDDD4;;
ES-3202553-887C0A3A840044FCAB622D1465AA570C;;
ES-3204559-75228F3E60A5477A91B594CE33512AE6;;
ES-3201704-8AF496E5847D4142A9228F98E2168BFC;;
ES-3202454-902357AF872B4FDC9C314714DD2FB5D6;;
ES-3203163-21A207333862447B9563438A5AEDA3A9;;
ES-3203809-B70F8728868C44B18B42B20F4B5D17DD;;
ES-3203205-086967CB844446CE941C86FCF0E6866D;;
ES-3202553-351DA080CDA6436E8E015BAED5BFFB27;;
ES-3202207-07FD86A9E9104C8CAAD8BBACDBE08B8D;;
ES-3203403-F3CAC5AF1D874BE594D193C0466612C0;;
ES-3205002-43C4295B44654658884C03E0CEE02686;;
ES-3200904-83BD5B98690C49E980B2D0E93E8A66CA;;
ES-3203908-ABF0F8E5350042C49AD690C0AADA778B;;
ES-3204302-552FB0DE294D401AB9BD080FDAF0C281;;
ES-3201308-A6FB90218BB743FE888636DE0595B88B;;
ES-3204906-630AB551C44B40BA957D091C9B2710FE;;
ES-3205036-B398B10014C340F087D4BF3F8997EEA9;;
ES-3202702-E9D23D331ED4414F8EA2A037C411BC73;;
ES-3205150-F7EFFBF68E6443FE90F9F83442380EE3;;
ES-3202900-F422ADFADE00434B89EBF10E709BC435;;
ES-3204559-8F126ED17CD14F8B8E4B865CBA1A7422;;
ES-3203007-15C6D856C8474349A336D42291000E54;;
ES-3201159-88B266E3145F47A8B12FF0C2B95F1310;;
ES-3201803-073A5B1F38D74469BCE406EB1AC786CF;;
ES-3204351-56A14148D61A4E138EF73022296481A4;;
ES-3200300-7D07BD95B10C453FA536C3B9BE094B24;;
ES-3200201-BB9C84973D094165AAC571FDD2E23AA6;;
ES-3200300-875F990CBC5C4B8A976FABDF16B05AEE;;
ES-3201308-64DEF50AC41343458A4AABEB746F2A28;;
ES-3203502-08175FC71D454002A7B950948B3E68ED;;
ES-3200904-37C42473E2B945CCB9212A32175F72BB;;
ES-3202108-DA45D797BBDD47E6BC8601118B9FF6DF;;
ES-3204906-792D7B2BD5EA40678940EFBEB5062DBE;;
ES-3200805-DB3E5143E15143DEB70EB6CC8AE089A5;;
ES-3202405-BEC32681B268401F9B932B83F8415EDF;;
ES-3201902-85CF3CECAA294D7A8327DD7C66C1CAB3;;
ES-3201159-E877C0A37FC14D0787B930D265763BCD;;
ES-3204559-9D4DA1D0C77542879E2DD4C89EBAFC41;;
ES-3205010-CE2814DB0B23403AB1C80A9DFC599270;;
ES-3204807-333D6F5BBBA84D5E82457F4677776759;;
ES-3201506-85B0672E3A534556BD20E3DA6D2EF317;;
ES-3204559-98FAFE91ABA94D1D9712776272335A15;;
ES-3203809-800DDC83F12D4264A3B459702CAEE434;;
ES-3204302-2740A05B90A6418BAC0A489A591376BC;;
ES-3204906-2670FF44E90D40D4AB2D11905480EC05;;
ES-3203601-D235AD9F95244B618166E77D0CA13CC1;;
ES-3204401-B05B95CA2BF744D7871FC35A98B86BC2;;
ES-3204005-218A130CED014CE8BE3D419AEF26FA80;;
ES-3205069-9D871DBAA6374E8A96CFFF2BE88B2A55;;
ES-3205200-660079CF3DE344A393D07D53C836E7CD;;
ES-3201902-D3617942CC0D46C097BB4524C362471C;;
ES-3202207-E49B22A2566542EE9A7D28506E3C6B38;;
ES-3204609-F4471555D92044EE8131B4F1B8B9D056;;
ES-3202405-D58A72D2FD714F4A852592ED3B3A231A;;
ES-3200300-FA8273AFCC3B41518C40916F0A575C28;;
ES-3203908-44E24BB450994FA8B51A5195ECC03545;;
ES-3203007-4F86FB5ED0364A24BC12042EC6DF08D2;;
ES-3202009-B0C89B8652DC4C0D8F56D2C44903BF81;;
ES-3200300-747D7D5F678449B6B7F93421AF0B0885;;
ES-3205176-663AE65AA59E41299E506C57F2650563;;
ES-3205002-024D2A7F7AC4487CAA73BC728CB86BAE;;
ES-3202900-D471E926DAD344E4B2BF53A35511A50D;;
ES-3201902-A2942262B1484966A901A74F46EC88CC;;
ES-3205176-F0406C1270184E66A6EC31B3278FAF94;;
ES-3202702-477E22114D054673844843FBE33B0951;;
ES-3202603-EF2D3426E60F4361B1A7F5805354199C;;
ES-3205176-01F96C7C4DE144669A6736AECBEC7995;;
ES-3204955-AD0E72B6C74447DD9AFBFAF45451EE38;;
ES-3203007-35F198B735CC448EA4CC47C7F2396BDA;;
ES-3204351-A2988B3BFFAC4A3191F630BF5A964A28;;
ES-3202504-BC30A2358B364EC59CEF4961A3C1667B;;
ES-3202405-6BEBDD62D35549379026D45EC028FFF8;;
ES-3203908-02B62C79148F49A393B153D100613B2B;;
ES-3201407-F3A1EFE9661B4B3F9B943799B6852084;;
ES-3202405-7846D6AFA3B24C01A2A9A2C1336C2BBA;;
ES-3201209-B04AB8D283D640C5A30D0B35CD4EC989;;
ES-3204906-A82DF9BCC40A4386B92196D366F98E2A;;
ES-3204401-6CEFDC77C3E94FF3A255DA74AD91A136;;
ES-3202801-3AF74FFA207449F4937589CF5DE09F98;;
ES-3200136-423BC517ACAB4080A60489CCA6247BE9;;
ES-3203601-72FC7CF1AC0147D5A1FFA20A45D01422;;
ES-3202652-AF456D7C70E94AFC96BAE69681555BF4;;
ES-3201902-576768F868BE49BCA7C802534F2A952E;;
ES-3202652-F6A92A1901794663BFD944904BC7BE9F;;
ES-3203007-87A1333734B4478AB3121F04EACD87F5;;
ES-3200607-6F7B677543884C1FA1C1CA6F369B9F0C;;
ES-3203403-0972EE7D2482407EABA0E4837610C175;;
ES-3205002-486E20A581DD4FD399BB78DC268A252F;;
ES-3200300-7667C24F61FE495392EB74AC34F55C4F;;
ES-3201506-D3B1D92D31D64F5299EC5AFAAF4C7CDE;;
ES-3203700-AAF47FE799AB4BF9B321BCD3BE1EFC9B;;
ES-3200904-01D5C9AAE6304FDC86C8D408FDF2A17C;;
ES-3203205-20D8C8E15C95406EBCEC44D48339C4FA;;
ES-3201407-08D5D6F2F01C496881A80FA4A74DBD1E;;
ES-3203700-C343BB43CF5F4E06880D966259D91EC4;;
ES-3203353-3188ED7021F54AEEB0B09EF690BFFE7E;;
ES-3204559-C0E79AD95A16405388D809BCDDCEBDBA;;
ES-3204351-623CBEF9487F49E7898C91B9DEDF0905;;
ES-3200805-8BDF990CEA604852B10C275279770D99;;
ES-3200300-A975FEA4A3B74B37A729D9FBC9F0218B;;
ES-3204005-98BA48463A4C4E728A08694E4EAF2A7B;;
ES-3203007-6337669DFA2148F5A88990457E230453;;
ES-3203304-9EA2FEF2A7EA4575B52A8384B558E9EF;;
ES-3204401-65FE40FAB43E4A51B8B8BE292AAD2B5E;;
ES-3204906-B27D096DDEC840A4989A88B8330F5F29;;
ES-3204559-FAB6FAF28DE94D41B7A3B4706391C543;;
ES-3202108-832F6D6EA9B1433A92E32B6F4955C944;;
ES-3204807-9BF0594415D7466D8131031AA2D21A6B;;
ES-3203809-9B609CE5DE3F4086BABC938D2EF693B0;;
ES-3202405-0A23DBD85B194A18994A946F16E79C7B;;
ES-3203056-C28AEA5F011A4D3988810CD0556E09D4;;
ES-3204054-28BE9C05423E4CA9BE451090A63B895A;;
ES-3201407-FD08799B4FE745DA8A29F75E8A5B74C5;;
ES-3204351-2E6D1A8F4FC54BF8B4195BC5D4DDAE1A;;
ES-3205036-1DC604F563324EE784E08DEAF040CFD7;;
ES-3205101-B0F17A4275A44DD0A69D7B92ACB7B402;;
ES-3204906-7A18104ECBFF4A558529A503BBC08B17;;
ES-3205002-5EC12529A3084B7AB2A8B53B04A7953B;;
ES-3204906-21F9D67434244D5EB6FD0288C898C038;;
ES-3201308-AA34604C1C5C4B76A03F2C53E7BD3333;;
ES-3200136-6AB36A48E42846209DC341E05A9E782B;;
ES-3203502-68CCA86760A54669A254E73E56654EA8;;
ES-3203163-D1328A90108449A6B5362999A4CD2862;;
ES-3202207-786F103761624480B2FEC5708E87D130;;
ES-3203908-D960DE1BFC7D4571BB81358BD55298C8;;
ES-3203163-29F1046C343E469CA44E4A46537FAAF6;;
ES-3202207-9CC75BC71E874F258CFDF620C74BD14E;;
ES-3205069-4390B386642F45B1AD6153BD8310DE84;;
ES-3200201-E24A5D2A67DC478AAF46393D2B3DB5EB;;
ES-3200102-73DCCBEB60564CE3A4C0DC3F75BC3968;;
ES-3200300-C172FC8CD1044FDA80AD95B58B72E19E;;
ES-3200409-1018471AED8A46F6AF4B9AD557E81D37;;
ES-3200607-E026E0E1E8BA4C92A9EC4554C5824826;;
ES-3200904-8DCEA1EA46294968AB2438AD115F8BE4;;
ES-3200607-8395B4E1555A4FFCA2E4C05D17DE13C4;;
ES-3202603-28C345B43A02442C9739F7A4DC936AAA;;
ES-3204500-8036961FC0B6445D9DF70260B8CFA3FF;;
ES-3200169-A936C2760AE746BCBE1F7FF1D95CC78C;;
ES-3204906-39A0A87CAA484F02BB21428A2E7F91C9;;
ES-3202108-A22564568D2345AA8F1A6F673A14E644;;
ES-3205069-0039F158CD7B4564AA1F05FDCBC6D133;;
ES-3203056-29447EBCFA514CBF84DF49F11415560C;;
ES-3204559-2E192CABDEC24632804F8D31ED1EF61B;;
ES-3202405-48307AFEE22F42C8862493C9840613EF;;
ES-3204708-128C3E463E114D23A8826137D0F36198;;
ES-3203304-5FF3B65608234E6FAEA239EE1D3DAC53;;
ES-3200904-FCCFD42B842D4FC2AE8B6EAE3F1A7AD9;;
ES-3204401-0CB088DEFA9B4BA88BF8EFF738B0C386;;
ES-3205176-46AD49F2947E4CAA98A15DB3FD47569D;;
ES-3200904-E5C67383F0ED4428A628C53D90EBDAF8;;
ES-3202504-C2900884B26444C1A23EA2BAE31E6780;;
ES-3200904-B7ED55DF43E444FA9D3B5A4A8D84DE90;;
ES-3200102-6EB60CD67337490FB2F45B30FE958C55;;
ES-3204302-552998DA1DA0485589E2B310E6BB3D06;;
ES-3204005-7A76D6632F764A2CBC25821E20D81895;;
ES-3205002-793726570FEC49BD858B56920AE37D47;;
ES-3203403-9BD017F4AA1F405E807CE2406669EDD8;;
ES-3204559-9D558E729D6F4CC6A91E9ACE709E90A7;;
ES-3204708-BB882B96EB454990ACBA2DB8A24C6E6C;;
ES-3203353-E57E70C2380147B78778C932C2D6D983;;
ES-3200169-A99333F73BC741F0AC0D4FEF227B4B86;;
ES-3201902-F2920A5325B14087A3FD5DDA07814E28;;
ES-3203403-DE176BDDB83F4188B9F72EC775BABCE1;;
ES-3202454-913D317C7BC9486CB68148B876D4600D;;
ES-3203056-2B74892506BD4AFCBA114AA2A5B294C6;;
ES-3204054-3FED3DBE91754CCFAAC685FD70FE9380;;
ES-3201407-34DA3A0A54F948DCB0B63AB6DC2CCB06;;
ES-3202207-49451D0D73E947CEB434D87E4CBDA215;;
ES-3203700-9020E9B180E6428987523136D98079F1;;
ES-3204708-0BCF806A4F8943949B73F5A2D63DFD3D;;
ES-3203056-2713F2403C19481D8B6C964053F2F296;;
ES-3201902-3ACFBCCE4B864BBF9CECD3E025448910;;
ES-3204500-497C693A29A54D6288289C76B4FF8D85;;
ES-3204906-FF4A0B674266403F866B2A91BF0A1B65;;
ES-3203700-89D6B87B57494D11B2006CACCD7918D7;;
ES-3204302-53C3CF4D84904ED9A63F7BA5F0AE433C;;
ES-3201506-22EA559A5F634C80A3A911CE6B2536BB;;
ES-3202454-6A4280558EC8406C83C00E2089EB79FE;;
ES-3201803-B5178264E05E44BE912D26A5C9BE259A;;
ES-3201407-9AAC454632DB438D98D6088E4B950B58;;
ES-3204104-687431FC985D4724BB74A9CB4B4ADC81;;
ES-3202603-23BB221D7ED64912821D2CABAB595118;;
ES-3202256-C8D9C91AB6A94BECB920CD4D752AA820;;
ES-3204906-FC13ECC578EC4314BDC2DD25F82A4C0D;;
ES-3203403-654EC527089148C9BE190467A9F823C4;;
ES-3201605-CD0F225C6B954ED69C20AA7D3E1D1A22;;
ES-3204500-1EC557C83A264520A5EAE2A703AB6278;;
ES-3200359-4C246CD77C904A0A8D85C371789EFCB3;;
ES-3202405-590567E8263D4405B17DB5C0D98FE5B3;;
ES-3201506-47B062A45C6C4AB39E79F6548CA04E54;;
ES-3202801-895A10293B144975849B3E3BFE2D094B;;
ES-3202108-47FDF4C592C1440DAEE8A48C2BF8A60F;;
ES-3202900-F6F446AD806A4326A208A9B59E99B2AC;;
ES-3205036-33FA796683134E1E9FD69ACC6317EFA3;;
ES-3203106-1846DE759A844359920384AE105EB1CA;;
ES-3203700-6812F788F1BA413C940C1AC29299CC82;;
ES-3201902-030E744709F7422CA9C05D406E6F093E;;
ES-3203700-C359F33A86C24827ACC052C226E9BC55;;
ES-3203353-3F25850542E44A6D946BFDA3EDAD079E;;
ES-3204351-BFCF56F1E64D40BDAB1E8F50D38E9506;;
ES-3202405-3CC4575756534AF1851F8971410BA6C6;;
ES-3200359-75D69AF179F34B28AF5570B9DF35C35B;;
ES-3202207-78D9260FB4F84CC1BD19D3B8F6B87AAB;;
ES-3204500-58A0F605672D46F19E89B8A8DB8D9A92;;
ES-3200904-D156B627321345609D262D673679087A;;
ES-3203130-956F8DDF49724D629E860DB14DDD9363;;
ES-3205010-A8BB4708474E4894A52B4B20E0D8695A;;
ES-3200904-AC9DC81A798C430381938125D7BC64CE;;
ES-3204559-CF693AACFE8D40B795D7DEA94ECCD260;;
ES-3201902-11AD3955E11843FCB36EA8D15B1E7D2C;;
ES-3204906-BF332506C64E429AAA7903C9F4042E3C;;
ES-3200904-9FD61974DF284282A5C0F45F2A6AAEF2;;
ES-3204708-B0A09C0AE383478EA813E24AD4BFDDAB;;
ES-3200201-C12FF8EB7A3B403EBE71D46391221C06;;
ES-3203320-8E933662306A40D3A1F83E0D943443E9;;
ES-3201308-37074B74F6654B43B13C9DDBCE8405C1;;
ES-3202801-A7D7EB50DA614B14AAAA9192403AE886;;
ES-3201506-8D1ADD4A96D14A2C8F4750FBA1DB6523;;
ES-3205010-D3370DF51E564AEAB25E6E3B9E495836;;
ES-3200102-FD67656D8926407AB5042C48331346C8;;
ES-3200169-CB7845DE16CF4C1C9913F3706AB1BDB2;;
ES-3203056-B7C365236FFA4C629257AF1C264330D4;;
ES-3200805-B69C28C7882B4146ABAD3E5155A3D760;;
ES-3202801-505E84483FFF4486857B5AF14A2E6785;;
ES-3205200-8EFF42BE38AE4530B1D1B11E91B1E387;;
ES-3201407-D34DC915D9694BC9B4C7D2C976CE18F4;;
ES-3204559-9A3379D070CC42249EECBB94B5840697;;
ES-3200904-34A58F43516544F0ADBC553F6EBB4C29;;
ES-3204005-813E6F252A4A40C0B0727EBAE605B68F;;
ES-3202306-7F7C8CC9EEEE40588AE2225FC1BE142A;;
ES-3204559-3AE0B2B7DDF6423EA42202021EEE7DFA;;
ES-3203304-EC2FA6C019394833BB44E5C3E6D2B861;;
ES-3203809-6B48D1BCBA41404AB06D27D2A2385D45;;
ES-3202504-8E48C43A26654B53928F9D1ADD371890;;
ES-3203163-F101EF7E456441158A3D9B5F15079179;;
ES-3203700-D3E202F8739F4EAFBF8F31BEE867E19C;;
ES-3201308-3104A7BEB2E045FF8055BD8757CAD411;;
ES-3201605-EED750B4D3184D769E8DCC559767BDC9;;
ES-3200607-A92928B70DA74337AC8460EB8EF421FC;;
ES-3202207-CC7CBA82D2694A538976E7037D345A3E;;
ES-3200904-D7FF93519B9447ACB41CCC4BC9C55376;;
ES-3202454-EC7FF09EE4034299B4C26486C6CB6A94;;
ES-3203163-5521F1ED988347DEA7DC9755F5C5C286;;
ES-3203700-E3E850E524F94721B114D067CB9A0080;;
ES-3202207-2FA509052427467CB6CFA42C2FFB4FF7;;
ES-3200201-726CB16030CA409EAD2C8995BBDA64AA;;
ES-3202702-CA6D1DFACD5842F0B242B39FCD2C540A;;
ES-3201902-9722C60823B14620BBD9C916A9197F01;;
ES-3204658-76845759BD5A44A79D8926A211685CEB;;
ES-3205176-7556FAB277424DBDBFED31C04E6C8863;;
ES-3202207-D5C6653959C34A368CBEEC9A087EFDBE;;
ES-3202900-B4647B95E4504A58A9572C814B15B939;;
ES-3205200-902819CF5D9A4028936DF7AC280276B5;;
ES-3201209-F0C9D8B11F40499C83B74497FDF78F06;;
ES-3202405-236BC61EEDA6416EB4887AB902D6135A;;
ES-3203403-4966A069BAA9449F928B5D7DD5EDC2C3;;
ES-3200102-8CE0B2484BD34575832C5B745BDDFF79;;
ES-3203007-905C8E90CF3D45219385B0DF3FCBDC68;;
ES-3201407-2EFF38A8EA4E4CEB85F45C963C4CAB10;;
ES-3203908-BB0E3B2911D64CA7B0A9D7040BC1F126;;
ES-3202405-7A9C92D62C964E78846F6424BD16D323;;
ES-3205101-097BBB658F1C4606BE6AEB20DA9EA143;;
ES-3203205-1DCDD95D070445AC9D8F1C9EF347EF1D;;
ES-3202553-B0B8160BB7B7431BAC7DC2E97FA48EFA;;
ES-3203403-084CBEC97A824BC899CA875D4D1B72FF;;
ES-3202405-5FF4AA003EAF440F96C93FE834B23934;;
ES-3201902-85AA292373914E75A9AA2498770213AC;;
ES-3204906-27EDFE15B93942D9A7AD3BA35D132383;;
ES-3203700-2F3C644003294C2A9DC72753CE25A7A4;;
ES-3203908-8217423006654F0B9D8AB65E874F33FC;;
ES-3200201-9E436BBF799E47709197A555B9E5525B;;
ES-3201159-BB41D593937B41B7A148F8F275D02A00;;
ES-3203007-C3045013E0964750B7CC7A2561E1AAC0;;
ES-3202306-3054B099E2B74D79A80E190CFAE41E8A;;
ES-3203163-4AC59985FA3F4C2B918AF593A08331B3;;
ES-3200706-82320D06088A492A8ECDA4EF9A6C3DE5;;
ES-3200607-02EF05C545BE482C97E8072D9CBCB2C1;;
ES-3201506-F98F72454D384CA3826F06E0EC0D469F;;
ES-3204559-58630C5D3A0D4C65B88A5C01286AC046;;
ES-3203809-316AD55611204B529B183E84294769C3;;
ES-3202108-9B10D84DFF5547579B642AA3EF2AACEA;;
ES-3201506-9FCA36ABCEE64EF691468B1C7719DBF3;;
ES-3201209-E51F4B2A96A947FA844DCAAEE9F2E63C;;
ES-3204559-B7C5815797D94549A8E004DA5C65D64A;;
ES-3201407-2B708D68AF7D40D195E51409ACD688CD;;
ES-3201506-E75797DE2A3B43B8979974A604312C3A;;
ES-3204708-DB0E9913950846F29727254EC94DCC7A;;
ES-3201803-83A65EE056ED44E990CD7DBD430DAD1E;;
ES-3200300-2B825A21C5F74B4FBF850F64B2957745;;
ES-3205101-5C0719F3CFF64A95BF754648D7FA55DA;;
ES-3204906-E4429D46185D4AE39C1AD6B4BC6CD5B4;;
ES-3203908-1FCED07E54BA489490E5D01C6D9229D0;;
ES-3201159-DAF52441FF3E4496BBF0050D0E431052;;
ES-3205036-6207AF9688134815A2D9DAF466C7B6A7;;
ES-3205002-2A84FC8F653642989400F4855EF22672;;
ES-3200805-B53F30868CD94DB0A1E45877EAD54650;;
ES-3203056-3D1A4B8F401B486D9D0F76F3A0704785;;
ES-3203163-255E8735CC1348F38D9E0DC035FF41EF;;
ES-3202652-ECB324092EAF465C8627DDF53BB48C5B;;
ES-3204906-1DB2C0D3C90A40E184283E367EE51F1A;;
ES-3203502-018DA00E4D254C2DAEB8CD33E275428D;;
ES-3200102-BF72F0D52B9A4DBDAE41919FFB88A33E;;
ES-3204906-F5D881ADA8E24D3EB0FA3B8D5DCA67C4;;
ES-3203205-E58C8B50669742809EA54A4DDEBA547B;;
ES-3202009-1172957156EA4518A2FB89E62F398821;;
ES-3203908-4046141E59A64DDC849AA0AD8BA4BD05;;
ES-3205150-9A1FAD6A76534923B8208B470BCCEC39;;
ES-3203320-6454E34B5B8F4B14830017C674EE05B8;;
ES-3203205-CAB217CB6043469E8E952942EFE7E2FB;;
ES-3203353-583ED14F1F354EEDAF5235D209091D0D;;
ES-3201902-39265F23FB1B454D987CE8349BE90989;;
ES-3201001-5FD5976CF1EE4124B485940C9CDFC05E;;
ES-3202801-DFDD0CD983CA4BECBEF1E007FF837F5E;;
ES-3200300-E8ABE3231D4044D6B9D34720BD4F93B0;;
ES-3203106-7A838D98B7A54A36A988ADAB119662A6;;
ES-3202553-D69EDF5BBCAD4853AAADE204F29A2294;;
ES-3202306-4E1FC1A43A2F42F2A809562DC0B99C60;;
ES-3202306-B74E318176344ED79E2B771370411ED0;;
ES-3200201-F19B3383D7EB44FB919B16F3F439D70E;;
ES-3204401-76CD3BF17E8041AF88F449A1F57E88E8;;
ES-3201506-C8B253619BB64252A717AA8744270382;;
ES-3204906-A7342C6847D9488CB14CD48665CEFB83;;
ES-3201407-5DCB36D1B9DA4BE4916B24FBC7DD4780;;
ES-3202454-D2CE9FA7BF6A4CE99C39E8276F540D41;;
ES-3204609-130AC8595A6749E8A542AD5984FD8FCC;;
ES-3201902-1522549FEBDF4DB5ABD6C2B1D9403EFB;;
ES-3202652-2C7C8FFD14474FD3B179EAEAC040AD71;;
ES-3201001-5EEEFC3CECF94F32903053D669B31E9E;;
ES-3202108-829E2376A5BC4A30B617F9FD58A4CAE6;;
ES-3201506-2E93EDA65FE14C55BB55C5C52A0C4A2E;;
ES-3200201-65E81120E5E74B54A30AD1EE42E26237;;
ES-3200201-CFE8CF5E8C9340E68FF8A623CC474756;;
ES-3204351-6FBBD067493840B484B20BCEC2E40114;;
ES-3203908-0CAAD780D93D45C3A001D6E24690C6B8;;
ES-3200169-6297A020963A4CFE8421C981A2108E96;;
ES-3203056-808072D651394352BC4DFCDBE1572228;;
ES-3202405-91937D56239740B3875B44122D915E80;;
ES-3200904-8528B7B34BD74274BBAD4E237C700160;;
ES-3203346-CEB5660C0C0C4279B1587DD3314F0EFA;;
ES-3200409-61C145F53A434B8A8DE76177847B49DE;;
ES-3204302-582843C0F61A40869CD76BC6808A73EB;;
ES-3204559-F5F1A42BB77844B3B62476EC5DEC9848;;
ES-3202801-080C947F163E467FAA8DCD6158494BE9;;
ES-3205200-43AB77617AED49318BEC490272E34754;;
ES-3203809-F68C242C95724182B5D1DCAE8018BCD3;;
ES-3203908-D32B88B9E2C34AB5AB77F0245F23AEF9;;
ES-3204906-C126EE5625324FBA98B63449B208B006;;
ES-3204351-5D02766993094C49A27F3C145250F01C;;
ES-3203205-EB55012915ED486B9FD7CE437D229786;;
ES-3204351-072C82730961477C918B656DC88946A1;;
ES-3204906-13ED273653254AC38D73A5D3463CE140;;
ES-3201209-6FFBC2B1AEAA44428841DA12AD1A5C7C;;
ES-3203346-3B1A4A0C08354F63B340AC91C1FF5A8D;;
ES-3204955-FF31CEEB9BCE4E9689992400259325ED;;
ES-3203353-09389E2C78BC4AE7946184CACAF5D73A;;
ES-3202603-F9462731D7EE46BEB6CA17BE28279A31;;
ES-3204351-C7C8F31E93F64D18BD57245C3D1882C0;;
ES-3204906-35B58C94A5684F6392C4682DDD6B45D1;;
ES-3202405-2ADFD51F096D4A33B0D4073CE3141233;;
ES-3201506-17B4B490A94D4BC1A72D538C891B33E9;;
ES-3203908-63923FBB596A4A54B0EE69042D0A5F57;;
ES-3204351-DE9DC62F726B4EE9A0D86FA2807787F4;;
ES-3204302-9205084ADD154644ABDEA9A674F9150D;;
ES-3204351-0404539F506C41C5842510888D5D501D;;
ES-3203205-5B44AAE55AD24ACBBE754D5B64FC4AB9;;
ES-3203205-3775A308F4AC40EAAE33F14D1140A8BD;;
ES-3201506-88103B90F805436EA6BD8746F3A8AE09;;
ES-3203502-8F5DA1090982471FBE3555DA738B5D16;;
ES-3205036-32439A3FF4674CF49D55B267FBD00DA8;;
ES-3203163-0884F220224B4D988421B05B3313F803;;
ES-3201506-5A3D1FDE35C44F9897480C70E620E215;;
ES-3202652-37D05D74AF0541BDB86D91E963D87475;;
ES-3200300-97AB815CA85B4524A556F661C026167E;;
ES-3201407-158D195504F341B89E4AD42BCBA271CF;;
ES-3204559-AAFA357556C84F2694B5C221E21D80AA;;
ES-3203007-350C80A1C52244D7B621DE67E1D0077F;;
ES-3205036-D6FEADB862EE4A46BD4CDF4C4E3AEEAC;;
ES-3203353-D3EB3AD577FE49BF91C202C98393B8E3;;
ES-3201506-279C08D83C3C49B2B20A79305F99FD75;;
ES-3200300-E5AA9FE18818408EBFFC49527D9C1207;;
ES-3204708-4CEBCE3D1BCB4D4C84B5810AE62E5713;;
ES-3203908-6DAC66E88D1D4867BA43C0FB61E87766;;
ES-3204559-11B468E9047B4845952627F742AE73C0;;
ES-3204906-064BCD49EB834C2BA1B91DAA25FD5242;;
ES-3200201-39BAC3B577584229B36503127651234C;;
ES-3204559-3CA4A084674D4FDF806A7BDE865A8B94;;
ES-3203056-51FF30A82FA04BE293F2BA768F6A2AA6;;
ES-3203056-6C84AEFA257C4C1BAC7695526FB83C06;;
ES-3203502-BE8652878B0841FBB928B3BEDC568B55;;
ES-3202405-2F15809193A445DFB0B6EB55873B141C;;
ES-3200102-0CA16B63E4A343779334908A6D88C64B;;
ES-3201308-38DE49BB8B754597910B25BA6DCDBA8D;;
ES-3201902-9FAB757C28294DC4AABEE15208DACE6F;;
ES-3203056-DBC1CF51185E466AB2B47FBE0027817A;;
ES-3201902-733695F8BDD3429EA3933C543DB86FE5;;
ES-3200904-2D08ADC379E7416D919DE57CF9F5D03B;;
ES-3203205-E1C9A6769A894D3EBF76BA9875347D9D;;
ES-3201506-533AD0A5C9AF4126B1A3D65DF19EC4AF;;
ES-3203130-844F4763A2304190B0E396A6C719862D;;
ES-3204559-34C5632F5FAB4E78B2EFD2559F0CD37E;;
ES-3200607-C01C6700C1C64B77B81547AD43F5DC56;;
ES-3202801-E9769A5CF9AF456CAEB5F38A970ED313;;
ES-3202900-AA7E330CA7924CDCB730E0A8029DE9BC;;
ES-3204005-CE85D86A8BB44BA890F800991E35430C;;
ES-3201902-78DCA99D258B4BDE924D846329B300BE;;
ES-3203320-DD73423D5DDD427DBFBA8F6574C6B0B7;;
ES-3201902-9DD10B3B1ABA4C229EB5CB250158DEBF;;
ES-3200706-34B55B28746640669F50D1F49F823570;;
ES-3200201-00A422125F7D4C618D7D8C62950A0E27;;
ES-3203908-021288358A9947C48C644EF03848C320;;
ES-3205101-E934B3B3921A4E8D967CE537DC0952F5;;
ES-3204906-57C8FEDA50424844A068DBB359681472;;
ES-3205101-99D44847BA8A44639C0AC2610553AC2F;;
ES-3201407-A709F63A873B4E08AB472BEBB8819335;;
ES-3204559-D69CADE3527842A5B0569D5CE7147145;;
ES-3202405-64672E579C174CD3A4DF756EA27ED502;;
ES-3203304-52266D19EF9C4BE994BFA7EEC9B503A4;;
ES-3204906-E16AEEA8E52D49CBA2A7D5E232F96059;;
ES-3201407-E4EA97553D3A445094C51F266DF43729;;
ES-3200300-935501666F914D3481DAAC601E032D3D;;
ES-3203908-48EF157FE8E54C3C896E56F1F2A93301;;
ES-3204906-DDE5819E5A3144B0ADF8AE16223D673D;;
ES-3204906-3085408868174A88ADDE246D95A41170;;
ES-3200136-509F618E69F840A7A0903C0B39898256;;
ES-3203502-B374C4160F2A4E4EA21FE7BE9CC040FF;;
ES-3205101-9C74370B832149438C84790838139D91;;
ES-3205150-1B7E83D6C42540D7943BA51CEDCEF2FF;;
ES-3203908-60900B2D4E054579B817206935EF7FB2;;
ES-3204708-68C9FFCA69A443A281F4ED6080EA277A;;
ES-3204500-B2ADFDCEB84748B8AE0107B53EF3835A;;
ES-3200409-694A48FC092B46D79DFCAB4DFFF4D46B;;
ES-3202454-84913C3947D747BB859D7767DFC5A25C;;
ES-3200805-7A1D9B64A9E348E5BE998808941EEA9B;;
ES-3201001-8261449DD0AA414B90ABB76CE8F1BFF9;;
ES-3204104-DAEC9CCB7AAE49818271805A9111CA68;;
ES-3203353-B5DEA221018142AC8854DEC75AB95D0E;;
ES-3202454-CBE704C785E34B6089E0CF1BF310349D;;
ES-3204609-C61604C1CAC94732BB14EC25C4C703D1;;
ES-3202405-5C3AA89D054C4335AEE0DB11D72DF7FD;;
ES-3204500-7EADB2D94B1E4B1D8EB092AF8E3882DE;;
ES-3200409-8843A4F56ED44FCE88A74011B8EFD29F;;
ES-3203205-C8BDC65DF1014BE1BFF2C98A12519AA3;;
ES-3201902-B8A611988E49435196E4C23CFF2FE573;;
ES-3205176-654A39C1064549CA9EB34EE04DB4154F;;
ES-3205069-932D6C18435E40ACA2B331B6C658A8D7;;
ES-3201902-B51C99C902854D8E93CFC0FC3E8E3A31;;
ES-3204203-80DE6761864243719CE4EE6397DAC68D;;
ES-3204401-35C859426A0740898FF7E9F999DC668F;;
ES-3200904-814B9C34D46D45BD9B085DCB7EABD7B7;;
ES-3203809-6C927812A85340B0A51F6FA6CB4BC711;;
ES-3203908-E81E580ED2244773AA9E9864B4B88DFD;;
ES-3203304-1DA976B7DF7545238CDAC17366C24D3B;;
ES-3202009-EA9DC37445834D559B27F4AE5C112CB4;;
ES-3200904-6BC43A49C40E4311AEF0FD94D1F44ADF;;
ES-3202306-E62D1223CFAF483F89B04D8A2668C1FD;;
ES-3204500-53AAF5E35F32453A955BD9BA29FFF08B;;
ES-3202504-824C87B14F534112B0C3D786BBD65576;;
ES-3201001-4C95B2C383154D5B845AB262AEC50BD9;;
ES-3202207-BA4F643ED2AB47A089B7EF174B459E0C;;
ES-3202652-E1ED128E72774A60A3E57DC78221FD1C;;
ES-3205176-18D57D4EEA5448AFA434D3D427C699C5;;
ES-3205002-561B66E6F5A641C9ADF863455105246D;;
ES-3202504-71FBD0521F304B57A7B4986AB92B645D;;
ES-3205036-EBF8CE80C230464EBCB0DFCDFF584392;;
ES-3205002-DA99465481CA49C18ACED81BD00082F7;;
ES-3203502-EDF002B936AF43E29BC0692224D77411;;
ES-3203809-6418C34B4C8A49E0BE7AB2C8699AA0F7;;
ES-3200201-F6FF1EBB96C0467E8526B9F991DE007F;;
ES-3204559-476781A40F8F4F3AB4C2EF24B6AC2E93;;
ES-3203007-3CB0E7FF4D2C45C8BF8DBE88833A5F6D;;
ES-3201605-E3BFD30324804C779A45F708043D594C;;
ES-3204351-5F7826C90A0946B8A680102E144CA617;;
ES-3201506-E1E9486C3EC44488A881E1B762F5ADC2;;
ES-3205176-32263A42275E40CD9708809350F70BFB;;
ES-3205069-A06E3F35934640CB9A023C276ABFB779;;
ES-3202108-C7CE00789F89436C9107257BD6DEB85F;;
ES-3201407-4A9C308B35C242C49380B7A186F29FED;;
ES-3201704-76DE83237A114E8A9B18857A074E0BE3;;
ES-3200102-5F5F8CD012E2452C9FD83C0D7C5EB7E4;;
ES-3203403-A0691043C9544C85A5E98A02D35B3357;;
ES-3200300-0CC4B03532ED4C30A531FBDFA0DD10C4;;
ES-3204955-707E944CB7B548129EBAC92D6E9906B2;;
ES-3203056-93196B4727D04DE6A81852FCCC107AF2;;
ES-3205176-46C03F9E8DD444C38FDE88ADEA09D310;;
ES-3200607-DC2778B7C95840839C86F65B22883CA6;;
ES-3203163-8225D803EFB940DFA35258C8959ED3C2;;
ES-3204351-007B8D08703149CBAC08B28E93B1644C;;
ES-3202108-6A9D298BA45A47AEA40A1B17EE71B24D;;
ES-3202207-4D54E6CDD9C149DABCF4D4B6BDC2F592;;
ES-3203353-BA6D93C1E566405B80499CB05C854B6C;;
ES-3202553-7E43030A421A47AC8EEAF5C12BEFA21C;;
ES-3202405-C9B2ECFEB72A42CB93593F6A4DAD7751;;
ES-3203908-E0F5A128BC354A60BF42448EED7EE0AA;;
ES-3200169-543A96435FEC4556AB9F4D116A44551D;;
ES-3202900-05E0353F45024B43A29135F3C104060B;;
ES-3204658-28BAB4EED05C423EB10A92E7304D0B2C;;
ES-3201506-3FCDDD21BB284B9982F991278B2F6136;;
ES-3204906-413B9EC86032481FBE39CD65FFBD3D59;;
ES-3204351-2A2E8C7679B34FAF993C66871ADBDB55;;
ES-3204302-68930663B98B459593635C8122DCADD5;;
ES-3204658-81FD9D106BA54D50B538A71E27D08106;;
ES-3202553-B0318DDB7E1D4FCEA0ABCEE73D85D373;;
ES-3204302-C738079C92124BAEA536427CB74A471E;;
ES-3203403-EF0FE689BFCD4331AD405495617C5533;;
ES-3202256-9A9428913D02485D99D4A9D7437BFE05;;
ES-3205150-627EC99CE2B6437581A0A7F05D9BE2AB;;
ES-3204351-80AFD76127914CD1BAC95F2F16E55AB1;;
ES-3204500-C045BB8D152347DD84ED4FE46C902761;;
ES-3200508-9AFEC62BF81848BA8FEC63C100AFFF1D;;
ES-3204559-F449E37F99244D86ACF1FC8DD7673AEE;;
ES-3203056-AD9479FB61394081BA43995AFA011ACE;;
ES-3203205-3246AE4D68ED43FF80C00EC954D04391;;
ES-3201704-091C338A24194EFC833526D144B38C99;;
ES-3200201-DF7141CD61B4448FB054F2BA981DE7A1;;
ES-3200805-302540DA075244F0837C6826753B986B;;
ES-3205176-0B1D9462A32A4F5BA437DA9107B6B05A;;
ES-3204906-9A045F3270F94C5085AA498B24CFF960;;
ES-3202454-D328024896264AFD9F2091DAF52BB4B8;;
ES-3202405-DF70C4D193324E0B8E5A136D1F882AE8;;
ES-3204401-208F7E9B73F8419DB209F282F36E0587;;
ES-3205010-461EED046DB14195BA9B301092E8261B;;
ES-3201902-FFBFED8EA6694A62A7FEBDB9D1B1FAD7;;
ES-3201506-914E7BCE9A0E4C60A140140CD3541C14;;
ES-3200102-9D00C27788B749B1995EF08157C33C48;;
ES-3202256-087A106BCDE24B108F6A4A21FE3FDA96;;
ES-3201902-FD4E09927D8E4E8CB97E6B39ADB04F6E;;
ES-3204906-91FD159888D446F98F7C955507036E61;;
ES-3203403-0619804F2BE2441E82405F292428088D;;
ES-3203163-0813F787F4934EB0A636FFDBE29845DB;;
ES-3204351-AD8B77D37065440084F9BA9BE067891C;;
ES-3202553-BCD394564DF84D94ADF1C56EDF02D340;;
ES-3200805-E097CD7DADC745E3A966DC8098FEDE07;;
ES-3204054-A4BF27C2E97B401383D78F9A48338CDB;;
ES-3201159-12784DBB1C574B73BC2941851BE43C3C;;
ES-3200300-FB739A98ABD34E84B1736EAD19FD7DF6;;
ES-3200409-E4FF0D9FC0404AB29E9E2A278BF2FAD0;;
ES-3203346-117DD499B8B34751BA8DA813D7A2EE6B;;
ES-3203205-8DA7545E296D483E9BB1F86B9C306C4A;;
ES-3205101-7F7CDB02A5EC4D95B154105BE10B610F;;
ES-3203908-E3A1803971344F18BFC4104D1FFA48B6;;
ES-3202702-41A5B1FD956D4F6E9889029C02A9C0BB;;
ES-3200102-F1F9B1066CDA432CB20CC3013032F52A;;
ES-3201407-89C15ACD35BC4C1D838C7233B6269614;;
ES-3205010-453FB959F96846F0BE256ED5E0C8D0A0;;
ES-3205002-9B51B3D20B234625B6C3642D45960AD8;;
ES-3205002-A597D3FF36E64F6DA85C4047A64A5F3A;;
ES-3203056-7A32BBC1197946C499CFD9F0FD968D7C;;
ES-3201209-A2004BE58FC84E9696B1BFD656BA9F05;;
ES-3201902-8CFE7C01426D477399291967E244CDB6;;
ES-3202405-8E79825FC8BD48EB837169A6301DE7BC;;
ES-3204500-AA7D711898194A19A4F5FBD2EB25CEE8;;
ES-3204807-EEC4733670D8437FB7496D8C610AE25D;;
ES-3201506-571FF53D28C5427BA09E7F5D79A63544;;
ES-3205036-4527FC604D424AAAA999771C62FD592A;;
ES-3203007-895FFD5F38D64DEEBE32647294E7D3F2;;
ES-3203353-AB10E3647BF246DEB91E516A2417363F;;
ES-3203205-58A4EFB92F754C5CB3D3215ED0D93B8A;;
ES-3202652-3D7D8CF800FF400B9E30B708C3C31292;;
ES-3202108-367090B9CE364EA38AA660E559933140;;
ES-3202702-16B545F533E94F42AC33D0721DA16704;;
ES-3202405-ECB3023A81C2463EAC49760815736CC9;;
ES-3201803-0A4B721F4E214CFEBA8CEEFE89624780;;
ES-3202207-D2244E4EF21A463DB2C10FBAD147C96E;;
ES-3204906-9959C302FC3E44098E4D4B1845F363EF;;
ES-3202009-C389573619FE479294293B90777BA911;;
ES-3204500-5657095A5A39422B9F2061731553DA5A;;
ES-3200607-1705D2F484F14A74969CAA072B454B28;;
ES-3203304-3CE1568D456B487FBCE087DEA65C5A4A;;
ES-3204351-453EF1DD112847B89C666932862B3946;;
ES-3202702-9E72D99F5301410380C26993C8BCF6A6;;
ES-3204906-38C2CD47B09F43E8882CE9B1737EB8FF;;
ES-3200102-165F9F3753964EAAB55ED01F2361DA26;;
ES-3202009-EEF42A02A7314FC0A79C0FD24D1D3E59;;
ES-3200300-A843EE9E31C9407A8E1FCE0B5934851C;;
ES-3203106-6A1598A95FCA4D54B6FA83EC8F626311;;
ES-3204500-B36D6C7D6B15445E82FF548FBD2AC78F;;
ES-3203163-0B5755345C3543D88A61D9876DE75CFA;;
ES-3204005-B3E7802E1A5D48D2AE1B541A8C687E6D;;
ES-3202108-D0C9208C7DD5447DB130ED162E046E70;;
ES-3204005-970BD09A84EC443BAA98B43402F625BD;;
ES-3203353-4459DD84B0B9447385501269625FAB88;;
ES-3202207-4647D02A9B5648A3BF8A1B6440E090FC;;
ES-3201902-1CADC22D976F44F988B13B96054379BC;;
ES-3200300-73E06CF8DF5A41648ADEC0A9CE0157ED;;
ES-3201902-0867980FD34745779B58087139E7303B;;
ES-3200805-9D057AB20DE64725A2F189ADA701EB65;;
ES-3204252-33D533BEE2E04687988C1108B0EEB1F9;;
ES-3201209-CE5D77D6A7DE460A8F319812E022DA2D;;
ES-3202405-801C92C01E074092BB5AA9C8E704AF9D;;
ES-3204559-A98C369B5B964AA9A3013FC17DCF10A6;;
ES-3202256-491728F7D24844DDBB88293EF2E0BA8F;;
ES-3204609-6DD420EFC2B64ED5AE98162CABE63196;;
ES-3204500-A4E4A0D8D3134505AEAFD8E463E9106F;;
ES-3203908-DFB2AD185A4244C89CEB36278C209EBE;;
ES-3201001-733A4DA9ECAF4FB7A4D2DCC681224DC6;;
ES-3202207-0820239EB6CF44EDA1100EBA73E12E62;;
ES-3202603-28D423C79E614D45A194B95ED7C1DA59;;
ES-3201902-D7EC24C9023F4E4DBC2F4B67327160C0;;
ES-3203007-47F93FE10C2744469B0A91DC6C3407D0;;
ES-3202405-C9474DF41472412AA8192C11B7485D0F;;
ES-3200607-329FC577784F499AA0453DF265E6A845;;
ES-3205150-5D67787747F243188B54D2882A334496;;
ES-3200300-BD285A30C38C42C383E1B611336EB2C9;;
ES-3202405-1E696732E7214C8EAFC7CFCB2392C4B3;;
ES-3202256-A2F414B8B8EB49C294B35E3AA5022477;;
ES-3201407-CBD415D2532A489A8D300FC1A30CCDEF;;
ES-3204906-0C3FFE053CA04C47AAD5EE548EBA9570;;
ES-3202553-F5B51DA980584E56AF6244AAF3FED3F7;;
ES-3203908-075FE65EC5F34F5EB41040976E073389;;
ES-3203809-414923B294A849289308DAFB262ED68B;;
ES-3205036-15E9A34CA91E4221BA0126BB6F4773DB;;
ES-3205002-36CCA4476E1F4A3685DBAF6227A5CA90;;
ES-3201001-5C4394EE9B1F478D889983FA2B70C806;;
ES-3203809-3B2B3BBA028246EBAB6221C5F8C2E03B;;
ES-3202454-2D42B9F9E8D24C9489CC0CE25977EB31;;
ES-3204609-44C2FD08E80C4671A3A101DA9B12D708;;
ES-3202306-FFFDC936DDA0406AA2E0BE625A219E92;;
ES-3201308-46B9ED31647B4FB885C20EB25FB3CFDB;;
ES-3200102-93CB4F1D65DA4A95BBD75422492B894B;;
ES-3203304-212B382F613841C288C0F559196B90CA;;
ES-3200300-6A0F487E2D2A4C9FA52F61D0B241C69F;;
ES-3201308-17070D105AA841CB8E465BBFB87BE61A;;
ES-3204906-2403B98E5CD441D287B2D582D26DD2AE;;
ES-3204559-1490AA7BEC4E4442983A94E7A0567AC5;;
ES-3204005-9EC898975C7C4D6DBCE2CC6B2ECBC81A;;
ES-3203908-85FC4E0047894746BB53759ACED8E81A;;
ES-3200300-A25BD1D64FEB47DAA59687F5BB0D38FD;;
ES-3203908-85B4D5E24659469D86ECE3846CE3C8E4;;
ES-3200300-6A48425287CB4BAC996B78AC5410839C;;
ES-3204955-7CFEE3B4A2624FBB9EF9FD97EDB96B46;;
ES-3204351-EE5EADE1DC39450FBD85FF35B426B74F;;
ES-3201001-14E2AE6F151D4730B171B591A1D36AFF;;
ES-3203809-1F65A732A4674E96AE9BAD3AE70982D5;;
ES-3203809-9CB8D740954A4DABBE6D05A394A1C175;;
ES-3203502-132E7121545B429C8A0337EADD391890;;
ES-3203205-808C63F03F3E4601A4E32F041AA09124;;
ES-3203304-C31D45219D8448C89A7141B36397AA42;;
ES-3202108-337FDF5002CD4489A6192BF33FF054D5;;
ES-3204708-E983F1FB54494BC39BA3C71551DA573C;;
ES-3204906-6337A05783F14FBA8887A49257209078;;
ES-3202207-347161CE78A44A7383DB2754E308916A;;
ES-3202603-EEBA3B91803A400686E6FCAFD7AB4EAC;;
ES-3202009-A96202A54209430987785571A7D40FCD;;
ES-3201001-1C5AD59E7E1A4EE29CC16F86A86A965F;;
ES-3201506-FDDA1EBCC44146DB81A23653CDACC1B5;;
ES-3204500-A1F95DFDE297404999B7ED0E7B7EBCFB;;
ES-3204906-02BDC85E86124D28BB448109C4B4A980;;
ES-3204708-F5BF563EB66748E98661088E3C1B611A;;
ES-3201100-5666873CAC3C4EB792A29F25D44CC97F;;
ES-3204609-29691614016F4849AE6841582E8FB991;;
ES-3200706-1310255708AE4078A4DCA118E9EE76AC;;
ES-3204401-AB964B1BF1014D1483E61A7CF65AF4DA;;
ES-3205101-F84E7E79CD7A491B85079FBCBD3A8487;;
ES-3202108-7C02FF32D7A045849870B4F24330AC39;;
ES-3202207-48816E40E9C24E55B90BADBFF54F6A04;;
ES-3204658-364360C8E3B14762BD9290ECCD01CE2C;;
ES-3204252-C7CB88F06AE642A88E00DD24A80E89E2;;
ES-3201902-20612986FCD749CC9779955F812D3451;;
ES-3204559-AC87EB0532944812BE47B0B0AAD07A32;;
ES-3201902-C2CFCB783D1A43CF910AA2F5B5FCEDDD;;
ES-3200102-2BFC7A6CB24F439DA12E24E8907F3BDD;;
ES-3205002-EF49C6E05AFE4CB1A1AC0EC869F3B84D;;
ES-3204401-8B30F16F76F44D0C81A8602186FE1302;;
ES-3202405-A78C9BE13EBE4104B7528D1DAB203536;;
ES-3205036-FF0CB25988E5479DBBED42856E9AC68F;;
ES-3200300-502A16158FBD4875A52029B15222B850;;
ES-3205101-EC57BBD4ACA045599621EDEC8444B27E;;
ES-3205150-07C0CEF27BC24997B2315D4C5366B347;;
ES-3204609-5CC99AC40A0E4E97A4FF94A37148693F;;
ES-3203809-25523C9C00E84CFCBD9F163D395D853D;;
ES-3202454-15F9467327BC435D9D2E7EF3CE04B6F8;;
ES-3204609-2EFE04D7AF0D4D6195EDD609AF5A4550;;
ES-3204658-250445F871E448059510EDEB7CF4DA00;;
ES-3205101-901F53E7BB924BC58478BDC77C5B345E;;
ES-3205069-935D46F4329D423290A6B51C9EE03240;;
ES-3203106-FA29DEFA62864805AD8EE8580FEBF231;;
ES-3203163-30C016DCF57E4FB6AF131F48F8EE00F3;;
ES-3203163-8F7D64FA15E54A149F00EC2201AE5323;;
ES-3201605-7CA7269BB30D41FFBA726B0448078F24;;
ES-3202405-91DC6EE53FC04F65BF74C810FD5145F4;;
ES-3204708-1827FD556E084636B2677214486A94BA;;
ES-3200805-2396D15716DA43E3BABBC0F04B37D631;;
ES-3201159-F56CA124172F4D02B219C510526198DD;;
ES-3205010-016946414F9A49ECB97E81BDED5A6F89;;
ES-3200904-B13AA87FCBAA4F81B8FC8862BC859DC0;;
ES-3204906-51F20C248DC14ED4A3B666984FCEC88C;;
ES-3204351-7BD2DD716B8E4BE784AE9C2A5A215C07;;
ES-3204302-313BCCD3699B461099C82FB3BED663B6;;
ES-3205150-59F4EF815D8646F1A43E708ECD27A360;;
ES-3204807-7F1403A218E04AB694717C6FB571AD7D;;
ES-3202801-BDA288208BF8486AB4C21E9F6CE96476;;
ES-3200904-D2430D3A4A36488080FB1CD9C262E5D9;;
ES-3200904-A7188E618C6347D0A7B1046569C9C513;;
ES-3201001-2FF4D23EDAF146EF90A66C751C73E4F7;;
ES-3202801-5D8528E93DD146F1AEA39FD60DBDB1A0;;
ES-3201209-05BF91B0840C4AD0A69EE76887AC8339;;
ES-3202900-4BB6CC1917F7490F99857C44FFCFAB71;;
ES-3201506-FBF37D7E8FF7410E9B975C10AA1DE850;;
ES-3204609-19E750466B6E44DABEDE002B0E510C75;;
ES-3203502-811114C269CE4CCE90042B301C9C8B66;;
ES-3201407-DC0DCE5FF41148E4A8BA6724DAFF0337;;
ES-3202405-6586FEF5FD6E4E18A130FB71FD9EFFD3;;
ES-3204906-EC93450B400A418A8F0487850BA92F5A;;
ES-3205010-CB7E0AB14B2F44829910939CB148B514;;
ES-3203007-47A2FE10004546F68C797B6EB1A34B48;;
ES-3205101-28DB8F1ED1C647F6A77A3D4DBA9745A7;;
ES-3204658-B1DF7463775E4602857AD1F23AC23086;;
ES-3205010-5AF1C5971CF14EB69DFA1FFD3383BB30;;
ES-3200201-B05D51CE79E5432B98F66858ACDA0578;;
ES-3202306-E47FC053647E4F74A2E311E516BFF2AE;;
ES-3201407-BCB1E4D0E324482899D44F893BE6F331;;
ES-3202405-3492D30331964047B21DFCB8142452C8;;
ES-3205069-13E9CB19C06F4533B07B67B941594FFF;;
ES-3203908-F6B8F0616A5744C88F847F640B40631A;;
ES-3201001-0783E5E792804F99ADCF2FE860B1E840;;
ES-3205069-72CAB5F3ACB8445083143F700FB0EF6F;;
ES-3205002-1989A1583B5E415096E3A27EC9D84DDA;;
ES-3202801-9602407C04364673871C639C6E68D992;;
ES-3203106-CAB50F98BC004D7F953C4393E77335C1;;
ES-3203205-AC67A259D63F4B5492EC93C72151BB7B;;
ES-3205200-7403FF7AAD984DAD921F770AEB54A3B1;;
ES-3201209-4E299E448C9F48928A55EE408E7E17A0;;
ES-3204104-8B0C06A2EA424573950A7CDA8B649776;;
ES-3200136-851DDC5091C9441A9F2F4F4B9824CFD0;;
ES-3203304-84B64E19EF92486AB16339B1962F826E;;
ES-3203007-387559DC2AA347B59D25E24AC01605D2;;
ES-3203700-59AE2CC470574C82939CF14594D6B6D6;;
ES-3204559-E1C825DF4D4046B582F4E01EC0650737;;
ES-3202801-334F7BF5651D403980A250DB846659E5;;
ES-3202603-286891DF1F3947929A988E0F091A2EE8;;
ES-3204906-B84FD0652486402EAD8AA390F77688D1;;
ES-3203304-A8FA6CC1065E48548C0B0FB591DD2ED7;;
ES-3203304-08A38D7492054213A6A1507AFB800EA8;;
ES-3204906-361E7BC2A32D47AEB378AB7D54CD695A;;
ES-3202603-33E03563A03340FB9DC5454E588ECAE6;;
ES-3202108-2817FCEFAF2E41EBAE89CD5F7E5ED0FE;;
ES-3201159-F8A09D09CDFD40DA82FC7A3F6262EBE3;;
ES-3202256-8640CBFC2B2947C1A2CFDBDE42F41B17;;
ES-3203056-24CB33B1C61C4007889B1A7F81B0551C;;
ES-3202009-0C0A93D3C3324530A162FB07E2937640;;
ES-3204559-A8B8A3189EEA40ACA2541EED043D2592;;
ES-3203346-6546D849A00348CAB5106544F53A3395;;
ES-3200201-D3C19D4C8EE04CFE843062A174C5EACA;;
ES-3203403-786BC618CD604B0FB5D12C6333B66A3F;;
ES-3204401-B7A2FF423E994F1E9EC0ACB67C4EA1AE;;
ES-3201803-B694C12F527E4365B460E03D20D7311E;;
ES-3200201-AAB9AC623C83416598404BCBE523AD1E;;
ES-3200409-FCF8E5AD0E73431FB8E20CA96A2C6C27;;
ES-3204906-F0402547A5F24A7ABCCDAC981751BA24;;
ES-3200300-347C5F1AC91A4595874E1CF9BC62B7C0;;
ES-3202108-72D67E80822F475EB7B5AB9AD3117254;;
ES-3201159-7FEF9B990BA14976832D95D1ADC4AFCC;;
ES-3204104-45CB0C9C070E4641ADBD9DFDF26C7BCF;;
ES-3201902-FFD3A100E40B4E16B3B7E48749BD52C4;;
ES-3200607-D07D8BF5BEE9438582BDEA4BC860D279;;
ES-3200102-1686A207CDB146EBAF7C1BF482F3490B;;
ES-3203700-47F2280FE26E467A830E0D74EAF4F909;;
ES-3204351-41FD8F315DE64DD5AA55606488B6F1B0;;
ES-3203320-E6843526F14D4D0E9DCE2305E42B9ACD;;
ES-3205200-91ADCE7057DB4187A57DEFF4CAEED4DC;;
ES-3203700-EA6548A1A113454DB4844FFDA1D1681B;;
ES-3204500-ECCB07C5CEC44D7DBFAEBA142AD541A5;;
ES-3203304-20E4DB29DC3A4D578337B83D7D0BF63D;;
ES-3204609-013A257BFCC0447CB6C7F28296ACFF27;;
ES-3203601-C6D5EE2F9C8E4F339313778FED412349;;
ES-3205101-427E8C4A66164A0AB15326D18EF6C5D2;;
ES-3205069-85E380959C28445B80638C5F8008EBDD;;
ES-3202652-15ED0E2773E84B41A5FC202BC4E2AD6D;;
ES-3204708-035192FA07D14B9A8B1BC6BA1CFBB35A;;
ES-3204252-751521A632F043D0B13398DF4E902576;;
ES-3201001-7CB52A62BB5D4EC48C3009CE4B6F20DA;;
ES-3201159-B17BB2EDAAC94613A9816BDD191D4457;;
ES-3202405-CF77BC8A615D40CD92E74AA752AEFDF1;;
ES-3201605-6C05C017DC9746ACB6674DB767DC73D2;;
ES-3203320-E9FF145644E54AC3980123818DB44776;;
ES-3200169-8E8CA238B9D64DEE9AA60FA5CC237A6B;;
ES-3204401-0EFD763233FE454BB87C9F4B9BB1DB07;;
ES-3203205-2E1E79620DFA428B8B350E759363AA0C;;
ES-3201902-5F6954DDE9C14BBC8B0EEE623A357EA4;;
ES-3202603-0C3BA4A6A9774D1F83C4C8E507AACE4E;;
ES-3203346-4BBC85F73E384979B52C0FBC564CF89D;;
ES-3200904-41FD60ED006C42D78FD948FB65282BF6;;
ES-3202504-39904BF53C544EE5A3FF68BB7D5380A1;;
ES-3200300-FEE614C7CEEA4C0CBA4A0EF04FF5CD23;;
ES-3203908-C075F5E5FA3549719FEBAF216174F11B;;
ES-3200102-2C21D7AA513240C08F564130ED326EF4;;
ES-3204500-E691CBC7057C419DB3CE14FA8BE41F2F;;
ES-3200904-37BB3EA0898E410A88C008783923A9EA;;
ES-3202603-15FB0CC32C224B1881C243C752F2EB81;;
ES-3205150-6222136A99114EEA9EA53984E26B89C5;;
ES-3200300-CAF54243AD044E9BBF702CF6836C5AED;;
ES-3202454-E356C842E08945A981BA0A3CDA58F965;;
ES-3200102-1A0F1A4A934942B78F8BADFCCC920EA4;;
ES-3204500-C0C4D68FDFF84D2FA904A09568156DA9;;
ES-3204906-DDC38F27934D4FE2A3D75D02212CAC79;;
ES-3202207-F979BAC8C0CE44E5870F3E139E1B343B;;
ES-3203908-5DC848E299E24429A8CA768BA6A42CAC;;
ES-3202108-44F5B2755D1B4E47A5C5BF9B0FDBD5DA;;
ES-3200904-C218671DB0F94A0697EE38707BB830E9;;
ES-3201209-9F19EA19D5FF47C0A5681B2B2CA37DC8;;
ES-3203403-2F0E54CD81D54917845D299603FC4E8E;;
ES-3201159-BAEAC58391164FC79140491D398AD3ED;;
ES-3201209-EE365A6D02F548608F0EC754EAC27E6B;;
ES-3204609-B5837E70EC0C48288BD2FCCD20754414;;
ES-3202801-34AB4175C5EC47C79B299055B42CF39E;;
ES-3201308-97A6EFD1548F43258130A603CDCB85FF;;
ES-3204104-006235BF73E2495196F63B01E49F5F0F;;
ES-3204658-29550271F70644BFA5C7746682222635;;
ES-3202306-E54729EC119F41A8B9BACF1922626DBB;;
ES-3205150-CC1611BB26A341E2B004BB5C7B180117;;
ES-3200300-0427D0108CE04E0C8C23515AD431819A;;
ES-3202702-0FFB2690F2F34157856EBBBCF718C5DA;;
ES-3203056-6C701F9F845F4FBBA906A2B9D46D07CA;;
ES-3203205-32C4E4874D194AEA84E570F8CE8D1CDA;;
ES-3204351-8A2249B7B0D046309FC9D08C5DE2D7DE;;
ES-3204609-03386E6317D748DA8BD1676B77770B25;;
ES-3204708-1104DE58B2A8421EB2FA4406982809BD;;
ES-3202405-48F88B12682F47D6B2800E9001022C9B;;
ES-3202108-F1DB2DE9FD3147649580188BA160B60C;;
ES-3202207-DD0AF57C680C43B88468FF2361093261;;
ES-3204302-3917353840B44CD2898E145073E74DFF;;
ES-3203601-DE7DCEDC570D49FABB05B658E11238DA;;
ES-3203205-C6BBC450A66045B1A42D7846E51456EB;;
ES-3203403-367C3EC71D084A9BAE2D3390D95DF0BC;;
ES-3204708-97B3D07E32434D56BACBEA1F9A6BB639;;
ES-3205101-A337045E3D1B462DBC0570D26529CE24;;
ES-3200706-C3E5D2D700CD45C1A62288C86884DA14;;
ES-3200102-364F28D4677E4B108B1AD33E12F310B1;;
ES-3200102-58D961F91CB2462D81712FE4D969EA79;;
ES-3204708-58A2E1D88A064FCFACE6C4D1E185D712;;
ES-3205002-D124AE665FCA4E81A2A8F4656405F9A5;;
ES-3205176-492B9D6852FF4950888FFBFC5BD8E4B1;;
ES-3203106-75F578F52B6B4A149A436B02C9824018;;
ES-3200706-68BA4E8F2A3D47C69E906A0F770009D6;;
ES-3204351-8CAACD220D4C47F88452515B2D44346A;;
ES-3204252-C5A37B7FAF834F19B55871862E23629A;;
ES-3202207-AE9CAB104C8341C4994A6D60632DBFC7;;
ES-3202702-AA4B780D09C447E68D87110F6A934614;;
ES-3201902-91A5C689F0C649B18FAAC149510F46B8;;
ES-3200300-7CEAB6AA9DCA44B398AF86134A02C07F;;
ES-3201506-C92A0A63DDBE4713B14607C49764A195;;
ES-3201506-2C5D6BD89C3F48A7BCFA5E5A8F5A5942;;
ES-3201605-3FDD814DD0BD411AB821BF5E44930FA7;;
ES-3204302-1638A90FE46246D78E5B91DF830F2E5C;;
ES-3204955-CDF86512F3E844E29633F5732B7C0E1F;;
ES-3200201-4E64684D07C8460585CEBE54B6FF5CF7;;
ES-3201159-7279536BF06F41EEB82D7D05301E39D5;;
ES-3202405-80345F0E7F384B5CBE164BB9DA8E4B9A;;
ES-3204807-889EA9527B53458CBBFC9F534C2C25F6;;
ES-3201100-F2CA6D73771C47DF8FB3E6B08FEAF629;;
ES-3204401-B6CCF533DAC748CDB19BA71C7F5021CE;;
ES-3201506-88131C1D32A24EFB839E96B5D375DFFF;;
ES-3203304-DAB98E5E3D444C3181575E129B793CFB;;
ES-3201605-4BF1645964D246B989CA00E7EA02B5A9;;
ES-3201902-29A97C1960D44B4CAEA06EEDF80EE08E;;
ES-3203304-FC5DB5692F72451D879181D730ED2F52;;
ES-3203106-BEC45DF3734E4B9DB83D50D559A8174D;;
ES-3202801-B04D7DCDD4344E21932829071E6F07A1;;
ES-3205176-BADF5797B64C4EF1B391E28A4C14A7D4;;
ES-3203056-AB2D080164D044A481D4BCBD8EAE1E3F;;
ES-3205002-5A77C8158BCA46B9B8B2F1364C837E30;;
ES-3202108-52BB09BC3F9746F3AFB3D2A3BA8107B9;;
ES-3201902-96E1900C62A14267AABE7227CEC36072;;
ES-3200201-87DD45FD1E5F4571A2BDE95EA4AF55AB;;
ES-3203809-44D665A29A214719A06BB4DC30CDEA78;;
ES-3201001-A9B54EA570464BE59B8A054EA4ABEE00;;
ES-3202652-331341AFDAF4428F94001EB9ECCCB66B;;
ES-3200102-3FE70C1B02AD496389C06F6DC5C899BB;;
ES-3204906-1A58D0D63A9E43D59313217CF1F11B9E;;
ES-3200300-A9EACA1C8FB54CF48CB13312CEFD2972;;
ES-3201209-FA83C6D3F31D4669BB6188C0659BA105;;
ES-3205002-24D1110D2B9749109E1B3E9620A01655;;
ES-3200607-643ADC26F6284579B5AAA92F285AA1D0;;
ES-3204906-3E179AB49C18470D8FB9EED9FED2D9FC;;
ES-3204708-DF9D78C44C2D4D52B29809356696F19D;;
ES-3204351-90F40517923D44059FA1ACBEB33B996C;;
ES-3201407-A32BB525594B43318138494FE80D6DAF;;
ES-3202207-CF1CAA42D54840CF9E6CCADDC3365552;;
ES-3203130-E4EEE4E4340C47C7B3B17EC734528DDD;;
ES-3202405-8962195CE9314AFBA7330F090B4E0043;;
ES-3202504-AD10D8AC53F440B4B11DE74DE0BBCE98;;
ES-3205176-5EB61F0069D74579A2D06D6B140D0D20;;
ES-3204005-00FB42F4CB3746F7BC24323632687ACB;;
ES-3204609-91E0FD880E4444648DACACE013752143;;
ES-3204906-DC14547D7BD148199E72C1CC9EB9D137;;
ES-3200607-81A8F6E5223B4FDCB26D48F7D3869480;;
ES-3200904-EFCE7B28385F4BD0A02E3F82E5E43433;;
ES-3201209-F49FB9E1014E4A9C9DBD1419380F905D;;
ES-3204609-1E5094436AE04642B5424097B79A2D82;;
ES-3201902-77E0088F718B4D0F93B7F37FF6882B6F;;
ES-3202702-3605487D07E74F2B9B01E62482851968;;
ES-3204351-0BB146DE6F8848E88B956BD59D8EED2B;;
ES-3203601-413D345EA677437F9C8738C8621DB848;;
ES-3200904-22FB8C50C2E94C159A7CCFD08FCF9981;;
ES-3203908-387A5B7B484B4AE1A721FB354F58B6C9;;
ES-3200201-6DA778F882E54988AB9D3DC2F817A4E9;;
ES-3205150-3781185380B14A35A89E42F824D63BFD;;
ES-3202900-CCCB8AAF065D43D6AA61D2E02AA25B9B;;
ES-3205002-DD1427A19D4D4E148973DB07C6D64EE4;;
ES-3204351-55FE5D7548A44D9BBD5AF4DC589C3907;;
ES-3202405-26403056F1C64E55BF90C221241C2DF0;;
ES-3204906-5417A1CD7CD4497AB8E72C894B3A9B9E;;
ES-3205002-9F87288D8FDB4CCCAAC09BD353BBE6A7;;
ES-3200805-B8ECD26C3A274821A0223E7C0EBADBC2;;
ES-3201704-17E3A98BE2BC4336B4F2A24E0B0E479E;;
ES-3203056-78ED851EFCFF463FB73E8B7A17A72723;;
ES-3203205-F83BD23D17A74AA990CF52B35DEFE5EA;;
ES-3202108-A82F8447EB83452C8C2AD62E3482F7F6;;
ES-3203908-29430733F1754F1CAC9A8B597ED9C0A0;;
ES-3203205-8E1639E08F8A49B5A72A0DE1D0C72711;;
ES-3205101-3783131FA04547B9B77834BF27D7A491;;
ES-3200706-104D2925AA5F42BDB190141CBDA7CC4F;;
ES-3204500-D96F00B9F2AC4F219E904BA6C5CA5156;;
ES-3204658-F07534E6D8E54167A58AA6107C8BD025;;
ES-3203809-F7FBE36F888D4EF39E0117D9A24AB3A7;;
ES-3200409-7C0CE7714FE3431B9D9D0F7813930FE5;;
ES-3200607-45D7A61BF1374235B4F4754789D9045A;;
ES-3203205-D56F09F261344052BE7D90873D0F736C;;
ES-3202801-AA427092FE69415E8DF68B70E6D33405;;
ES-3201308-7472F6A512244EE48082743B95030801;;
ES-3200102-D4198618F2C1463CA6C3F371E8119358;;
ES-3200201-30E3A11CAFAD4E45BA50BD32EA4570D5;;
ES-3201902-A6498301F00B4843ACF57EC81CA2641A;;
ES-3201902-A427D2CAB7724E89B181ED0702969F57;;
ES-3200409-D7965E4865B9488E95C3F82472B7E409;;
ES-3205069-22F53C3220A24411B44B130AF1C227F0;;
ES-3202702-BD73DD85EC864892A86C88F41756A5D1;;
ES-3200201-414DB3CCF8444D4C83E56ED70FF65602;;
ES-3203056-41869313384F480483E33EB9717BAF0B;;
ES-3205101-83344CC5CEFF46A6A13914D2FD25FF17;;
ES-3203908-C2C040385F8F4CB4968A3A986D327448;;
ES-3203130-03DC351CD6D34088AC707CE874F7CF90;;
ES-3204658-FA9CCE676EDD4E57A96148D696ABE622;;
ES-3200359-2A57AA41AFDB4D0FB808F03AE33ADA7E;;
ES-3200805-1476A9B1B45F439C95AEB9418A4F02F1;;
ES-3204302-F0CFF589DDE54785ADE7CCD243276004;;
ES-3202207-4FB9A8B9B0844709AB09E183C93EADC1;;
ES-3202603-BC3B16B09985425AA35EE1787A6A34D2;;
ES-3204500-B51C1B423BD241A3B1EF1C9F23BBF5C6;;
ES-3200102-8114C44793B8457BA04F5B182EBD80E0;;
ES-3201506-DD06C992E8E74A7195176D244779BEB5;;
ES-3203130-4D0DB860DCA94A6DB88AB71B9198843B;;
ES-3205176-E87923ACE81B4730BA01F142C310FE14;;
ES-3203056-A30FAF5ED5D4402A8F40D7744CB97A3E;;
ES-3201902-4E5EB1BC666C40508C523AA0DD60E7F7;;
ES-3203403-BCAA8FED9E874333A87E09679A145F2D;;
ES-3200102-1C99BC720E7B4CE98FA5A42477C7764F;;
ES-3200706-80AE16F98D7B41A1B86AD7B40893BA3E;;
ES-3200300-AE918897BA464D31BA176A148D1DA9AC;;
ES-3202652-142C1D55C32B4FD18C5B533E3FEC29EB;;
ES-3204955-56EB7CA749B54A69B5E4DB56B040ECBB;;
ES-3202801-92F6BB6A4ABF48B5BBF2443DFD758E94;;
ES-3200201-81DF3ABB82EF489AB359EEEDCEC3013A;;
ES-3202454-C2C4D8A9A7A8403098FFD6D2E5AA4F4C;;
ES-3205010-73246AA7F995462F9D3CE100D423D9F8;;
ES-3204401-E8307361AF4042FF8326EACF38521A11;;
ES-3204906-103F7BFE75864982BC0032C61AC6318A;;
ES-3200904-7A6E2129C61E49CBA32674D7F86119DD;;
ES-3202702-B3CE3B53F37B42B0AF503E0FD531E56B;;
ES-3202207-9BBC792037474D55BC26ACF21E8A12AA;;
ES-3202454-C350DAC597534E4185B7A0104293BDC5;;
ES-3204559-22C8BA29C06D4DA4A9516B4E6C6ED9D4;;
ES-3202702-C00BBB8F1EC24FF4B44B79939AC262E1;;
ES-3204351-935C3D3451FE44C68680DDE0670AFB28;;
ES-3203403-748D3A6C333444759607FBC8AC1A60AC;;
ES-3201902-630F1234ECB34338B977BB48BBE9BAD7;;
ES-3202652-00DA139828E24D099968CBE1E6D41BBB;;
ES-3204104-5DA507B48F594423957CDD75883DBF30;;
ES-3203130-0E250467ABA2476EA1D6D1A2336AD6A8;;
ES-3200706-D752E74187784A2CBD2EE11E9411E118;;
ES-3200102-B85280DE19114DAD9EF4952FB9556DBF;;
ES-3201407-2351E058A6AC49058B7ED1C9F6757E48;;
ES-3205002-17C0F75977F34535878C7EF31A198714;;
ES-3204005-7A6FC3110D774CCFB05B87B1F33F7E55;;
ES-3202801-5ADED5349F114499B6172CE4ECD1BB52;;
ES-3204559-F7A4D78A42284EF2B3F56CAF0384F2F6;;
ES-3203601-5C5D5407D7184E4981CC10686058CD4D;;
ES-3204401-1B525B41CB034FF2AD76C6CBAEFB5DB0;;
ES-3201100-9BCD0F0C3121435CBB8E2B11699064DF;;
ES-3201506-1AE7AED3B45E48BDB3A0C7EC11B66E4A;;
ES-3201407-778FE817AF7C42C0B634C2F0F9B73A8B;;
ES-3200201-971614AED61F4EE19697838389112BB4;;
ES-3202207-621FE8B7708245C7B99731EFBA79F9AF;;
ES-3202801-E019D6DCCB0C4AF5B8F6ACFB69AAA5F4;;
ES-3200805-B258F2F75A134CF7AF87FF89962DCD82;;
ES-3204955-9B8157955BF74584990EF8FBC784A133;;
ES-3204500-6B0E19B4B1FB48BC9F3E4A0A6AC3E2FB;;
ES-3202405-FF5506785B994396AEFC83DBBEB0E18F;;
ES-3200607-CFCC30E8B7F4440487C8F7C140F10D10;;
ES-3203163-C3E592445F9741F293B2A2E6C02C87E9;;
ES-3203163-213B78C160554366A1A49A5C7E958967;;
ES-3202207-F1B7ADE3C8294203A6E8BACA3DC11EC0;;
ES-3204005-CED889E9E4F445A5957F4D1DFBB83439;;
ES-3202553-EAF7BBFCF983473F9B3C4DB9F7268060;;
ES-3202207-8721EF662A584C0EBCA5EE7203BFBF62;;
ES-3202108-5BE54170834B4DFF854CB920E64DC53F;;
ES-3205036-181458F6BA9B4C3D8B3CE5EC4B4D105F;;
ES-3204302-5028868F9B4146C987F777B595EFAC9B;;
ES-3204401-5BDE22DDD30449AF9D5E833B9234B47B;;
ES-3200607-4D9492D0DD5946D2A75386FF7DFE819E;;
ES-3205176-7A8513BD992D45F28C8FBE817DDEB145;;
ES-3203205-9FC9957D7C9C4085BEEACFA4EC3775DB;;
ES-3203908-6CDD740DE8BE4758958AEAB23A56AE67;;
ES-3204351-D0A48E2FB31F4AEDA879FCBB7EA12105;;
ES-3204500-68FDC3E2F84E466492047D706FC9974B;;
ES-3203353-40EE7E86C6AC410D87EB3A594E2D1AF9;;
ES-3201209-4A5713DACAFE453CBF2D938C52B5B85B;;
ES-3202454-209C064E38A94CA784057EDE99BECAFD;;
ES-3202108-25097AE43FC04BA299213679546CC2E4;;
ES-3202405-9D3BA91A487342A4852AB6B651E431BF;;
ES-3202405-8D6E69854A2A4ABDB0E00A1C3C143A74;;
ES-3204252-9046BE7C068543B7B8C55A646ADCDDA3;;
ES-3203908-F570DA2DD1234524B3CE05B814182DA1;;
ES-3200706-DFFC2907C5024CA38CFE0E818DFDD768;;
ES-3200136-E42DDCE8240D46D9BB49CAA988AA817B;;
ES-3204302-98F0B016316E446D84C623A3252CBEC0;;
ES-3205036-6ABF39B7094C4E6B85D440F162C21D5F;;
ES-3200300-1754328E9447419A8C02D2FA20CF88FE;;
ES-3201308-05A002ADCB9F4A7E997A4CED8457CC53;;
ES-3205176-EDF73D2D4EC14DEE9092BE7A6641D1DD;;
ES-3200300-6239E269D70A48BC9381711B5BBA740D;;
ES-3203056-ADD8BA37292944CFA8FAD7CBDA2FF2A4;;
ES-3204559-F57DD3E7665B47ABAA47429ADAE6F2C3;;
ES-3203809-B110BB50CA5844758F2D87DB626CCB92;;
ES-3202306-1531D341C9F04242BED933106382C9F3;;
ES-3201308-9CCBE5EBE2C64F78AE7B56AAF1631939;;
ES-3201209-0B47C8D812F84F9A865F32E1106D5361;;
ES-3201902-AC47D7B5BC164297B64A42B7C9508870;;
ES-3200300-E04F0BA566D648008935C7677AEDC1B1;;
ES-3200102-E5A640FE0C1D47AF88CC81CB1D5251A1;;
ES-3201407-9C44DA6C218844258FEE416E9D692B1A;;
ES-3203205-E9B9FB854A744630930372DE9DBF0EB7;;
ES-3200607-1AF8BCA1B4364DC5A1066FA20146760D;;
ES-3203205-DFF077E0F5904D439076BB166BCACCB7;;
ES-3201902-A2BED4EF0D094566B8B17CE90FF0D484;;
ES-3203205-97F1D802C4EC4A5385F2F56A157B0612;;
ES-3204609-317334CECD984B12A6440384CF1EB6C6;;
ES-3202207-B7EB409AEFBA4F8D89777C2912317A7E;;
ES-3203056-34EE98A12D984B92BD1F01E37E357649;;
ES-3204708-D428F6A351F448BCB335A8A0961DAE9E;;
ES-3205002-DC7A5AAD52444767B61204C10BB833AA;;
ES-3204609-7DFEAA66C8704929AD544D306509BB50;;
ES-3202108-86090DB5F9EB402C89F1AB00CCFC7314;;
ES-3202009-B392347DF8164ACEBCF844A229E33207;;
ES-3201308-E9CACF3E09224118A0192D800D4CC1D0;;
ES-3203106-544BF942737748F3AC5EF9354D41AA1D;;
ES-3204401-B5627A7737B342B7A7F42134AEA022B3;;
ES-3205010-27CA84741A1F454AA2892B96D15D79D3;;
ES-3201704-4D3B07FDAB8D46D9B92B07FFFCD6737A;;
ES-3203130-036DD003A6884815808862416D335394;;
ES-3204708-1322E7258ED14059B13ACC54DA6FC705;;
ES-3204609-FB2BCE0812E64FF183F30FE71DF28096;;
ES-3203700-EE39042AF10C4605B05F3E7E44AC0381;;
ES-3204104-548B5E9087B44916A90C74E6AC4C5301;;
ES-3203502-D73E244A71F0465CB0180216A1855CE7;;
ES-3200805-6A574900B6E942018B7162D00170EB1B;;
ES-3200409-3BAFEF5F98F84A48AB4CE2C650DCFDAC;;
ES-3203205-0BF437C83E734AE5A678DC38FC073FC1;;
ES-3200409-D1A0D7A45E03477FB84EA31B2C0D979B;;
ES-3201308-54540870724E4DBA89E8CB6FE8ADDFB8;;
ES-3204054-C590170D7F1E4C0E899DA3AECBF6A41C;;
ES-3201209-48092B0FD642465AA5DBC02C0747B3E4;;
ES-3203130-15E19F4AA65D470B9F56D4C454A6A567;;
ES-3203346-45F8138FEC5F4200B262900C5A265E71;;
ES-3204351-C7AA321F394C4FA590D0F23C7AD1B73E;;
ES-3204906-33E428FDA2EF42E38042033C9D45A7A3;;
ES-3201704-F66A26AADDFF4A8392809063EEAA7F20;;
ES-3203205-0EE17D7D20B94DFC959ED130887F4957;;
ES-3200409-0FF1097B043F48E187106AF113B0354A;;
ES-3204302-A3B30A1570064EB68FC548BA07B780E5;;
ES-3204351-5E517FEFB84741A3BD623B06FA4BE098;;
ES-3200102-50DA1FF1694144659E9B3409C453F7D2;;
ES-3204906-8C16774788EB4D118D2E23460A45D245;;
ES-3202405-9093DC3293AF489AB50EEC72C856411B;;
ES-3200136-CB1F94FE976047FC9AA6B3B077BFBCCD;;
ES-3203205-31BFF803166B494AAE6966C247823282;;
ES-3202405-FA93287CE0AD4552B104C4F6FE72C70C;;
ES-3203163-F2B4677FA84F4764AA6977162E3549D7;;
ES-3202306-60F91A85345243ECA41CC4D1B7BD3E6B;;
ES-3200102-B96BE8C426FA4C92A3938951D1CCBA59;;
ES-3202603-0ACD79C6B5DA48BA957B570E4BC8AE32;;
ES-3202603-96A42ED4BC344622B12CBC9845EA1673;;
ES-3205176-54EE37CC0EEF49158A1C46192A37C6C1;;
ES-3203700-17423EFDB6124C6A95C6054E25148945;;
ES-3204559-4F0D933CB2834CBB99C52177DDC83011;;
ES-3205101-288584112E8C4EF59CBDAE8728F3E949;;
ES-3205036-AE0574A5134048E28A29136EF004F988;;
ES-3202108-CCB16135EB4C4D3E9352961C615AC8A4;;
ES-3201902-2B3B5E042EC348CB803AA50E1122B76B;;
ES-3202256-D748F87AE6DC4316882866A024A2EBE3;;
ES-3200300-A7C871BAB3814055A2F80DA88A8F80FB;;
ES-3203007-D1D6CE214EF64FC98843A17E0095450F;;
ES-3202454-F339E5D4D5FF42FFB424FDDF9964209A;;
ES-3204609-4F72736917444F9E94C6864D7D610DA8;;
ES-3200102-A67347517A934E74983B0C8357699C23;;
ES-3203346-2CDFFCC9251C4270BF70EE484A5270B6;;
ES-3203601-9ED8DC205FC74354A7A66F03285738A8;;
ES-3205101-4AAAD219795E4A748F3A994EF738985E;;
ES-3204906-51A8377AF95C409CBC1912ADFF28E8D8;;
ES-3203205-0BD5323B95E34E72BEE3214E6DBC3E96;;
ES-3202009-35390223E5B04F128077453FC1A06267;;
ES-3201902-FD5E1DD009C240D8BE03E7C9F42A63E0;;
ES-3200805-0CF92CCED26647D389DCF3EC20F431D0;;
ES-3201209-3E708CEF61994EFBAE717C7BF3CBF904;;
ES-3203056-70BA038AD5E04401A6EFA7D7AAB0DB5F;;
ES-3203163-3402EC846B6042C2A8F47AA180469086;;
ES-3202652-DA88752066C24E2E86BC09BE274AA749;;
ES-3200805-CDA6455ECA2B4CCB9AD0ED87D967949A;;
ES-3200359-3826BDABEDF5480383487009A49B5F19;;
ES-3201209-A864B7CF05AC491C907A65E5138FA61E;;
ES-3202652-D3CE7E0C7DC449F8A871C364C989E454;;
ES-3201902-A60A6BC701D440F4AC59F1A726273F99;;
ES-3204609-5C973600E18947B1B532993D5C242C84;;
ES-3203700-93887BB71A1741209E48620DD1CE8029;;
ES-3202108-89316F8E01D24A4FAA1DA47CA68C5A88;;
ES-3201704-421A3D0E09F345D28E3AF1E7FFDF28E0;;
ES-3205101-D80A693C7D014BEBB77AC8BBE7D201E1;;
ES-3203908-7E9F0D3285FC4E7CA110F672C67CE2FB;;
ES-3204559-20CCCF46FD214516BE06ABF8B6A617CE;;
ES-3204500-68C3ED22E4BB42C6A6FB6EA29AB9E90C;;
ES-3202454-A5ED6C7ED90D467BB6075DFD474A2E3E;;
ES-3204708-60FF1BB53BB047D4BEB6F89E6B52CEC9;;
ES-3200102-C5A4B44C139E4CC0A3EAA541D1E344CA;;
ES-3200102-317791A356C940158842DBF80891D6B0;;
ES-3201605-2DB130EB994D47BDB7A128B1EDA8DB39;;
ES-3205069-61ABD74911D545F5B42A741CE86D8093;;
ES-3204609-3A6F08FA97DD47B18E7EB9BAB2DAA167;;
ES-3204559-4183FC823DFE4FFC950509AEE481F3ED;;
ES-3201407-60CD8D2103664BA49395ED25087D563D;;
ES-3203908-EB41AA03E444448C8F031EF597035272;;
ES-3200904-AD72C5DC8A2B4CCF99FA37AA55C68C56;;
ES-3205002-1F531AD084EA40DAB003C0B5CB06C6D0;;
ES-3205150-5343B16BB8364C3EB294B369618A0833;;
ES-3201407-439980734DE34958ACBF988A428E5446;;
ES-3200201-C48AFCA014DA4C3ABB6DA3F3D8EB6D6F;;
ES-3202801-485062D55C6B4F60969776071F9E5B5C;;
ES-3204401-76BB8FCEEE8145698DF1BFF529C76B88;;
ES-3204401-11C3D928A0CA46918941007C63D14859;;
ES-3201803-03D9659E116D4028BCB39455AFE7AECF;;
ES-3201902-983F9F3A463C475BB5EA65218BF2AC44;;
ES-3205036-AB621CD2EF70475FBD833B58F7257D82;;
ES-3204104-CE514258619D497995BF02129315C4C4;;
ES-3202405-8264E2856BBD4C0B9C2BB9E4E0DB5A05;;
ES-3204005-9D9B815F8359486099631CB1692D04BB;;
ES-3204609-E9F2C07DBBD548EC8C27B03D003BD823;;
ES-3202306-4A3C181DDCD54E8387F0EBB280BFFD41;;
ES-3204559-BFE5F0F466C24C8EB413D2E2944E59DC;;
ES-3201209-CF591820E9C94D0291AE6A8888981325;;
ES-3203205-D299AD73D6894685887DCA0E5BC130C1;;
ES-3204906-C9C1C2F86E6249208DBBA0C68EC6ED59;;
ES-3205069-1626223975174817827218CE126A3641;;
ES-3202553-5D1BA6ABBE414403BB6938F3DBC38D44;;
ES-3204401-640B50C65C5A4E5AAD8391A046DFBF57;;
ES-3202553-34A5317C54E247D99197CFFD743B5B33;;
ES-3201902-48CBDF90E0B9410EA4222EACCE4A6AC7;;
ES-3204351-69ECE966CCDB4020A3511E65F95E7E90;;
ES-3203700-62F151F646134352A05C203D2F138147;;
ES-3201159-B404993A5F524DBAB4FA75D48FE94A75;;
ES-3205101-AB5BC408E8F44241B054A085DB3345E4;;
ES-3205176-D5B3EB226953457A942D778FD46B9EEF;;
ES-3203007-CF001C14DD5E4C6FBF3B6BABDCF09F89;;
ES-3205010-B1959CAD787346EBB19D36B8194681B3;;
ES-3205101-016540A546D0408D848B41163E2ED21E;;
ES-3201902-8FEE2BDCF45F4F31803DF0A30D70BBBB;;
ES-3204906-21FBC65B8750430692530E8A7FAC28A2;;
ES-3201001-BEFCDFF23ECE43BBAFEA5AC55535D861;;
ES-3200136-F5CFBCD27707424DB3DA67368B31A05D;;
ES-3204401-553ACD904C11403CBD6C2527101AB233;;
ES-3204559-37CCAEA6626845AF9CFAD5B90B58C46E;;
ES-3204005-9BC57D5B24E049AD8F6C08F93F5B3F45;;
ES-3202108-0E2CFA030D2B4FA3B4659D1FD6A402A7;;
ES-3205036-421F92D6C6FF4D8E9E4616BA1BF7C90D;;
ES-3202900-84879C6BF9F54FBAA491E909184D9BE7;;
ES-3200607-8B4FA9F1FCD24093B85FB4833FBC1702;;
ES-3203205-38504B3051C449B8A42B5727C0CFE515;;
ES-3201209-46FD1C72F1964F31B763912B243FFE52;;
ES-3201506-599C68642AB94CE9A43690EF4891755E;;
ES-3203007-9C7FE50AECC445579D450834A0829F21;;
ES-3200136-566303377E32446996519340F0ED0A71;;
ES-3204906-B9FA648EC0A04801B78550B6D504D181;;
ES-3203908-E8126E6D1E764EDA85CF716752287C70;;
ES-3200300-8F90A089DB6047598B53F76957C9BA6C;;
ES-3203205-ABEE60DFB88540C4B6CCB156023D95E0;;
ES-3204906-65A0FACED13C41C3A89FD04E904C1128;;
ES-3200300-1D162DF45FF741328DF64D51B082D401;;
ES-3204609-DDC4450685E64503AA2DC396ABA195F9;;
ES-3201902-59CC610B70244DCF942E00E049411F01;;
ES-3205150-FB283745F0E54445832C3E218950B8F5;;
ES-3201209-F10CAFE89D394D48A2CC33D775AAA792;;
ES-3202207-995D3AE82599451AA725FE8099ED215F;;
ES-3203007-359EA89033A24271A1CDD9ABCBFF8158;;
ES-3201902-5BB945C122D54A57A80AF800FC7707EC;;
ES-3205101-1487FF1B58D44C658CCB2B7CE7FFE869;;
ES-3203908-B725ED8256234C8D9B74799214FD1C46;;
ES-3204302-2E0ADF4B7C8244EBA12412523E08EE51;;
ES-3200300-DF483760DB6C43A48D71AE9D71ACD243;;
ES-3205002-C5F0458FB62549A9A675C6FCCEFB40EE;;
ES-3203205-6FF092018FAF4964A4E35528D362963B;;
ES-3202207-C205B11DB415404E9B2AE8FD47080F3A;;
ES-3204005-7EA633F4791849C8852884F607B15D51;;
ES-3200706-D58F7ED77EE14B0A87310564F71A43D3;;
ES-3201704-F80FB3847B4743A8BF5B6AFC3AD43B91;;
ES-3202702-B7146C24E60A4AEE89AA792DF8B63093;;
ES-3200359-8645A1B365C54CAC8513F5CAA2F3B38A;;
ES-3203809-3300D1D496B14E08A220DEE98F07A39A;;
ES-3204005-AE7864FDEAD1471586E1A55625C6A98C;;
ES-3202900-BF1C5D15FABC4684AE537F8970B8E6BD;;
ES-3200169-E34089BBF38B49418126C1BD1DA29803;;
ES-3202405-3D2C1C38BD324114B8CD7A22AB703647;;
ES-3204906-C32D4AADA75443AFA9D1413C060C417A;;
ES-3200201-17E581C96FD14FA8B0DD03836AE37715;;
ES-3203205-77E93C9FBD7C4B81956C8D365A6DA8E3;;
ES-3200300-761BF3118BC2492EB4D4C88338E9D815;;
ES-3203403-1FE2CE71AF824DDAB96133DAD31A78F7;;
ES-3204609-8F7FB325B1E146CC92EAE4097E64A204;;
ES-3204955-3E6E154692544D2D984B3B9B3E35AE4A;;
ES-3203205-FE2E91398A854BC389E18436E24795F0;;
ES-3204005-0186280E172148B78802E89D513613F0;;
ES-3202108-2265E663EF544F19B55FD3D9B7022916;;
ES-3203056-2020EEC93B844912994C445166DE584B;;
ES-3203908-6AC9AFCC8FFC4703B59021F1531535BC;;
ES-3204559-B3D82BE39C9D49BF91B52DD355C9903F;;
ES-3203163-6555908CC6C448CDB3243C0E9FEF5DFF;;
ES-3201902-219E8F18D72A4F98B4C47C07A955A35D;;
ES-3205150-BA6C07A6CDE7442A99D8D874BCC86965;;
ES-3202553-97D9CE8C1860436D87D9416C7C9ACEB2;;
ES-3201506-435860558C2D43B381014B2B98E5F961;;
ES-3203908-124C2F294C764770BF49C93AC65ADCA9;;
ES-3201506-9A28267D849F4DA48058F8F56A09C884;;
ES-3205002-6A4754504BB844B8B729842625742785;;
ES-3200102-F722309A98B6476386FB73A3949BBB1E;;
ES-3203353-8D1468EAACFD4083962AE61311543C8D;;
ES-3205176-2A7B8B815026480C8D2B0315496A0A6A;;
ES-3200904-7DAB92EFC3E14E7C84BC9A59B0ED95B0;;
ES-3200904-824539ED16DE44F0B207C22B09A2E9EE;;
ES-3202405-23061EF642F4466CA8418C180C8558E9;;
ES-3200409-5DD5DC2ADA3C45668E5F3599136EAA3E;;
ES-3202207-7C502C2B128B44C3A3E47A1E67AB9691;;
ES-3203205-CFC159F259C841ABA42A173E6A5E6191;;
ES-3203403-ADC664BB867943FF860C5A42B91BF47A;;
ES-3203205-31C79981817745A4A5B38E6DC32A8081;;
ES-3204708-CA52F0EA5EEE436A9DA43039F09C47A4;;
ES-3201704-5DE46EF9BB1E4539B02BB7B6E0BA7F0F;;
ES-3200508-92C88B81BE6446E7A3E9F13E99609796;;
ES-3204005-0E5A09B0CED940D3967A0F059DFDC2BC;;
ES-3203700-8BED66BCDE2D44B3BDE886430568241A;;
ES-3204302-5233D1D351294F68975DE8A9827B87B5;;
ES-3200136-08A85F4437E74A7CB1CFA6E0581988E7;;
ES-3204906-A03D488D06F0492DA0C640F77F5B5FA4;;
ES-3200201-C57BADA6CB6542D09841D0D893A7A109;;
ES-3203908-52C1E91F966847E5963A7C6BF9B58EBD;;
ES-3204302-9C17F20938E04E7A8E87F1E606CDB333;;
ES-3204609-EEEAEF89785F4B45AA4EB75F8F1B3612;;
ES-3204955-964551324ACD4C6CB4FB8B4A52DDBC31;;
ES-3204302-551AF16DD1D74F92A94053EEA9EFDCDC;;
ES-3205200-BBB0B665A1C4449B9E58DB7D841B7118;;
ES-3200169-8065DB4379534748878FF15D24967EAC;;
ES-3202603-1B8D27DFFFC74EB8BA3FEA3CA15DBA23;;
ES-3200904-446E74CEE40F4B658DFF605618491440;;
ES-3204005-ABA61BCD70944376A5FC9BC52242823D;;
ES-3205150-E768B0A9D93544EEAA5A5CB04B7E2A26;;
ES-3203304-C79329AF28324B6F9556413383FF40DA;;
ES-3203056-190486EF3E1B41A982BBBA7039C9D929;;
ES-3203205-DCA9B9BA32994E6FADCD4C1BE938FD5B;;
ES-3201407-1B81DBE806EB49E2AFF8FC1886EF3CA8;;
ES-3203056-D30B6C5A14014F2A913DACAE3A183C83;;
ES-3201902-3A6BA4726C324E4EA03AC29B3529F4B8;;
ES-3201407-639628F2968A47D6985EB9A8FE38D1CF;;
ES-3200607-A54E9A9419EB43ACAB97937748284A94;;
ES-3204609-5A9E6FF12E9649BAA4A08D120C0824AA;;
ES-3200300-ECAFBB5F193442068788ACCBEA8CF129;;
ES-3205002-8EDEDE39DDA740AAAAA0CD83B4F3E43F;;
ES-3203205-964300249D344815BB5E17124ED1A4B6;;
ES-3204500-94BA3567C56A432087142E916574647F;;
ES-3200359-9E260CE98D0B4CAE9B2ADC5DF061ECF8;;
ES-3205002-DFF8322D34F349C3ADF8ACFCF7B65BBC;;
ES-3202405-ABC73ABC3A964FBCB14BCB46F5FF168E;;
ES-3202702-2FB083E2AA364B7AA28200B265F88A31;;
ES-3203346-40F836A2D8F1441DA0423A39E715F2B4;;
ES-3204559-DAB9D5F5BC324E4F9E172A2EAD44A8BD;;
ES-3204252-313C9344EDE84F469D593F4B05E31051;;
ES-3200706-79A67BF248CE4D3F8422E23FFA98C28B;;
ES-3204559-0D556964A9124267A5FA70EFB1D8A285;;
ES-3201001-8675A524DE4247DE9947697E1D213862;;
ES-3200607-B834B8EA6F6046C29BB72B27DA4F0784;;
ES-3203007-C0BBB96B73AD412E80E7062C4219BBC0;;
ES-3201407-AC2B93BA84DF4B76A690835C603A442B;;
ES-3204351-0E43BFDAB72048A98664E4E9E8EB42F8;;
ES-3203007-EEA179DFE8904BC68570409B799AF550;;
ES-3204104-A4159C6B5F004808917F22866B1E014E;;
ES-3201209-5BAE547724FE44C2918DED811E6BCC7E;;
ES-3204609-65B3393EC8C54D4B98B9D87DC2185C78;;
ES-3200607-15702AC1F4B64087BDC0DD1E103FB40B;;
ES-3202504-00D1DC1D53F54361B0569ECA161A56A4;;
ES-3202405-473A8A044B914B81B4C4C2B8125BC52E;;
ES-3200409-5D858392B0CC40CC89B41FF482C8D497;;
ES-3203320-B6A1614000F7412880F291672CED0FA4;;
ES-3202405-28AE421B738345489EA88727B0278105;;
ES-3200102-69C2CDA8821E405D9C3B4FF1582298B3;;
ES-3204609-1B07876633574B03875B6AE78ED8BDB4;;
ES-3200805-AF32C6164F574A1A83F32DA1606E8BC5;;
ES-3204559-4B6C3BB990E449A1BB1900291042CC44;;
ES-3200201-6E9EC51CC738473EB4E762FF9CE8C235;;
ES-3202702-CBD46984BE7849D49CCA69C704E991BD;;
ES-3205150-234CEA10CA0049D89B37C1F3D006C556;;
ES-3202900-5BA1D8DD96334F9BA1056FD684EE679C;;
ES-3200805-E125B8D075AF491F84981848CA29B2AA;;
ES-3202108-B08BE7D5EC0749DAAD27F8661E9DC95B;;
ES-3201308-FFB268751BB84C1CB0D10D5CFEA5A58E;;
ES-3204559-69681B6BC464477EA67DAD0BCB4C72B9;;
ES-3202454-7CEB6FDE32754AA7A90965A64C20DF80;;
ES-3202207-9841F7CA93DA44068603EC81B594C0E5;;
ES-3201209-1BD14870A61041CF9CB772D063FB2E6E;;
ES-3204609-AFEC0FBC61744D11BCCB9F3E71E8E626;;
ES-3205036-48FCB75DB907487695C5F43E982BD1A9;;
ES-3202504-DDCE9D899FDC460AA85DCC142D19BC07;;
ES-3205002-7438158585EB4BF5BEBB541BD375C44D;;
ES-3201308-FCF63AFC6F794AD699BFBA9478692154;;
ES-3204807-FB4EAC57000E4E86A42366BDB9FD55D4;;
ES-3202454-B556CFFEFC0B4B889D719838C4C5A848;;
ES-3203403-A28BF71337D242288300C3F58F86D8B8;;
ES-3204955-4938DF3E3A254F23B036EE7576C6D797;;
ES-3202603-AD932EF05468458486ECCD91F448CEFF;;
ES-3202256-D0694485F4834DCD9DF3C4C65BEA73F0;;
ES-3201308-43013DD88F3B48258BB456AFEAB83276;;
ES-3204500-0BC6E192280A4028A7F30673DF734F2F;;
ES-3202405-A9B85B4D46D74866AC2E0341807214EF;;
ES-3202553-383E431014464537A3DD2452D67F95E8;;
ES-3205010-2A35F53A0DE44D1AB2A13F7F334A9961;;
ES-3201159-DF8D13B5E66748FF9DB4514605E347B1;;
ES-3202405-B0540EA28DA049F8AF9F7BDE4AAF62E6;;
ES-3204906-64E92CE496954D039CF75A02AF8C5B22;;
ES-3201506-BD3B105ECA57436A865F000D918D3B89;;
ES-3204559-62A71387EB0F4D019CBAEBEE58AF6A27;;
ES-3202207-7E75347F52A044E6949BA3068C142E0A;;
ES-3202207-50B3A5F30A2949C7814F5B6CF5E626B5;;
ES-3201407-1E9E46018C224F7A813BE7152D0AE90C;;
ES-3200904-ECF062733F2047F0ADB6B64CC2C361ED;;
ES-3201506-229EF3004A7045BB858486FB61FFA76A;;
ES-3205002-939DA6CA62E24723A0AD50E87067845E;;
ES-3203205-C89C5323B0D44C76BE5E7E074AA28711;;
ES-3203056-17B97812F1AE4B46BB65C1B9EAD05A79;;
ES-3205200-007E032A75644F35B57CA513C837C486;;
ES-3204658-215F5AB1E1504421B9A76A110B975F60;;
ES-3200102-B354A3A902AC4935B5329088061E3CC7;;
ES-3203056-C34D5AFDB9A34A52AA2760C08AAEF038;;
ES-3205150-1B934E4730A14D8981624FB5C13762EE;;
ES-3203700-5A8EBD36A99A4FB9844E15A2E16906A7;;
ES-3204500-3D971ABF0F324438ADF328B2B2B29EE3;;
ES-3204401-02028FA4261C41898CA3F234AEEF1EBA;;
ES-3201902-460EC243328D436FA548D5951580C3C8;;
ES-3203130-181228A1DD9E43CC80E1E86E3E386B05;;
ES-3200409-BB3AB5288D84433793CB16A54A8F408C;;
ES-3204906-FD598C3BC0AF48449C747AA471A628B8;;
ES-3205010-637D4CD8BB36492FA6FC41454A8255AC;;
ES-3201803-E89B02FC9F814F93BFBAE53766B5309D;;
ES-3203908-EE07F83D417B44A0907855B72DFD4A2D;;
ES-3200508-F61CAD14DBB34B40953CF17A12A79FBE;;
ES-3204351-8F6CEE9DF2964144851EF6F50FBAB791;;
ES-3202405-D1BA624B204A49769F7304B979BD73E6;;
ES-3201506-D76D35A66DB94A1DAF18C17FC34F6820;;
ES-3202405-CD9092FDD54D439F922FB6A66B174059;;
ES-3201704-A2C28E1F7D844E1F81FCEA6A5ABE1031;;
ES-3204500-149CB9CF587E48B9A7002CABE6EEE510;;
ES-3202900-EC708CA95B39431EAEA79249FC2A2BE6;;
ES-3202603-90C169DFAFA4440AB624DB16D40C4C6D;;
ES-3203346-FECBB417BE0349DB90FCF5FE01A86CA0;;
ES-3200359-CFEFB737304549B8A302C107943BF751;;
ES-3204906-00EBD8C35B4C4723867EF94D43999F05;;
ES-3202652-98C3D63C8C4845B3A7B5C9751AFF5E0C;;
ES-3205002-DFB5F03A38AF467AABEF093CBEA36637;;
ES-3202108-1919BD72B159469B86BA4BEC02260ADF;;
ES-3203163-D547DDAC5A8C4DFBB1A1320C8C43935C;;
ES-3201902-8CAF03E0B7174532AFF194C04FB4C977;;
ES-3204559-CFCC1E34E63F471CA4FA214E3BE933CE;;
ES-3203205-94B10C87AC2C46F4B220CACD6A2698A5;;
ES-3203403-2F91E371DF6B4957900662FB1CADB8DD;;
ES-3203007-EA71C65DC11C482493E2632258F1AD08;;
ES-3205002-3CF8932CB9544A37940C72D6BA821505;;
ES-3203304-02A9CBEAE2D1436C8A8F6BA762E62CD3;;
ES-3200904-22699C347C2842C0B4900011C12CBD37;;
ES-3201407-58D6DF9F58A542A4B6C5100E73DB3381;;
ES-3200706-BD8CE8784F8448A18EE6D100475A6DA7;;
ES-3205069-C2FB3FD2A40A410C870B66B0C6B3D784;;
ES-3202405-64F090E04D204BB192325A86F6A8243B;;
ES-3202553-AA3FF545AB1342B9AF143F876AE0A4A9;;
ES-3203403-5A8281105A184F00983722ED991E7F71;;
ES-3203353-0E642ADEFB3146588F2747DC0024E285;;
ES-3204955-A40A32A841DE42969BF2D11479CF1E02;;
ES-3202009-1097AAFBA708481890CE7FE563E9B35E;;
ES-3205002-80290082325A4E4C840BA228E80B7EA2;;
ES-3203056-C2EBB1B11042433C833AA22CA55FDAE7;;
ES-3200300-56ADBE1628524DD0901F72BEA4AE020A;;
ES-3201902-89ACCB7961F7454699D95147E9AC8D9F;;
ES-3203106-B895A73C09B64F209D10341982595FC1;;
ES-3203908-7EB05CD74DF6484898ECC902D42578A3;;
ES-3205002-679BDF13C9BA4858B69842CDC03191E8;;
ES-3201902-32AB84E018ED4791B39017ABD95E82A5;;
ES-3204906-91EADF7A7D0347FC952821FE135FE12A;;
ES-3201159-444CB07F7B7B4E7DB866239C933202DB;;
ES-3202603-2409103C5F8841E79D707443568BDFB7;;
ES-3202207-BD1EE22E427C462C89AAB9D5A3340E5F;;
ES-3200102-2C8F4669C3674ED0883EEE04E5C58AD1;;
ES-3200169-5FD88A556A864A0586FF61DED4892C25;;
ES-3202504-FC131775950D46A186CD59D1DBCA211B;;
ES-3200169-E565D9A57B2B47D4A0450AAC2D6BD834;;
ES-3204807-74A38AF20BC6441E989791286F3E4872;;
ES-3200201-A951782A7AAE45918353FF905B873DB9;;
ES-3201902-090E5B07E083490B96D100B3196C5FC7;;
ES-3200169-C041F870CD634E4795C178191D004277;;
ES-3204500-FCB1F3B8F7BC44C4817FC20E4E8BB1FA;;
ES-3204104-AAE813219B924326945EA66DEBF9A90F;;
ES-3202553-56E276721ADC464385C88F53706CB272;;
ES-3202108-D07DA7093DC44B839F4F4FA7EC12BE69;;
ES-3205176-21A7A49B93F040EFBC6F8FE5828D4D80;;
ES-3205002-87CFDF6D192243719657273B30A05BD5;;
ES-3202108-FD6149FDDF804A6083F7075E64234C5F;;
ES-3204351-4C2773D323CB4D9EB3528F455B644C68;;
ES-3203205-0C310270CB6E4DE682FF355E2F803ED0;;
ES-3204708-DAF23DBF1B2B412B9B5915D0DCFE0C8F;;
ES-3204906-A93AAFCF668D4EA2999889D19EB5805B;;
ES-3201704-C22EDFD09B4442D3A677B873873FE1D6;;
ES-3204054-9CD5A9C9409D4669B73656F6C7D50CDD;;
ES-3203353-D9837BF200194C41ACBE5FFC458E786A;;
ES-3204955-FCC7564FEA624EC8AEA8FA66167180F8;;
ES-3202553-1B75B72F17AB46668A70010B92EC3C18;;
ES-3203346-9CBB90EC94D54AB8AC8C413CACF7A03F;;
ES-3200102-45C52C9FFC0548FC83D82A5C51BC0514;;
ES-3203320-152C71BEEB0A49DB9612D45116B7EC8B;;
ES-3203106-96A9CB9CD89C48A8A6F497D6F9E18645;;
ES-3205069-6C090E29B50F4E6F93A7550B8C203DC3;;
ES-3204708-CD1ED82FC3C14AB3A8CCE02163C53261;;
ES-3203353-A58CD107DF3F4905A27E12567C8E62F8;;
ES-3202702-1453C5D700A24A5F9534AD4AF1E37616;;
ES-3203700-E48389ABFD374A5A8BE6B53566439722;;
ES-3202405-87B7F61ADFD14430BF5FC4C7BDF913AD;;
ES-3201506-CEA12DFC20084996ABA440CD1F752D37;;
ES-3200300-F4BF03C8CE4D46FB96804AEF13680231;;
ES-3201506-1403979467304F578007D4DFB3EC2A23;;
ES-3201407-2F530A135C5642899D851BBE3F42FCF2;;
ES-3201407-D02EFBC200D34E898BB859F920B2EC38;;
ES-3200300-34E6ECDCC40B45A686CD899CE34351BF;;
ES-3200409-1D61031199484C26875AC45FE8FE3828;;
ES-3200201-55B3E2AD4DBC451E833EAC83205C9ED4;;
ES-3202207-E4E18BDF3C5E4A02874D8CC6DDF6C773;;
ES-3202603-8E4445F9128A4FA5A50AE59B77E6AABD;;
ES-3203908-1176D2C5E7BF44DE904DF9BCD419BF98;;
ES-3203353-20B21CB3B1A14FA48DA230A34A0E8A5F;;
ES-3204906-66CCB5772ED249FC91A132429BF0E1D1;;
ES-3202405-78F9CBE58B5B49C2BC8EEEE014FAF4ED;;
ES-3203205-145CB2ED401943E9AE01FB4C4F4D3CBD;;
ES-3202405-F9E8B348960041FE9319AB8E38DA798A;;
ES-3204351-89335E62D67E46CC98CE5257403B4272;;
ES-3200607-821DFBF456214E3A91D1A4AABC0C825D;;
ES-3201209-7DAFA336B86C4ED4A2DDC71D69D1AB0F;;
ES-3203007-ACC9C86EFBB14ED0BF4AEF247FEA67A7;;
ES-3200607-D6BE09834CEA456FBA8525BE7B9F31DA;;
ES-3200102-11083443E8AC4AE187181CF9374E14FE;;
ES-3205176-CC9CA66592064C659029C3FF69B06333;;
ES-3201407-F236E757701C4D2AB3D22177A13F5593;;
ES-3205036-5F3AA47C37BC44C89080A2C43A9049CC;;
ES-3205010-B3845F9B913F49DFBA9AC3884870F5A8;;
ES-3204005-6AB3ABC0CE8E45DB9D74ACA15624E440;;
ES-3201506-F557108018EC482E8A97CA7C62E8E499;;
ES-3204708-6609AA8E7EE54B239B720C8B57ED6C48;;
ES-3202801-B866BE1133D1499E89F48ACEC54318DE;;
ES-3200300-272525AB3592401BA5759B5150A77FCA;;
ES-3202207-29812022654F418BBB67C37A0EC1F2AA;;
ES-3201308-A1D10FE9729F46FCA51AE4365EBD345D;;
ES-3203056-B6991B94F311445F98D4D1F3F8B2329F;;
ES-3203007-FEE5A82F0B6448849515198CC069D36F;;
ES-3202801-F9B2454952554E298C52CB0AF20AA883;;
ES-3202801-1900EDD0A6054030873BD644381C472E;;
ES-3201001-9C1893FE18CD40EDA7442BA28C2B1288;;
ES-3201902-E0AC2386ACC4488687CAFD15DC37192B;;
ES-3204807-42E61342DC434E579ABA3F747F1DAD9F;;
ES-3205002-D5F00B54D4D54B4B9E3084BEC8C273A6;;
ES-3205101-3977D06A9F7D43DF8E6AAF67AF07FC84;;
ES-3200805-B8BFB0A15B5143CC89CF9105081598E4;;
ES-3202405-DD5600C40B954505B3B1057CE5D95AEF;;
ES-3201308-C91543E844C842B2886DC472CB76DDA1;;
ES-3202405-443EBCC0C95446AB836581808F66F06E;;
ES-3201803-16E58E2BE9604F4BA36564F6A181A818;;
ES-3202108-0F843AF792954EDC8321E53BD480A021;;
ES-3201407-269CCA47DEBB4467BCDEAFA21F32A4A2;;
ES-3200102-83DC3FE28C944D458EAD85CF1793274E;;
ES-3203205-399331EAD0B84D6AADFD8D16CEEF431C;;
ES-3203163-8843735B235641548FEA388186409831;;
ES-3205010-D6D387F382624F258AC1CFD9D3F15206;;
ES-3200805-41AA766A27294777BB2F4E829778D2CC;;
ES-3200805-F3409BAF6BB149B386D6EB8D96083231;;
ES-3204005-B19A14FC7C414C79BC28CCEFBE0BECEE;;
ES-3204500-340679AB1BDB4921B53B26DD68CF1D47;;
ES-3201902-F3C2149F04B54F3B98E6E48193CE7438;;
ES-3205002-EAA9067D62EF4F84B66CC5A4891C37AA;;
ES-3201308-58BCF37E340445EC8CDE07049C152C91;;
ES-3200508-5AC32AA458E6446D97AA6800CC2D1540;;
ES-3201001-5E96E7C059EE4B3B97711307A12352BC;;
ES-3200904-7FC5E4BE593F4D1297EDF1CC2FB79CC3;;
ES-3201308-CFDA32B946CD43909930B030BD49CEB2;;
ES-3200409-683C1053950B464585F675859FA602D5;;
ES-3201803-85BFF050D77C4EF2AA9223C418B5BC04;;
ES-3202256-DC1BA4CB641146688009948BA4816A01;;
ES-3200607-9E36A7C549044D46A630CECE0C8852FE;;
ES-3204609-6A168BCD26A24B8682B6ED6839236B88;;
ES-3203601-63F1EADB9DA94E748102E6C9BE01EDBE;;
ES-3202801-2FD57AFC3B5F4DC1BCF964588B905381;;
ES-3204906-E4E70756360549AD9922CF7C679FDC32;;
ES-3201902-9723D2F86F6E4913B50B70BF2D895D65;;
ES-3200904-E4CF95CAD9384A13906A3BBEDB4766D4;;
ES-3200300-035F22F80EC4468C91CD82A733AD231B;;
ES-3200904-B64ACE79E89D48769CCF90BDD1D2B539;;
ES-3200102-35324B0C758C486B9C0F7FAC77C5C1B4;;
ES-3201001-00C5ED6C5C9B4ACEB10240FE04247218;;
ES-3204559-01247D6EB525485E92076BE6292B83ED;;
ES-3203908-70CACCBC46EE491880240F69CB669774;;
ES-3200359-DE6EF1EFEDBF482688DD7D8BBB942A05;;
ES-3201308-C9D8887907624F7CAF71CBDF898E0F34;;
ES-3202306-A9363DFB90A549C7BF70A7E7625C0033;;
ES-3204906-0759EA3DA95C40C093F31516A3182085;;
ES-3200201-C0B39AF9323E4B29A8E2B960D6EE000F;;
ES-3204054-950B86DA679543609CC6AC63588C0787;;
ES-3204609-94E8E76FA8BB4459A4BE5CDC802EA494;;
ES-3203007-E858AFAB6D094765A5D80ED2BA10A4EE;;
ES-3202454-148D4C9427B347D480A02B914346C0F1;;
ES-3200102-EFAA3FCC84A5427782B97C0390A50841;;
ES-3202108-98F68F08611B45798E86F33A44EE29B2;;
ES-3204906-723FCA59FD9344D982221C2EE1B31698;;
ES-3204906-36E74E49F16A49F5BC6299A18E3A1152;;
ES-3203809-F1AF8C0E5F134E4FAE62E80F0C509F1E;;
ES-3200300-5D79AA81F40D458090809DA2A7EFEAF0;;
ES-3204351-A7A54DA6665340AFA8DCF83DED9AFCFE;;
ES-3202207-355B2898B159419B95AE4CB997C76577;;
ES-3202900-B9CA28CC32F24A3597C27A9C7E1E64CE;;
ES-3202553-80A3817A46A24FDF9FB1445344478540;;
ES-3204658-0233E12647AF40B5BB1ED87BF135F53A;;
ES-3200904-3E69A3BF9B714EE087A94FF8F6059E47;;
ES-3200300-804B4F76552F4F2EB22B84DBF366FA3C;;
ES-3201902-0CE544B40330485FAFFEE2C3A843F188;;
ES-3204054-150F1494F39A408195953F604642AB2B;;
ES-3202405-A3197772FC234F34B115BA7BFF6A9DF1;;
ES-3204609-66C25A6675FB499BA5C1D36E7E3DDDC4;;
ES-3203403-4918AD3447AF4ED58D06CF743A04E7D1;;
ES-3203007-392F5D9858FF49C2B1C7EA22297A50E3;;
ES-3203205-08AE55CEEF2D400F928B2D986A32F52D;;
ES-3200904-FD3E3D09E0B244D5951A09D0125EFADD;;
ES-3203056-CB08693CB35B4AB08E9F6FDF5BC78B62;;
ES-3200300-F94D9DDA380644C9BB802FD8D83E48CC;;
ES-3201803-69D77D32B3E347709B6F31E01DF9535A;;
ES-3203205-D2F9B913F7FA4D87851CC431D727E73E;;
ES-3200300-DB0DF33173854C738AC533F95E793762;;
ES-3201902-502AD865E4E44A9DBFB31F2BF85912B4;;
ES-3205036-60ED15811D6549D1961BAC3AE2695E4A;;
ES-3203056-648F235D76314ABAADB7FA204C640E18;;
ES-3202207-B2609C7A85C14B9FAE6E919EEB11CEA8;;
ES-3202801-AE8F2A21F99D458BBB47F39CD1B4BCDA;;
ES-3205002-404FAF0F1DEF40FDBE99814977D9212B;;
ES-3203304-ED1E45CF00024E1287C942D7FD9217E6;;
ES-3205010-A795B55578154A46A91A2CFA9DE62800;;
ES-3200300-42937F71929C43019C258FF2F2FD3DE1;;
ES-3204351-D15C9D72953646D4820672D8AB9AE077;;
ES-3201209-818709DA3D3647C4BD2AE4C4002EDD45;;
ES-3203205-5D0A8B14FC0D4C45AFEBD4A868EAF1C6;;
ES-3203106-296A4A75B89F4E5E9E758FE5B5BEFF89;;
ES-3204559-B199BFFB04644914AE6030C728E5B328;;
ES-3201407-509AA6E998404FF187DE640AF9A4EAC1;;
ES-3204401-06F427F928D74E5788143C063B3969E5;;
ES-3201159-C10DF445B3854FC88705A39A547F9B37;;
ES-3201308-B246CEF5F1684F368A55117A073510B5;;
ES-3205036-60164720AE0F44AEBC70485612A702A5;;
ES-3200201-6FDC73B1660244A79CB29B729D5ADEB7;;
ES-3204500-6F6C7441BEF7425285644E40E18EE879;;
ES-3200607-F7562C22267A4DA0B26FE5131972F473;;
ES-3202900-5E648A70A93D43DCB094042F0B307D0B;;
ES-3203353-000F9A63BA5346759E24A19CD513A819;;
ES-3200607-6E88A299521E45CCB95F588820DBD69F;;
ES-3201407-C5CDA7D07B9F4B808FFF69F8D896D541;;
ES-3200201-168CB7755F10439BA82F703826D986BF;;
ES-3202652-220CDD7E5FB644108A7D5A014FF6C85C;;
ES-3200300-BA1FD44E5DC8459EB157219707912135;;
ES-3200300-50EA4E51ED57485B8C6E4E23CC187907;;
ES-3200102-DAE3E9788F424B3BAE2B032D054EB1E7;;
ES-3203130-AF3FC1F38D69459FB0AD29209F7E6F23;;
ES-3201605-1F4D5350D70847448EBF480A04F7501F;;
ES-3201308-279BC01A6E69460C8416F423F96DC9A1;;
ES-3203007-12AC96FC63AC40BAA0A588B299D8A96F;;
ES-3201902-4FC11D85AA2A4EF2ABF8D83B4935EECA;;
ES-3200904-4AF6F278F00544BEA67CD7342320056E;;
ES-3204906-DD726AC869BA4A018E09B2C8E748A771;;
ES-3204351-8558ABD56AD842FBBD88D27CA1206322;;
ES-3202504-D9D8627B7DDD44AAB3FE476D63F66968;;
ES-3203130-84ADED414FF54E1EA93CC2D855A44F57;;
ES-3204559-A80E91666937432AAC324287EF3737F1;;
ES-3205002-DEA16EF4A0A0452F9512953C9806F511;;
ES-3200169-104D889B772E47E89EC9131C0ADCBD78;;
ES-3201506-69049E0950A84478A0954727FF690539;;
ES-3200904-15C12949A3314F1F8182CC285E4C68DB;;
ES-3203346-DBB3E79E510A4E36BDCBF99719D903EE;;
ES-3203130-7DB121CD2529462193ABAAEFE165F829;;
ES-3204906-ABB08C4A641749E38831E68EB01219A0;;
ES-3202405-8A702F569547446D9406DD67749CF9BD;;
ES-3200300-BE1C3C7307E3450FB23F0716739C1748;;
ES-3202108-064580E0427147A285AFE0904FCA7A1E;;
ES-3202108-83B4E09035E845239E6690C470F514A1;;
ES-3203908-6FEC7F42030F4E3B9C34E51F4795AB6B;;
ES-3200201-C1B6B350CC254730A12817B58CB0C62A;;
ES-3200607-43A7204091594F8EB7CD9C359201C4A4;;
ES-3204906-23CDA0DAA5454EDB911E668FF34C6372;;
ES-3201001-FFC1BA6654B949F397D17DDD941F0CF1;;
ES-3202801-47886CD74A3040958DB037E386F23807;;
ES-3203908-2518BE979E224BBDBEE499A056DD8A78;;
ES-3201159-AE62F1F29E29448099D4C84D3B405C55;;
ES-3202603-E20A82B7F87C47B28F934E1778607453;;
ES-3202900-EC0750F525DE4B7ABE6A66A23E60ED65;;
ES-3203809-AB9D47B522C7408B99474842FA92A98E;;
ES-3204559-303417CF521E480AA5F91317D1D927A3;;
ES-3200508-61EE9B3522FD4FCA9E87312B7299D13E;;
ES-3205069-8D8D816C43EB4F6F8A48D650EB698B1F;;
ES-3205101-D6A6B94992074A468710C157D723C058;;
ES-3202405-D7B1A0329A9A4D8C8114C3DC9F3CFEF3;;
ES-3200508-608A2EE367F94A71B4809E63B6C80098;;
ES-3203601-5F421CD1DC53494796E4C6AAC09026D1;;
ES-3200102-1A607FBA55864A46BD1C05C9BE53FF54;;
ES-3203403-508277E8BF6E4345B51BE72B84805D1D;;
ES-3201506-86D0BE40117342A4A07437547E1D4F1F;;
ES-3202256-A8BD305C8A294B1EA7FB73BBF0C920FA;;
ES-3202801-E1FC503C0EED44A7A7D40D5E451CCE90;;
ES-3202801-11F27086C71F4642986390FA92B1FC4A;;
ES-3202405-2DEBCDB42DE9405C83694928947C5F70;;
ES-3203106-05C75C51B16C4CA68BC9BE93F8BC1A47;;
ES-3202801-1757A8692F5C4D66A90BC4391ED3F77C;;
ES-3203007-EB5ACE392DAA41CC80B997B928FD6BD1;;
ES-3204351-81A11DEC8A654C7FAC73D0E622A4A7B4;;
ES-3202009-3C525B01AE6E4C5B884D268A395624E4;;
ES-3200607-3EC88EF49C304C27B04DE3BBEDF2F151;;
ES-3200607-62B6A3FC1AA04B28A9B3A1964250A2A3;;
ES-3201506-E486578E7749448EB4161348419A6710;;
ES-3203007-32FD1869D73A4A47B6604F3C6F54532E;;
ES-3203502-1645575B08B545A2932DF9D754EC1E4C;;
ES-3204955-BA380DA585F64E138B8709D062BA1ACC;;
ES-3205036-7BD8E4550EC0471D8753C2ECC2D5BE46;;
ES-3203700-1DCF96DCE77C4A71963829628A1E9E57;;
ES-3200359-DB2F3621CFF647EE9A255DB11C90CCD9;;
ES-3203205-610E2B0CAC1C4C1BA062E8495E69B27D;;
ES-3204351-130DD40E3EAE47778929CAD6A46CB82F;;
ES-3204351-228C5E2643E24D748543B33BCC68B93D;;
ES-3200300-5663846C6E294CB8BFE78302D3453CC2;;
ES-3205176-88F328C9423E421AB97C6CF13889D6F7;;
ES-3204005-649E39D12DB44ACBBC0DDF79E4C67820;;
ES-3202454-4264AABD998142B9B0080235F45755A3;;
ES-3200102-604521BF4363403E9C8E9510132C816B;;
ES-3204906-1C8DAE330E40449A9E721828981431D1;;
ES-3202108-96AF3168EEFF4CE5ADCBA1CAC1B290F4;;
ES-3204005-43EC13722A0B4709BCE94D43635E3570;;
ES-3204906-F2A28768338145E4A05C576DD9312AAE;;
ES-3203346-F5A48C1163684CAF85181C6D77273F03;;
ES-3205010-94138E6085924103882643B2BA3B1DEB;;
ES-3202553-7D79E8AEBD7A4301B59615230FA59F01;;
ES-3205002-56575531641C4BC895DB23FE967C0293;;
ES-3204708-22BD633CEA8C495DBBB55064638FBD2A;;
ES-3204500-4EF9305D652943ED91F2001FD7170E18;;
ES-3205069-DD1F1F7797A049BE916FF5D9E6EA4EB7;;
ES-3205036-2A12F7F538294FB38D3B41DA506EC71B;;
ES-3200102-51E85E4CD94B4A4BAFF1286BBB89E921;;
ES-3200300-D0F301ED1D1C4CBC8ACCA85B2D8300B6;;
ES-3202256-6151A8B838B54ED183E470F448142CA0;;
ES-3203502-358F06B3EA5A429DB6479848865A4080;;
ES-3204906-1C2B2A3FC05D407383059BE060879807;;
ES-3203908-FB078471EB5D42C286DB8B95039E8E0B;;
ES-3200300-D7E106362905486D8D1A9F130414F7DE;;
ES-3203403-D4C9B93B3A6E4883AF864E4E5CB8E25D;;
ES-3200359-95205B10885F46A693559222B20B4443;;
ES-3204708-86C14692256348BC9442D971B8DBC210;;
ES-3204104-B09FC342B39344B1A3BE186FFF801888;;
ES-3202207-4187C94A913A43979EB4A2F5F235E0E6;;
ES-3204054-DDFE97213914416B864BF1B77570AAF0;;
ES-3202454-5C716BF32F124C1EB4331E9B7CBBA611;;
ES-3204559-2FDBE283D806432B8F598A226F10B690;;
ES-3200607-D491B1A859E34537AE73DF13C0F4393E;;
ES-3204609-15725180FE1640B19BD8CEB60F567065;;
ES-3204302-A59A4319097642A9B18B1621F167151E;;
ES-3200300-2AB9907D3DE74C37B99D0FD35E63E59A;;
ES-3201001-68DA76EABFE342F79989872FF61C3690;;
ES-3200102-7F6EBF9E45834163870F2B6582331ADA;;
ES-3204351-DE0E129DCDD74EBBA0AEC95CA9B6F2C1;;
ES-3201407-BEE24DBCB6B04E7B84CA5B66D83410BC;;
ES-3201100-F918EA565C4D423598B62C189DCFFC83;;
ES-3202405-902DB3B9853647CFB5751E1C787B9E7F;;
ES-3204906-7F0E4ADDFA6D4D88A08812660980DDCF;;
ES-3205010-5A1623038CC74A4F8BB22505EECC1A68;;
ES-3203007-FA799E7BA94E4A8AB9DDC600B0653245;;
ES-3204559-8E6115EA5C1A4045BE0BADE60A052295;;
ES-3203700-895ADA66DB4E4F27BDFD358FB4F78713;;
ES-3200102-9C5BD36D5D434D409841F3BC02AFFE30;;
ES-3203700-BA0F764069FF454A822A33F37308F8D1;;
ES-3205101-19B70850A21C44BEA1593C2CBE238657;;
ES-3202405-2C9949B03FC44B98AB5B445E6CDB0EE4;;
ES-3200201-492AE78EA8D2456FB3BBDC132DC11DA7;;
ES-3201506-DF36348DD4E4459982152DA6C21099AD;;
ES-3204559-2C96594FF3AE4754AC957FD713D80EF2;;
ES-3203908-FF6221FE1DDD40EE99C45D2F75BFDD60;;
ES-3204302-697795FAEFF94CE7B08E376B27775A66;;
ES-3202405-E082435EAAC74583B2294C2289FBD08C;;
ES-3203809-E7CBDE1825CC4B908D6F4B3AFDBA48CF;;
ES-3203205-ECCE90FA20B14B43B189017F6AABBF08;;
ES-3202454-F4664409FEC442D0955CD99831917565;;
ES-3203130-65EAEFB24ED741F19F33CA79352C4872;;
ES-3205150-EAF15CE05E2C46FCB191864369D05B19;;
ES-3204005-90CB7249A3204F2EB7AA1410C57902AA;;
ES-3203908-41382A78B9454C41B75A1B12C2913E3B;;
ES-3204005-28E9E66A0F11482388DDDFE19E20D89E;;
ES-3201407-2EB755D6C18E446EAF6B31EC65DF9EF2;;
ES-3202652-A1BF27FE3EB046A3AD64FE56969EB4C0;;
ES-3202603-08AECAEDF2D1436BA87A267D6914D110;;
ES-3202454-775B78DFC17A4ABDA3198A7D5A942A3D;;
ES-3203106-FAF12375BBB04D2FB4AB88D17BBEB33B;;
ES-3204559-953E349C67D34E17B25A5E0BAFF443B7;;
ES-3203205-F317AF2B4E0549B88FE483BD05B65D73;;
ES-3204005-6928D42FC09B4D91ABBBF767493940B9;;
ES-3202108-0B13FFDB377C4193A17BD0347AEE317C;;
ES-3202306-B5C32519DFC74DADA06A6A7FDE980625;;
ES-3203700-57604EB93CEA4F5B99F8909E916FB989;;
ES-3203320-3ADD6ECEE6854D9288E56002C61D20BC;;
ES-3200904-668DD53DED5241438C88F7B9B1DE719D;;
ES-3201407-C2C9A97D5713421E8DED47595229AA4A;;
ES-3200169-6DFDB49C419E4D3DBEB0F4B914815FA9;;
ES-3201902-26CD1FF726874969B47C8EF49035EA24;;
ES-3201308-3E17DF5687EF46E9AEB0E35BB45A52A6;;
ES-3201159-935C65C09CBC40598B91C1A127C1B8A4;;
ES-3203205-CC0671C33EA547829AEFF1C78CDD626B;;
ES-3200102-8965CA732317481491E585042DF000E2;;
ES-3202405-80D5FBB9D6A64420B86BBBE6EB4B4D18;;
ES-3203700-D6DFB3ECBF41479BAFD5A94E6BF6DA69;;
ES-3204708-8AB5AF9F4F1849E5B385580EFF2B099C;;
ES-3201209-97D0F520D26F4B489B42914AE5E3A882;;
ES-3204906-3E18FBE564B14AA3A4249EB4E55B9C48;;
ES-3205036-6074331BD531485DA6714FF8BDFC9DD8;;
ES-3204906-6E08678C7FE14D0CB9CCDC7401763F32;;
ES-3200805-B2F373192A684DEB801534078A2561C1;;
ES-3204500-EC5A664D2C374E17BCCF6720A1F6704A;;
ES-3202207-24E37B5091ED4EA19661437B08BAD490;;
ES-3202256-365AB59987FF4C45A79C31B2A2FEA97F;;
ES-3203403-8188C5217E80445EA288363574C0CD2A;;
ES-3201605-83F2060FD74B4B2A85CFE580C23A242A;;
ES-3203320-61CCD79B63344AF08A2545DE0E35BEE7;;
ES-3205309-F5D0B0D86B3E413F9EB98146A1725193;;
ES-3205101-823389DF1080421F9D828F8C55FBFAA2;;
ES-3200136-9ECC0957C7DC412B923BCC46BADD2A0B;;
ES-3204609-5E8C5D3AE2B546E1A9A4F15A615E3BEE;;
ES-3201308-84AE74232A05475A9EC939EDE5F123BD;;
ES-3202603-DC2B1E2863DD42A09ED8CC56393AA2E0;;
ES-3204807-06F3A10FA95E410AB150CDB208A4769D;;
ES-3200409-6C5626F090294070B8F9895F4F68B889;;
ES-3204252-31C497F82B0340478725278737C2E160;;
ES-3204609-455EC789845045B4BBF31E181048E0E0;;
ES-3204351-0E598B9B316545CA8392BAE32D538486;;
ES-3201803-EEA3081A83EC4C4B9E97268D7A1A3379;;
ES-3204955-CE8C9F9FB327407489E3F468CFE57AC3;;
ES-3203908-3018DE3D74AA405287E760215FD3C6BB;;
ES-3204351-7816946880F541E3B30AB8EE9734558F;;
ES-3204005-B456A64C005B4D3895665DB289B9F5B6;;
ES-3200300-9E2E0391A56D4A54B65C47BD1D6D10FC;;
ES-3202108-C6DF8154BD1344199EAFC68840C7BB7A;;
ES-3204609-54A5B8EBB47B49A8BD4FD0D60A127F83;;
ES-3201803-D5573830C0BA425FAA62391518B8CED0;;
ES-3200102-6D698DBEDE224D63B2544C853567F5DE;;
ES-3200136-EA5F4BC3EB994A71BEA8B6664FD4BC62;;
ES-3203346-C21871F06E8B4B9686BA452B9A8D5A20;;
ES-3201506-E39FA518EDFB474D8B76BB3C75C54016;;
ES-3200409-451BDFCC26014AAF81E2A4E249B77840;;
ES-3203163-6889EC2A03DB4840991F1AE575CF437B;;
ES-3201001-22C5A6FEE6784CAD909D12A3A8BDE063;;
ES-3203700-0B5ACCF91B714155BF381EC181F2113C;;
ES-3203205-043FDC5E121C4A9EB7A15F1FB07C7526;;
ES-3200201-E2AC79F8242B45A9A65ACBB0376978D5;;
ES-3201308-26FCFCCEBEBF4ECE92B59BCF90F1BB09;;
ES-3205069-4C1DFE8037F54BC5BB57DDCB2D80346D;;
ES-3200300-8C6628DF32AA40A39B977EEDB133DCE9;;
ES-3204500-998E55AC743C47D283DAEC46648B0EF2;;
ES-3200201-AAF985B1F5EF4E5E851C413A00D7E307;;
ES-3202405-8678CA6920184BE086BBBAE65885555F;;
ES-3201506-D573EA8B86694411B235AE7B7E7D35CA;;
ES-3205176-D83E10EC61D34747BFD6F6C8269AED57;;
ES-3204906-F739185B6D3E4A14B867442F74715930;;
ES-3205036-690FCB76F1E84A9DAD22CDDC0C8A13FF;;
ES-3204104-AED01EB9132F4ECDB62A308100ABCAFC;;
ES-3200904-64ABC5C67CD74B40904E7E68A92FBCE1;;
ES-3204559-B16A65D3B1904299A333B123BE80F676;;
ES-3203205-11B4BE82478443CA925967858C25094F;;
ES-3202454-48A8F2637B4B488F82CDD69CA82E8359;;
ES-3204351-6F90CF196CA34E5E9717B3EB71EB5F39;;
ES-3204005-0AD6C30A217E4BC5A3E16222BF658299;;
ES-3201407-58F5ED5EA4E147809F91B51DCE6A43DD;;
ES-3204351-1D7552025B674ACF9D2125AEB1FCB788;;
ES-3201209-2D3CFE27C4FD40D1A5327C992610A7A2;;
ES-3203908-78D05FE276D742BAA1E27C7DA119D781;;
ES-3200300-E55B0E43AFD7497DA880C494840AFF9D;;
ES-3200300-BE0E7648D3A243F1B15E00453EF52F94;;
ES-3204906-F062E679481F45C48C902BB6EDB175BA;;
ES-3200706-08EA80369695436698322FA1EA77A477;;
ES-3200706-CB9F9DFE654946048480E1736597F088;;
ES-3203304-5F960C85E8B644A9B9A7C2E5600FAFCA;;
ES-3204302-C8F42A07F5764B119913C931B09C4EF6;;
ES-3201407-DEEDAF714B2240C98EA4614AEF8BE49D;;
ES-3201407-48ABA17016D2447FABA8863B48A2B7B7;;
ES-3201506-D96F8E0CD16B4BB38DEC7A8264FEEDCF;;
ES-3204104-E0AF9B403E5A41B5BA0B456030C6262C;;
ES-3204351-A8525AEFEDCF47C39199414516ED55F6;;
ES-3200300-F30E6E287FAE48F2A80CA1CEB8736173;;
ES-3203304-518B51C1FBD04AB7AD076AF2C1065A12;;
ES-3200805-A934D791E7124591A3E1A57FC8C76D7F;;
ES-3204609-619FA5C2FD3D471D93CA48D26921358D;;
ES-3202702-C0C37706BC88497FBD2BA93721250F31;;
ES-3203908-70D4F53841E5446CBA2DFD37E1F1CB45;;
ES-3203809-C8B8AB5E5D7C4E87AE6BD69382FC335B;;
ES-3203346-29E103BF14C742B2AFC1D5D3D850DED4;;
ES-3204351-E519126EF25948DA95D1F7CC35B7E9FB;;
ES-3202405-0A632C2905EE45B2974C60BAF3BE0AA6;;
ES-3204302-FE7A251C4D9949E097ED0D10819C1511;;
ES-3202405-4A7CD5F6AA184A4A982AAC060AEB64CD;;
ES-3204906-A8123C83E1114ADB8FDCBB3023A04129;;
ES-3205002-A5586A65398046389A541158273321C0;;
ES-3204302-EFE3184E2141488183B5A210A5D2851A;;
ES-3201902-27C0DB2DB4784809A5D8F12C3F1EB921;;
ES-3203809-B165A2189D844A3CA58E1DA3370C0C8D;;
ES-3202405-BE67BEF90A524B65A3B99E1874530AB9;;
ES-3203700-A3C282686DF24FBD9DD14E0EF63254CF;;
ES-3202405-9FA6C8FEE2AB435697203781EAF4881D;;
ES-3204559-405588E154574391BE422C5AFCB06DBD;;
ES-3203205-06FB3E7CC2404DDF885D7C081BC8D44B;;
ES-3203106-316F813108E54B8B800F42450FF56503;;
ES-3200201-6AC0BF32EECC40ED8DB8813A42E8F972;;
ES-3204351-41A2D6AC7757414D823DA2CC308BD54A;;
ES-3203908-5F4588A072354734981F9448E53812CF;;
ES-3200300-F36718DE4ABA4F78A229ACA55C06046B;;
ES-3203908-3FEFBEBA4FB54DDF9AC82F6DD0DE3ECD;;
ES-3204906-D0818E16D39B4650A87EE9F2A8D9F04E;;
ES-3200136-F60ECCBF04894572B95F0F3001E643F0;;
ES-3202504-72C121280DD445459A6B4EED99DEB378;;
ES-3203502-5349C64644D3414B9C3193AFF99FAF0A;;
ES-3202108-A7BE21E6C7474B9BBD8D562F23E12651;;
ES-3204609-D0C192B2D14447C8B5EB953271929CC2;;
ES-3201407-DB919EF94DA844459FB351934A0F4987;;
ES-3202603-7ACC06C513DC4797A976C0F386864F91;;
ES-3204500-11D3C757DE4F4BF88AB24B0FD143C5F4;;
ES-3203205-503142C8D7A94D25BBF64807E6137045;;
ES-3204302-2A4DD8A010CD4BC6A211241020321FFA;;
ES-3204351-47DD1AC1A7254914A09537A16A829D62;;
ES-3200805-0FF8C6C219DA41DE81426EAD11CF0743;;
ES-3204401-342321F3820A4954B6591966FBB84BEE;;
ES-3200300-0E0D66D64A5B48B1A4A8BF5737424854;;
ES-3204906-DEF6F052BD9540C2916C1A6C950D221E;;
ES-3202207-E25F63F120BF4B48A52485FA3ADD9C2E;;
ES-3201605-6D3B7D2F0DA54E37A1DB8D30B9D72C9E;;
ES-3201803-4EB246F91D14462AACC60E101C6310C8;;
ES-3204906-FEC6452DE4354398BB52137330D93B31;;
ES-3200136-404FB2883A48450582AD79F80CEDF89B;;
ES-3202553-ECA4E94D7949485A9B31F944A55A9F26;;
ES-3203205-440D430CB7974BDBAEF08AAEC1E25247;;
ES-3204559-88F4CD255EAB4E959240C2B873D6CECD;;
ES-3200300-AB2B4FAE5D024ACEBB3B630C564B0EE5;;
ES-3202652-ADEC94E033574C64B2E69F7051F2E229;;
ES-3202652-66CBF67923C9434A95D6DBBA449A5C0B;;
ES-3201506-ED8B51A5E64040E8A999D633CAFC8DD0;;
ES-3205176-5B7D81AED08C4696AC2404188FE998DA;;
ES-3204500-525C1C51F3034856AB67587F5BD9F54A;;
ES-3202256-3B0B04324AF7452BA6E4D5A4EDD9F9AC;;
ES-3200300-3081630D5F4547CFA351F166BA545FC0;;
ES-3204708-E04EAAFACFF840D7BC3644BA72E5022E;;
ES-3204302-DE293AF82EB143BF85F4258177A4EBC2;;
ES-3205176-CFAA97915D254C649B930253511B9FA9;;
ES-3204955-BD25BE198BA7414AB568FA2C1CE63FFD;;
ES-3203007-3F9A09D59460424689C7E9C0FE4D76C8;;
ES-3201902-D9B73C30F9DB46658F2DEB66FB413236;;
ES-3202603-C55B341AB2B74F009288F9001027AEEB;;
ES-3202405-DDB4C7C3E3514F0E94F45B6823A8D58E;;
ES-3200300-2F43E3DF550A43F2A1C468E03EC47187;;
ES-3204104-4E317ED7847C409D9200FB9725B2101C;;
ES-3200300-952B1441FAE24862815CA8ABE9B2142E;;
ES-3201407-092BFCED99494F32B6372DBC2D5B8D88;;
ES-3203205-D03DA9A49F824EF885E39DC4D9B72513;;
ES-3204609-1C37E0979DF34CD69F348AB47098895D;;
ES-3204906-FB92ED6D07B8441A97C469C6FAB3806A;;
ES-3202603-D33F56EA89E14D03A182F474FF3AF6E4;;
ES-3205200-E7E0D48832B642F180D7264BD4D1AA13;;
ES-3204906-88EDE02B46D34E1CB4A52797A6130572;;
ES-3204906-764A171583764EBE980E1089F075D40B;;
ES-3202405-0B79D14C277B44E38D1CC754A6AA708B;;
ES-3204708-754F72D667654B62863AC9ABC95C7346;;
ES-3203007-D97839853E0D4B23827497B829AC7A53;;
ES-3202801-4CBA10BB31314D278175902880022D53;;
ES-3200300-28034D5A57C446DFAC95E20E8C7EFBB7;;
ES-3200359-6433047D754E4B199F55B39C77788CB7;;
ES-3203007-300B1496A3514BB992A3070D38FBE03E;;
ES-3202405-864CEAF4929C4CF099F7B1FAE52369D8;;
ES-3203056-7760A5F7ECBE4F53B82ECEC7B1AF4CA4;;
ES-3204559-F6748C3F7342485195DB5848D0084958;;
ES-3200409-D1CF0C134AEE4137A87A2545C710FBEA;;
ES-3204351-60EA07704BF544169D9388B5C6A325A7;;
ES-3202207-5FD0039E056C40179F449DE4954B557B;;
ES-3201308-78DFD6EB5979449083C86DC1D2049989;;
ES-3200102-DB3D9265FE1D47978282527BC8AC6467;;
ES-3204351-7EEE55C4FB0B4514B0BA45D9975BE7D2;;
ES-3203502-BE55A4C6BF5A432780913819FC451768;;
ES-3203700-52CE2BF1DBBF4B53A6C92A706EB3B92B;;
ES-3202405-016B7C316E7D48D4BC72B443CBFDF3E9;;
ES-3205101-B9471ADBFDE946CEA55D1AA8E6D3E93D;;
ES-3203403-1A56B6C173AC47C289CD6FFB81D599C5;;
ES-3203908-617542103B9F4B4882E6E7AFB67FC056;;
ES-3202603-5900226CCA2343C1B202D1AB9506CB0E;;
ES-3203205-9ED1467EF94341E5A2CC95D6D35558FD;;
ES-3204609-55C6BADA42354A2692DC2C32E74B2E6D;;
ES-3202256-D591E3AFBCEF40EEBFCA3E3164DC133E;;
ES-3201704-E3AF5CDDA91A4809A43B12A0F3C60F01;;
ES-3203403-411592F6C2F640498F9C75101098479C;;
ES-3205176-3A4A9E7FBE71411086C2AADE20FFC904;;
ES-3200300-485B99BE935B415A91C9F1FD4DE36CCA;;
ES-3200904-9682865526CA49088AA0E37ACA14A809;;
ES-3203163-63577F1A157E430AA7BAB6656FEBBEFF;;
ES-3203809-2732B681EF4143BD84761284D32AA177;;
ES-3204906-A1E17683ED664DF0B2F75412C216FFDC;;
ES-3203106-9C0C5C8301F94C3794E07C25D9AB2BD4;;
ES-3202405-E9044379E2134B1EB808B7DA984051DD;;
ES-3200300-72DE9442BF0D41F4887884C5EF4A030D;;
ES-3200169-0EFEE49FA8ED43D4A1EDD78F54CCCB37;;
ES-3200300-556ADC585FAF404492A5C873BCD0D3C8;;
ES-3202652-E90FB4E24B2B42438AE0C3E35F763B39;;
ES-3204906-76024CA6A66D4E4AB5E18661557B1EDE;;
ES-3205010-E10ED530188C418B94EA8AEF6581AAFB;;
ES-3202900-F80661AC7E53487DAC14F3F14A6EB1DB;;
ES-3201407-37C2636E0CD044988A30413241CDFF4C;;
ES-3200904-E0EBFC7BA3A8498199B8CEEB4BF6C072;;
ES-3202801-66C55FB625A9406A9628D49BFF191BAF;;
ES-3201605-15C4C404BB744BAC98564D4B8914827C;;
ES-3204351-0356817116FA4F18AD64A9B6E8CA5A9D;;
ES-3203346-0BE379F615BF4E73AF4796A0BF653BCE;;
ES-3201209-264DC80C1DFE47A696E09BE7BFB5C32F;;
ES-3201902-BCDE4597CAE34894BCBBB97A83D5934B;;
ES-3200607-1BF7A4DA5B414BC7A483F1D5B52A4CA8;;
ES-3202108-74D31E84A41F425BB88FA5AABC5B1540;;
ES-3200508-E6E3ADF38B6D4643850CD7A25853976E;;
ES-3202207-EE345C4C7FFA4102BF87A7623E8FAC06;;
ES-3204955-189666A1C89A4E6887E0781EE27A71FF;;
ES-3203163-25289BAFD15B4A9A9B5ED9437DA7823A;;
ES-3205002-6FF2F75AA43F45E993D4BDD0DB9FCED6;;
ES-3200409-965558603FDA4E9FA9BEF973834913D8;;
ES-3200607-C1EFAA724ED942FBB7576206D0DE3287;;
ES-3200359-46EF5E468C5148489A16F4E498B51395;;
ES-3202405-0B2DF10768AE4A9B93C8425E63B70511;;
ES-3203304-AA3F2616CA5C4EBC9FF9088F9EAA347D;;
ES-3201605-6695B23ED261465497ED0135CE960F72;;
ES-3204500-C14AB7B8F2104E269D439066C9B6EADF;;
ES-3203130-F7D42C73DE624586B9AF87AFB84DAE66;;
ES-3203346-3D1F691E430649CE8BA818D4E62AB0A6;;
ES-3204906-A910177D839D41A0977E03369B1DEEBD;;
ES-3203007-1012500434004FEDB9CDBAA9949AA922;;
ES-3202207-72C7C7C671674A82A8729ABDCD4A7E5B;;
ES-3200300-0A984FE7A9074DE4B0B907D892734E4A;;
ES-3203601-663FBFA520124380BD75DC980AA66B18;;
ES-3200300-1804903CBED148CFBC5FCF1638DE6BD5;;
ES-3201902-C73BCD93A8E2478A865324823A52F921;;
ES-3203304-3E1E6481973249BC91D4AB77E19D66D9;;
ES-3203908-6CA5AF5979044803A78EACAFC209BD81;;
ES-3200300-BC11E935985147EF86D9D6F74EACD5DA;;
ES-3200201-2E63E7B122C4440AA4AB6E3744AD9851;;
ES-3204351-821F6BBE6B3D4F478A290D4F1EAE1591;;
ES-3204500-65F7B2F4D15B42E8B90BF45789C8B368;;
ES-3200409-52142151195E413D9530D065379A2B58;;
ES-3202256-5D2E39698D2147AEA329B20582382DF3;;
ES-3200300-4B2E35B950D44E9D9C85D3C5F1CBA86E;;
ES-3203502-219AFCE621374EE5BA0D62E9A140B16F;;
ES-3201407-C6211AF75C9F4DD2B1FFA887BFB31A4E;;
ES-3200102-8D79A24A16524D24BB367973E9B7537C;;
ES-3204351-14A0DF74281F43EFA291BFAD80B686EF;;
ES-3202405-6613DAB103E3497DB2EAD308706B7377;;
ES-3200607-EE5652B4BD9643D49AE9C6E11C6A853C;;
ES-3205101-5BFD02B76F2D4152A0EE9564F0884985;;
ES-3203205-35D40EF0EC0041C3AE2DD66D40E64C19;;
ES-3200201-1FB8792E103B4708B1DAD4D93568D9B7;;
ES-3203346-73A175FC84D2465BBE6102C8B4545C67;;
ES-3204906-20F635E12E7647849494183A98E913D0;;
ES-3202207-59E928177F2B45EB8499C688F27A7064;;
ES-3202207-9DF20F0C208A40DD9A7D8495862DD08F;;
ES-3200904-6F9BD16EEF7743DF9FC306DEE403791C;;
ES-3200201-9BEA6AA37EA044E1B162666919746720;;
ES-3201803-58FC5E31372E4E3FAC11F07AC6C861D1;;
ES-3200300-C7445DF47D0A4F4C9BC4B7B354FC5B1D;;
ES-3204203-E58A78A81A9942198A1F7F4A18AC4C95;;
ES-3200359-1D2E02CD1A104B7AB6773ECEDCC60B70;;
ES-3200136-4460128ACF4B425B8AACB4B1C74E2372;;
ES-3200102-512D264AF0E2438E9B7517051847ACA8;;
ES-3202108-B519C864ABE9481B850FA3DFBBD83A7D;;
ES-3200300-73FFCB12CE924967B13BF0EFDD09A5D5;;
ES-3203403-BB4000A91E1F426B8626F008F4D169FE;;
ES-3202900-647B1E6292654614BD8240585DC17F4B;;
ES-3204252-8F75FB4B617B44809B4205C46D22CAC5;;
ES-3200169-088DCE3070C34F93A9B5E26D51C64227;;
ES-3204708-63AA6DD01B9643D7A1A2B449F84F9E10;;
ES-3202405-E290958F02374F81A319702C4CFC9F6F;;
ES-3201803-3A3FEA3A78104EDC89A42C9946D0DA98;;
ES-3201506-742C290DB44040E7A734ACBFBF5A213C;;
ES-3205101-BE2FD3EA52D443F687DB279CC55A1ADA;;
ES-3203007-0C67BF159E124B12A8F5CB4CB4B3ECC5;;
ES-3200201-386DB7BE817D415D8EB840CF7DAD961C;;
ES-3204559-2012DCB1BEF94C9999A2A775FA9685CB;;
ES-3201001-A73DC65CF051408DA233F7850FE40C2E;;
ES-3202306-29D1F3CDECFC4874A757EEB18B5B5AFE;;
ES-3204351-FD98EFD762CE4FFDAF4DC2C1096D0901;;
ES-3201209-BD8334CD56494D2BB710380E8ED08E60;;
ES-3202108-6E4F765A8E574AD7AB0891DAF87151C4;;
ES-3201704-5C2790A72F924438BA14644CA96330BA;;
ES-3203403-260407395CB14E509EBE0227DB066196;;
ES-3203700-1EE0326AAC704723B1FD41EA27C600AC;;
ES-3200300-61FFF6B4B55E40B4AB45F88E9E6E50FB;;
ES-3201605-6F3F258532AA4A56813076C94C1D23B9;;
ES-3200607-F9EE4150E480442681CCABF0F0544C22;;
ES-3201209-119CD946751849A091275C2C941005D7;;
ES-3201209-556867B2FA9D4694B47952D5572F7412;;
ES-3202454-203A5A7D9DC9499884F4434F7101D367;;
ES-3204609-8FB5588B56614C4191AF13E6642585B4;;
ES-3204559-6C4BE4A354664477AFF9B133BE40D738;;
ES-3203403-0ECF3C49324244C3BDE9E8F38A3A4630;;
ES-3200102-1EBC102B608D4ED4952D5A11D8150282;;
ES-3203403-2D34E5B8616C48608CA6F4745B8CA9D4;;
ES-3200409-8A7341D41BEC44C3BAC38A10624FE4E5;;
ES-3204302-5765440CAD364B979DC2E1DC4DC91265;;
ES-3204401-7F988A053AD54C0E9E7524E47F76EE65;;
ES-3200409-9A5874A210B840FE9F3E1482418B9674;;
ES-3201506-027398DB0AE541E39FB282A91E0A9C2E;;
ES-3205101-129DA3023D0C4677B4C52B5C7727B96E;;
ES-3201902-4066C4825D214BEDA401405AB255BDB4;;
ES-3201902-3F9D43D067DC4F2D8DA1D595C3352324;;
ES-3200102-6CFD27109C1E400189C31060F6EE7F62;;
ES-3201902-485A58E3FDEA41C6B4B89274F9757444;;
ES-3204005-88C81A8888764928BA8F58079C86ED76;;
ES-3203205-60E6B8CDF5C445A4BD19F74AED0BE1FA;;
ES-3202405-90273349B8C44E3189A2F9FD481409A4;;
ES-3204005-80B4115A7C3141EA95C764B6CD074243;;
ES-3200904-DA43081CADA4479388610B0D931C9A2F;;
ES-3203908-59FDB73220434B3E913A0ACFEE6F3BD9;;
ES-3201407-283E83F5ACFA45B084926BBB7FB9F364;;
ES-3202454-C1A079F8B7EF4CADA183F827D373058E;;
ES-3201407-9600DC1F3FBB460CA17DF3E029150312;;
ES-3204906-79F58332E80F46DE8D20CA80348A702B;;
ES-3202009-2BB94F2F69AA4034B82CFA83DDEEB62B;;
ES-3203205-9D4EFA9CBFDB402C923104C2C9785717;;
ES-3204609-146BFE22FD2D45BC889791D431103B14;;
ES-3201902-7E670FB4CB5047E5A1764BD8390DE510;;
ES-3203056-92E998C8D9DE4570A722603FABF31187;;
ES-3200409-20A9E6E74EFD43FBAE13D9EBADB3FA64;;
ES-3202207-5741CCDDCD2849F895D0C24D02772812;;
ES-3200102-92F1C4DE0E3841A19E8C009BCFDC4F1A;;
ES-3203304-F1461EA0B8F94B65802CD0A4F6F9558E;;
ES-3204302-4F3451752FE44A748B99C78B97919BC5;;
ES-3202306-10E0926153924FC2A1B9154937081018;;
ES-3200102-B69C47C6F987479B85C61E9DCD98E750;;
ES-3204906-3BB9CCFEA7EA4920B002A31BBAEF85C3;;
ES-3203908-8B537BC35D994488AB3F932937FC8042;;
ES-3203346-6C2A399A1C5B4F8B92E33319A3456AC0;;
ES-3200607-BDD65953084B473E973E2FDB6D8644C5;;
ES-3201407-5CF766AD4E1F4ADC92CD8F3B717E31EA;;
ES-3204302-7C59D98A95CD46D29429812405C00291;;
ES-3201407-23166B10BA714EAEAF9FE91C84BA0201;;
ES-3200300-575E2D91F4EF4960964A4390835E9BB8;;
ES-3201902-239C21C97EF340078B5865111F177C5A;;
ES-3200300-4CA8EB0EF0A44BD29ED780A13CC75E11;;
ES-3204351-9BDDAE59D2044E919EF2C4F4F4666536;;
ES-3204708-E259378FC2A74AFB9CEB692362FA25B0;;
ES-3200102-818139AC3B904E05BBF3F68723BB0337;;
ES-3204906-B820B73C1DED4DFD81170C0E78226833;;
ES-3201407-ECFA48BA0F1D493C822C0E6ED177CD19;;
ES-3200805-2C98E02B53884E378BBF1C612388F50E;;
ES-3203163-C0004D27FB6843C8BD5465E488FA7EC3;;
ES-3201506-8297B1DD3A694670B97E405051F0AEA5;;
ES-3200102-056402B6D46043A9BE5D6BA9D266A5E5;;
ES-3202256-5D1D76F7388E44D7A5C6E5FD31D42E01;;
ES-3200706-69C1827C29AD46ECA131695110CDB995;;
ES-3201407-B2283AF896B54B02A8720400BB209CAF;;
ES-3202207-07BD00315F3A41D793F600579E5C696C;;
ES-3201159-4E72907094C44FF68C90A46D07F78B0B;;
ES-3205101-247748C14F6D454F8B3C42662A366E22;;
ES-3202900-C833B181C10D4AA19539E341CDA498D7;;
ES-3205101-D8706C67A5484F629C17CAC8C0BF98A0;;
ES-3201704-528F27AAC55B41E594C2FC5211F98F2B;;
ES-3203130-B7442AC4EAAB472E8CFFD61302872EA9;;
ES-3202702-F5AAE8D80F564B97A39ABDADF52A094C;;
ES-3200102-1E313D96210746D7BD9509DACE8225BC;;
ES-3201803-4BE0E9CFF25A4FDF8DF9DBAE7DCBF0D4;;
ES-3202306-6D3CC0F4588A40F7A389EE36D50CF91D;;
ES-3202504-ADBB046B6B6B49FABDA7E2F3F1F83567;;
ES-3201159-59BD0BD27955407583EA5A0E2C6117DB;;
ES-3202702-95EE35C1082D416DB3C3DAC1CE601182;;
ES-3201902-3FE600755FCD44ABBEE766514239D4FC;;
ES-3205150-996E5785AF98433C8386232BDE9ED59F;;
ES-3205036-65E4C61A916D49B4822F184B5D31649C;;
ES-3201407-6DB696906D0443A29910B2DA3CF80C1C;;
ES-3200300-708B70710B414BB6B8049843109894E7;;
ES-3204559-8217BDB6EFEA4B37952A1C0C90955F41;;
ES-3201902-9BFA53CCD67C419FA990660BD7F3EED0;;
ES-3201209-AD6A0389C88B4E3B83EBCC256FF6DBBF;;
ES-3202207-FEE2E137B28A4FE3A99A707F56D8942C;;
ES-3203205-F512D95B5CC044A0BA274BF93EC5975C;;
ES-3205069-7D7D3AEF355E4347B81A882199C07D51;;
ES-3203205-45B0723F1BF5436196F844BBAFEFEA6C;;
ES-3200300-C3C51051E0AA45DBA4C1884567335798;;
ES-3204906-5E757A9B4F7F4ABEB088F11F608EA37A;;
ES-3200136-0C124D6D1A924A7C9EA8A229E253AE4A;;
ES-3205069-F134C822507D4D53BF48AFBE95EC3810;;
ES-3202652-323B3827AB154CDC8485B0138545554D;;
ES-3203809-B5294ACAA0FC4EADB6C99E594C3A763E;;
ES-3203205-CBA1002648CA44EEB4FF12CA5560CA6C;;
ES-3205002-FD1AF61A8F6D4371A2489D61AB9D2DD1;;
ES-3201902-395EF437DCF5415AA17BE8AB94A4E15A;;
ES-3203601-7A83437FB3FD49F59E6BB7E787AA5CB3;;
ES-3200102-F2881D13EB2D4729966C5742AF52CB75;;
ES-3204005-F89CF861344243E9AE6867C9B16D2E82;;
ES-3202306-E3BB6B728BA64A9C9CB9394CA8B975B1;;
ES-3201209-DF37304C336A4B8994AB4EF67AD4BF4B;;
ES-3201407-F3D9C6880C7E4ABDBA6436BA06EDC03D;;
ES-3205036-48E8AA74AFC045E5AD9EDB3B770C2741;;
ES-3200607-6FD62B45035A4B18AD134CA0E318960E;;
ES-3200904-C5859FC655A6467D908DC59BED770DD5;;
ES-3201506-76159BED72C34C9E81AD4C9D424AA2B3;;
ES-3205101-20489182A31443829BD07820E9A30827;;
ES-3204302-23FB20A20FDC43C69969618D8B7294AF;;
ES-3203403-FEA8703D56794D3E85ACF20584C96F35;;
ES-3200409-5AEE1C7B39644CDEBD767A7CAC087008;;
ES-3202405-DDAA8639DEEC4878A61CFBFC12B2B9A9;;
ES-3203908-EB0098F7C89B4EFCB1C65EDCE63FB740;;
ES-3202652-03DFA46FF8474316BB71732B29375150;;
ES-3200607-62C32FF08BA04EF2B9033F20E4D40DBF;;
ES-3200706-8C3346ED6E0D4AC3B9DAE89260A48F50;;
ES-3202108-D30B6A0E3FE64F7D9E4360FB0179272D;;
ES-3203205-C38E1335D45B4DCEA42D6CF2C73584C1;;
ES-3200300-46750488BD8F43B5BDA7E1E823381528;;
ES-3201407-3CFEEA8C6E0847BFBBB34F59B0DEB0D3;;
ES-3202207-1FC5378EC6934BBF9A293B29D90858FD;;
ES-3205150-7D6DD1C41B504391BA4A61D820650B33;;
ES-3203205-B0B48AAC30F24F77B1C43823B0AC8ECA;;
ES-3200607-D1F99032EF8C4E599F03F5E39DD96F0C;;
ES-3205176-30545304FE324D6490C6C1DD1C4DC08F;;
ES-3203130-99CE4C0D49C84C14B68777DAF80DBF82;;
ES-3204005-724F4F7D7DC546A3A655F83D67BA99FF;;
ES-3201407-4A144CC3412F42469CE9BB9C4B3ADAD7;;
ES-3200904-1A8F04F2E0454B2DAE6BBBAB5D331242;;
ES-3205150-16A847B0A4DD4A2EB0D46520F6916282;;
ES-3204005-B196FC41E303420180C3ED83895B850F;;
ES-3204658-03764B9C2E7C45F8868CC0521486D35F;;
ES-3204054-74A1E5AA2A2A4AFD9F1988F42C37FF14;;
ES-3204302-E05795EEC6C1447889D2D96949CCC0DA;;
ES-3202256-2F76753D73A2495AAF799079A709F91B;;
ES-3204906-49AE62AA5F404BFAB46E6DE7EAA81945;;
ES-3200904-460E3F2B10A64EFCAB7D1BDC3A6195AC;;
ES-3202801-52773ED4174E47B58EF532E130E64350;;
ES-3204708-EB1AA685C4DC41B5A9A3B4388256CB39;;
ES-3202603-177375E13CCB471F870EF5002865DA76;;
ES-3203106-413B96C7B3DF4C489152E931BB18A423;;
ES-3201001-E1DF27E3CBC343EBA71AA8779DD08347;;
ES-3203502-6BF24BB848D74782B79221D09E4A922C;;
ES-3201506-26DD5885A9804A3C915483D58627BF3F;;
ES-3204500-AC2952591EE5446FB368DC8038CAC379;;
ES-3204252-8E2BB73536A741D5A2AED64AF6C1C8F4;;
ES-3200300-1C5472538D68477E9168D8DCB4438DA8;;
ES-3201902-FC4ABBD594404A4FA7CB5DD911748325;;
ES-3200904-248E8EE332B646EB94E578EB71B60834;;
ES-3200300-E9B65636BDB3404DA1814E44524736DB;;
ES-3203304-1AF9879CAA164B94BD18793A31FF081D;;
ES-3201001-C58C68DD73A74AEB968240DA70CF0D7A;;
ES-3204351-7075F66C567F4EDAA8A36367C9D3B60D;;
ES-3203809-FA0EEF8C7E3140058E5D5B2041EAF93F;;
ES-3204807-D3B03ECF046D414C8C93A0B9ADBAB668;;
ES-3202652-5A8B8284E1844D82AAA01EDFDC28DB8C;;
ES-3203163-0E3923509D0344B292DF44C1D76065BF;;
ES-3201803-3AD100803D0445A48CB324BD4453D238;;
ES-3200904-1651E71CF5404B77A79BDF72E73A36B2;;
ES-3201308-C032283797AA4BDB9915C45EEC75E2A9;;
ES-3202009-D4D6B9F1D3CD41B7971D78DBC1E136E4;;
ES-3202009-84D8B0D92040436BB1B1C06874EF09E7;;
ES-3204351-ADFAE1A9D1114F66BDB93215C805A551;;
ES-3203403-698101CBC8DD46A98415343B29C656DF;;
ES-3204609-38EAF38C85B04B6A8D5303D5B391933E;;
ES-3202405-905ACC909E7B466DBF969EE0F363B8C5;;
ES-3200300-999C8106153A438AA8CFA1D9BA9D21F6;;
ES-3200300-4D756A3D1BC042529B935E235031274C;;
ES-3200201-F11971F176C24400B6703DBFB22DE82C;;
ES-3203403-F9B53906E5AC4CFCA7B71B3B83647D8E;;
ES-3204005-90153424005645CC8EDB69F88EF7A352;;
ES-3202108-D0A4C1284AC541309B119050D43F2C83;;
ES-3203809-2464C9B45F904FD4A9E023C7DC41ABCC;;
ES-3201506-12C4DABC775547F9BCAA25E09B497B48;;
ES-3202405-265104D850654BB8B87F37E1DC32CD06;;
ES-3202108-1A70F739755C4D259A49B7CC3BDD7602;;
ES-3200201-6E8069B0CF07426A99E928390016227A;;
ES-3204005-ED90C62F73484D5D9C73CB44C11482A6;;
ES-3201902-A6DB3C44D4F349A7BE3AA577FDF94650;;
ES-3203106-2E1934FC31CB402FB023CBBD2B0735F7;;
ES-3203205-F5B4BFEDD02D4288A6F68FC95D085F86;;
ES-3204708-CC6CBAC7F0CB451F80EDBFFC148E119D;;
ES-3202108-06FE786F2732450DB9376DFE3C859556;;
ES-3203908-9BFD0144E4D547639C7ADC04FF5FEC9C;;
ES-3203700-F9E3E8CCABEA4036BB4677B185379E79;;
ES-3203056-A148ABFA24DB4E259DE0280D4939B6F3;;
ES-3205010-6E63921B552F4198848035C60C7F63DE;;
ES-3203700-8EDD1558A23149CABC619B3BB996FA04;;
ES-3204401-92A098FEAD1A4F8E87A512BC24309ACC;;
ES-3203007-202C2BEE968241CEA2D93A613AAD64C8;;
ES-3204906-AFE920A78DB24D47BD4D8D0DA43ACB0A;;
ES-3203163-E0C6662B62E14E719214CFC7CBD2DE96;;
ES-3200300-7CD55BD3B12A4348B793985411573259;;
ES-3202207-63207BA6F6234894A2693113F1849F96;;
ES-3205101-6BDABCA006104B6F8AA1C893E815C33B;;
ES-3203700-B912B04DD5F444FBA4247498979D81B9;;
ES-3201407-2FAE84E7FF534517812BEB5AFEE407A3;;
ES-3201803-B42195D2A7164D589016C5EB2B62A49C;;
ES-3204906-09EC64AA13AD41B79D9C3FAAA1AFF948;;
ES-3203353-4145BB06811B410D813FB6E35CD7707B;;
ES-3205176-B131AB0D31B24D999830C4049008AD5C;;
ES-3204906-B366F7FD06144F4C9DD5B42C75DBEF40;;
ES-3204500-F9960545DA394B4E85F4AD90E1292998;;
ES-3200102-89B4A4EB99C4414D9DCEC8F0099D5BCC;;
ES-3205002-4DC74098DFD54C2FA3488077EE659D08;;
ES-3201902-C856AA5B673F4A7AAAECEBCBE07ECDC7;;
ES-3202603-BC2F5AB2B83B43E384CF72279681FC53;;
ES-3204351-2F635CEC6CCE4E97ABB48616750B8A7C;;
ES-3201704-FB438B62F65C45BF9B4F86DF113F496E;;
ES-3204609-391D0E6D8B2847CFBE6424EA93D78E3F;;
ES-3203205-516DDE4B28F44DD79FA317126135AC3C;;
ES-3203304-8412AE2C49BD4AFDB3A8EF8B0D15BB0F;;
ES-3204302-B7C3979CF1B64910BC8FCF69BD9A34F7;;
ES-3205200-D9AD7C0D22704F38BB8E3A9F497E32BE;;
ES-3203163-AF1F267DDA3E4D279F9B57783CDC338F;;
ES-3202454-8EF1ABC246C94660B03767DC745DBD34;;
ES-3204559-C48E3C759EC74888A167B9EE6B2DAC8B;;
ES-3204559-C636BD139D994400AA265BA67F4EDBC6;;
ES-3200169-ADCBE31B73394C0EA9AA715787E02BB4;;
ES-3202801-1AB3B43F9890497FA2ED6BB1A01348C6;;
ES-3203320-AA11EA2507CC4C5EB34D3EEE313ED858;;
ES-3204559-F1EFD2B6716641908DD82DDB0072965C;;
ES-3202405-C745A4D71FFA4DC9A6D07075B36A8AC3;;
ES-3203130-F4B283F9A89A45099850A06C2D5BDC29;;
ES-3203700-4CEA5513415940459BDFEF92623CE5AE;;
ES-3202256-C2E1E3D8A49844088470B10E58357A1E;;
ES-3200102-66DDF34A6131437096943358C70A3E40;;
ES-3202603-534FF8197CE348568CEC1AA2773A9B02;;
ES-3202405-270517C38E374A56AA7721AE670C2053;;
ES-3204708-9088AE86D7CF49BE862450C248EE8451;;
ES-3204351-A97263CF406D466CB299193D63C7ED22;;
ES-3204906-EA38ADE29652430486492BA32C5B0ADF;;
ES-3202553-70AF9A5B00EF408199E17DC6A5C3D2D5;;
ES-3203346-6F643B8CA7164DA092DCA6C944562BC1;;
ES-3203007-C1F1F830E6E44B08B13C6B729DDC1D5E;;
ES-3202405-8C68B9CF041E4E669F1335EAD5F64259;;
ES-3202454-F95FAEA091A04AE3A1503C6B7BEC8609;;
ES-3205010-8E00575F876D4E5399E94D13546DBDD7;;
ES-3202405-5441E5ABA9664624A1E7BC0576112B6C;;
ES-3203403-A742046BE45A41FE9589D52DFFBAE21B;;
ES-3204609-0E1931E9597E44DBB92AE9D6B3C6204C;;
ES-3201407-A3C31A64894944CDB5159AFA4BF7CCA8;;
ES-3200300-88BBC6498C0B45508D543D8B68C2955F;;
ES-3202454-95BD1C32F0474DD8A57A9840663F5F2B;;
ES-3202405-48D07E7913174BE8A4153E30DF05B089;;
ES-3200102-FA869971E6BB44BF930C0D68D1A60432;;
ES-3203163-A3964C5F2C8941FA9024FC85C70FE9A3;;
ES-3203205-F9C8469226754B3D961ACE02650FA531;;
ES-3200904-4BEA601CA4AF4551B925E5D3933667E0;;
ES-3200904-A2CDB6DEFFAC4B1D91877703CBEB286A;;
ES-3203205-2AE49C67DC8C414EBA41248C31DCAFBB;;
ES-3200904-2D72CEDAC73F43D2A99A3E49E174C599;;
ES-3204609-0994F468A6744988BA0CE0B1E2FBDF78;;
ES-3204559-DB00F41C414C421A86B365C7159497B3;;
ES-3201902-E5D9BA9848154ED08F4E04DA7BB14A26;;
ES-3200904-7B8BD7B1B95E45A29EBDD3007F2F8D89;;
ES-3201308-C4B0105CA9A74742AC11165E1B6A145E;;
ES-3200102-BAFC83E5289540B78C0DDA27A3A64B4F;;
ES-3201605-B1D1695AB3C64D4484D871DF4802E633;;
ES-3205069-22ADB0650C634EED8A10199F942F4221;;
ES-3201605-0C52BDBFCE684F7388110967F1A01C6A;;
ES-3204906-F6A8A3BC9B584F6F92D075A7BBE724B9;;
ES-3204906-897D54001ED749418D9EBEF7E1EC03BB;;
ES-3204005-E095C29428704BEC8218ACD4A1396516;;
ES-3204609-FCC135D225CF4EF388D35CE88E2E154A;;
ES-3203908-3163F459C2624A529A08F0E8B1DF04D7;;
ES-3201001-50DF6B3BDDF24B708CA63A91660D8D29;;
ES-3203205-1842E0F895AA445A9B72F6CFCA6B9DE7;;
ES-3200201-9029CA9F61284B819E3D4502F9C8235A;;
ES-3205010-F7FA29067D1E4B94A7301E3D63271076;;
ES-3204955-CEAA276C99814ED0B2464183E066B085;;
ES-3204906-C2CAF2F51AE347F99C35C35471F42700;;
ES-3202603-D7B0DF092E96408280F4418A256D5075;;
ES-3205010-45E58DDAED9442E6948164F5D8543D3A;;
ES-3205101-8C4956A8F2FD4401B85001EFF767AAEC;;
ES-3205036-FE7FE0AAC51648DEAB7F1544D1B11CD6;;
ES-3202801-394B5D45F5A546789C26E405FD8AD1B4;;
ES-3203700-08EB80BA03BF457492FBD61DE368288B;;
ES-3201209-BEA16291D4D44221AB5ABAF7A9C02403;;
ES-3202702-3A8094BFD34F48628A911945885AF384;;
ES-3200169-C5202B949ECB4F17B09B4266BDAF3D4E;;
ES-3200136-7A2F797A03324085AE175BF0238CCCA7;;
ES-3200300-F6D17F9CA1F74A369C366F4D70B951D5;;
ES-3202405-0B1D4A87E97940C1B9F7F123F2B4E30D;;
ES-3204906-9F940057005E4A7483BA4916F7E2B323;;
ES-3204500-C16C2437EF144D259BBC2DBC2632C78B;;
ES-3201209-8405D5F1C79346C2B30BE7ABC9FD8531;;
ES-3203130-276B43C3E8B745B7ACA135712E934210;;
ES-3203056-4441FACD266746AB97747D0366D24C84;;
ES-3204609-41CAF4A673F14247A684A6BE1D516F11;;
ES-3205036-2CA6F33ADAD744DF8B6258F2010BFB79;;
ES-3201605-D7C0A427B74C4D899137A83E0881410D;;
ES-3204203-CEBF2AE5C14C4EA2B47417680F1B3654;;
ES-3200706-C23558CB7F43459B8836D0155B51ED13;;
ES-3204807-924F4C1BD1084314943AD0FFEC43351D;;
ES-3204559-DDB5FF4E2FD74100A88634F881D3A6C0;;
ES-3202603-986E53FC592E44F28851ABF1187E6EFB;;
ES-3202108-6D62CF005A254FE79772C99C8AB88CD6;;
ES-3203007-B7CD3D46B17940A98A330756D8B7C973;;
ES-3203007-54A4F580D1B14ECD9047B8BAA73230BA;;
ES-3203353-E0360C893FF14DE59F14E071176F992E;;
ES-3200805-3A955425D0904797ABF05ABFC02362B1;;
ES-3205101-6B4ACA6599304AAE88FB29CC6AD03E85;;
ES-3200805-E73F1E37527E4C258A81AB07B2C91647;;
ES-3204054-04C50466CD834301A2E67336B2DDFA29;;
ES-3202801-32C819BA07DC4937BDD7EDA4527C6F24;;
ES-3204559-245E8F672E164D4D9F28F46092A77CE4;;
ES-3204302-4391925295C848ADAA7BA5D41BA37452;;
ES-3202009-181274B8FE89434D9ACDB932EC1117EE;;
ES-3200102-DB50CF97325D4A949DDC8AAE62313AF4;;
ES-3203304-9437708CF5474128B027231190F0E5A1;;
ES-3204104-2C9D5342E0474FA9BA2CE62386E6F40E;;
ES-3201308-85A418478A6040DB8A8A86DD2184E4FD;;
ES-3200300-FA866010A9EC427DB867FFB55F3D195F;;
ES-3203502-D7397DC26B4045FCB64B0CDCEA25C6F5;;
ES-3200102-3444137A50C94DE48260DB62E2A5806E;;
ES-3203908-DA46F57ACFD94EE2B057B5B3E57ABD27;;
ES-3204500-6650682C21464CF8B52973477B18E00A;;
ES-3204351-AC6D0F14961E48379F5A473BB6126D24;;
ES-3203007-9F8434D6C4CE4C8E9F20F1824EE368A5;;
ES-3200607-903651390F51448BBD3C1CE38E9EC4D8;;
ES-3202702-3DCCBE681D2C417A9B315A981DD8F9BA;;
ES-3200169-82E0BC1A6F074461A6665F47D38F6715;;
ES-3201902-9409CE78A4D94015833637A5B0BDD362;;
ES-3202454-45348CF0E9394E8E8E8C3895A58A3B48;;
ES-3200409-B833AC0420624FDA94D9E7683D60F093;;
ES-3200359-7B6310A7845B4F16990656A2E8FDC39C;;
ES-3204609-0E9AE4DB2F7A46919618AC166654A1DC;;
ES-3200409-BF02B1C362064FD49D9034C5709DF9D7;;
ES-3203403-0AF0A53BB49B445B97DF0FE4E7CCB2BE;;
ES-3200904-61F3880363534432BA673CAEAB4A0EC4;;
ES-3201506-8D108DA5F2D84D2D8193E44DEED70FC5;;
ES-3204005-3348C1BD62EB4247927FA342E25D078F;;
ES-3200607-4B0F31C9E5B4457E9B980A8DBB7F68A1;;
ES-3204708-4AFEC68F1883432191140DAF4BE8193F;;
ES-3204559-73B0E2049142455C8B862927F2E48D24;;
ES-3204559-AF8F0D59A5C04353B17426B7F4B5F5E5;;
ES-3200300-92EA612AC7BF4F9FAAD1E2BE0358FE72;;
ES-3203346-935E4BD64CB84583A407748FCF8B98E0;;
ES-3200102-A6A7757B007C402F9DD66FEB5F13F6B8;;
ES-3200201-9552A7310D2A4331BA692140C23BFDB7;;
ES-3201209-29F2D003CE6444D484B0F8AD6955A66F;;
ES-3203304-55CC44414F3C4339A0EFBB68E076BA47;;
ES-3201209-4E88A0F177A24920BFD4C53C1BB0B646;;
ES-3205069-5A9BDF4274804E6EB26DCC75D48C49FB;;
ES-3202207-C4FD8F75E2E6488F975E39D693900242;;
ES-3204658-CB5321ADF6644D73AE32791134B33833;;
ES-3202603-98F4A764BB1B4697A11A574F97904E7C;;
ES-3201209-2CC4EB8F2AA04300897649928E945C76;;
ES-3204708-5D0367109E224C5AAC54BB9AA7E37ABC;;
ES-3201902-0E2C9F3C372646DD8E9DF22A1CE666C3;;
ES-3203403-916AEE0455984E3B80B66D1E531CD764;;
ES-3203908-1F511EC71F9E401E8296BDB2B9B3D140;;
ES-3203700-E700C2CC0DC84709B1B82E64C6A73A9C;;
ES-3201803-35B94723358747E982F0BA3047C87F0F;;
ES-3204500-1C415171A1434437B1C31373CF81D7E4;;
ES-3202207-B844F5ECE9714EABADB66551E15151D7;;
ES-3205176-7C651D9405894FE4A80DBEE9166F79EE;;
ES-3203346-EC72E11D39F0401D810350112C27AD6B;;
ES-3204054-89B2C851F6AF4CE283AE738BD3F7B438;;
ES-3201902-CA28525225464988BA731CA153B413B5;;
ES-3202108-9325011066664F31B0B7AF79806C9956;;
ES-3203205-CA5BE0EA2A6C48079603CA387391C953;;
ES-3205002-C8944729EBB840E4BC59DEA98D9C6DB9;;
ES-3203908-2BCE6580BB604C5E8426CC4B982541DE;;
ES-3201159-73C5FC48C83C4870A052643942B8CD1C;;
ES-3201209-259908446C2549FABDC2CCD4C1F44FF6;;
ES-3200300-23A630D1547F461EA2D42AA814ACB643;;
ES-3203163-8FA0317EBCA544F588C9ED1D3AC0185B;;
ES-3202801-703C67384ADF4F18BA21BCA85BC37876;;
ES-3200904-1D83A294EC1E48FDBA132E53912134BD;;
ES-3205002-C559A97A84E9418FB6D877D1F19498FE;;
ES-3203056-3629CCCA871045879FFCAFAEB473F7F1;;
ES-3205176-AE8800F3B5384A828220CEC89E19D329;;
ES-3201407-30D05BB73B2946DCB7A437421D29C36B;;
ES-3201407-C86442E09884473CADE44C07EF74D21E;;
ES-3200508-27A76BFFA047403A8EF6EFDCE5193698;;
ES-3200359-5672EF3133894C8BAF007D4B55682DCF;;
ES-3204559-193D985E0641470DBDAC32E7C2616126;;
ES-3201407-DDF619F1A32A4D53A02745A479D5808D;;
ES-3202405-3C8A846349BD4A079600ADD80D54B28B;;
ES-3202256-21AD853370154A6C8B65E0342B146373;;
ES-3201605-69BCA8D3A4D34333BCB3D08B48D3AC4F;;
ES-3205176-E2835512810C42E49A4B12B1DE8298F6;;
ES-3202108-6AB5EFDD564B448A8CD29B70ADE23B5E;;
ES-3201506-7FEB4822AA174ED0928D53E3A30DDDB4;;
ES-3200805-C3715D71D1E24B4481EBBD34BDB31BB9;;
ES-3202652-8CF5EDFC11484258B654BD5047E19BBC;;
ES-3200201-BB3B934A83EF47ED85E91ADC2AF530B7;;
ES-3204906-6D58A284FB274540BDC1B71998BCF9F8;;
ES-3205101-81B9D164BD534B85B335A8FFCD5F77D2;;
ES-3201506-0E552368855E4C75931A7FBE800B42CE;;
ES-3200706-1A8610AC69F84E26A5D18FB7FE580E58;;
ES-3202652-9505198BC00A4411859E24CE4B50E297;;
ES-3202108-1613C67A03D745D9BA3005E4A6E4EA61;;
ES-3204054-8A0D3AAF873C42CC9EC1AF18DA5268D4;;
ES-3202405-0A298F7728E84CEAAD07BC9B3FEC570B;;
ES-3203908-3F0FEA04A6284B25ADDBF3D3D8E79265;;
ES-3203205-CDAD62B3AEAE486FADFD19BE15A7ECD7;;
ES-3204559-E47B4409836242B98A6A79686D624859;;
ES-3200300-54122E521B0E44D984CD4B14413E5BC1;;
ES-3203056-B24394BD5C0C4EF397F1B65FF6957246;;
ES-3204500-9734614F778A46CE97FC32542DA1E15D;;
ES-3202405-642A64E5BADA4BD5B31A3065BA4D87B6;;
ES-3202207-1CE00C90A4A947B5A77F7E852E0E58C9;;
ES-3202454-A37F4EF2964F46C9A729FF9A69A5DD06;;
ES-3201704-8754F25E1BE24A3184820848616507CB;;
ES-3204609-C01FDEF4958A4596A7E9B92F20644ABA;;
ES-3200136-BB64EF31CAA243339393DF757A252779;;
ES-3205010-FDCE3C73D9AC4F95A8CBFEFE7F74EA4A;;
ES-3204252-ACC21A816DF94F04A56C968C5FB7CF28;;
ES-3203056-0007A0CF87B5404B8AD896EE7E1D76ED;;
ES-3204906-6951DC82C34F4BB3B9E87613D41C016F;;
ES-3200904-A967D052EA32444E9CA78D4B1BA61C49;;
ES-3200904-AF22AD3832134F06B338C180B14B843E;;
ES-3200904-CB38D6395D52428A9C9E684BA0157785;;
ES-3205036-4392BE345F204E889FD77B5E940A726F;;
ES-3204609-9A7A0212B37645E39E4396DFDFFB594F;;
ES-3204906-EAF0AAA8CFD24E33A6351553BEDFEC02;;
ES-3205101-829BA1C3F43A44028C6BE041D73D6328;;
ES-3202405-E24E6AAB38BF46789B028F08B5B0A4BF;;
ES-3204609-F5DC6C3D270149B9B006E84271A95B2B;;
ES-3202702-4C4C4CE66C5D4BE996318F154BBE80F4;;
ES-3202405-856FF786A38D4C11822858D463A8837C;;
ES-3202652-C8D423AA93154BEEAA15513C3C4CAC8F;;
ES-3204609-04A560D06F344AA3A4D50F7D55165A7D;;
ES-3204559-D583E0020C1F43B1AE76333C6A4E2054;;
ES-3204609-ECEEAAA99DD54E34862540A2FCCA6B06;;
ES-3201407-AAADADE957304A0589CF80C0DB9262B3;;
ES-3204104-6396D8E9E16F4468ACA4571D31BB185E;;
ES-3204559-C5553627B7D242A8AE8BC784F585828C;;
ES-3201308-AFED49B88FF94D63A79C635CB4A26256;;
ES-3202009-FD0B912B51884672B1B383679657C793;;
ES-3203403-47B6655F0C27409995A84228133BF912;;
ES-3204906-DADEDF2310E34CA8B562B00BDEFBEDA9;;
ES-3201209-334CB60F758A4618A3A082CAEA63056D;;
ES-3201902-448F084F78094F52B306C2629428CB49;;
ES-3201308-A60DDD0B3D4945CDA295EC1A6C4D5174;;
ES-3202603-8B957EF3D8BA4A8B815ECFA7BF282A05;;
ES-3202306-197D0BB46E444E938B3999D78BC5CDEE;;
ES-3201407-B1860A9B1BC6471DA577DA4E70A94FD5;;
ES-3202801-1679333CD06E4982ADE4205F1B3DF559;;
ES-3204955-976A9E50F6624DE7A6CD979D9458FB21;;
ES-3203304-0D552F76E0194B1E9B6EEB772FCAE070;;
ES-3202652-7F7EB65345B24E26B45A82EC1716BE59;;
ES-3202603-49AF693AD59141F59BFC8492D64464CE;;
ES-3203700-94C3F0ED5929483E951F93C67E0286C7;;
ES-3201902-572C57C79EBE437E9666A7323DF7F216;;
ES-3200607-4B75B0CFC09F47A89654C011C33E8C62;;
ES-3205002-3FBA4502778E4DE79E4586B7A6B66013;;
ES-3204252-136D68B8525B4531988EA05273B425AC;;
ES-3204559-A4B6ABCB228147528033D61D8AC6E712;;
ES-3203346-B95C4FCE705D48A6AA4D62999FE5F5D9;;
ES-3200607-F9AA760C23414DDFA20954F941C03012;;
ES-3200409-AB2BD63B79BE42518686B3A8C3C65922;;
ES-3201209-A302C318C65E439BBF8C97FFECBA41EA;;
ES-3203007-1BCD85025780499D8B80FAFCD9ED0CF6;;
ES-3203502-120808EBC6D04086AAC9356AA6AC4714;;
ES-3200169-732F36D81B4D472FA5B6CCE1A34BC7AF;;
ES-3200300-F8581E1E52C040819E2D338E46AAA412;;
ES-3203056-AB5C7C8AEA0F40BCB75D1AE786C2B549;;
ES-3203130-D29D4E93D8B54D789854CF79067B0716;;
ES-3200201-3EEB8A4CA74747F5A091CDCB9210CE07;;
ES-3200409-5D89AA3FD0FC40BDB28E0B451596B728;;
ES-3204203-354C4C045EA94EACAB0AAD6D37E1A95C;;
ES-3204807-FF1AE4C3C5E64B4B8FA1FA8084246416;;
ES-3200201-3DC1C527667A467D80688D9245F3DFAB;;
ES-3203908-DE193416519042218BA1A6C9F0EE57FA;;
ES-3201209-60A7C23D4B984DA2854BEE60A8F402E3;;
ES-3200300-B63E27E6624E43C7A4C78E7F16EA3877;;
ES-3201902-59E610A30D6B489D9D069B4F21046E36;;
ES-3202306-64B5A52B746945F5BA0AF06752EDB113;;
ES-3201902-8BF8FC3362104E1789EDE8609AEF1118;;
ES-3202405-C5BF7FFAEFDF40099970A4070C744AE5;;
ES-3203007-88A03971B279451190D8BC215C808440;;
ES-3203601-5D069DED4A9044AE8B0F43E02A3FA166;;
ES-3201407-A2BAB035B1AE4961BD6FEC1A52572FE9;;
ES-3201001-51D449B3C7D84291ADC4633D10A086CE;;
ES-3204401-E5691818495A4EBCBD16BFA447B39AA8;;
ES-3200409-8DBFD39CC6434ED59DB5CD21122A7522;;
ES-3201902-21D7FA5C906A46568795002438876B3C;;
ES-3202454-13DA992C17A949EB9402A55E2DD60A92;;
ES-3200300-18A59A3FD44D4782906BC123771A3775;;
ES-3204500-A318F0E37FAE47B7BEAF05056E27C617;;
ES-3203601-A9EC678251EE42328FFD4702EF97F1AF;;
ES-3204302-6BBCAC1AD9C24CB5B0D73865D7050215;;
ES-3200607-18145E9182F84E179952D253794D0D5D;;
ES-3202108-1F2DBAA729954C7F9B0676AFA7DBFD5A;;
ES-3200201-691105E72610481985771308C582FB43;;
ES-3203205-9C74F8160EB443829A3BB01DABCD86BC;;
ES-3203908-CDFE97AB0B21426D8AEDF8412B321F36;;
ES-3202454-B802F413B6504575BC9D66A668B1AF2A;;
ES-3204609-E742095609A44847B9854762F3CC0ABF;;
ES-3201506-F58D6ECC21E843CD910BDA8D2615C463;;
ES-3201001-EBD87B08ECC6407194E77FDBD31582F0;;
ES-3205010-8E87EFF8A9894C919F1FBB82C79816E2;;
ES-3201902-AFDB99DB751147A588B17035BEE4D481;;
ES-3204500-303A09FB6F5F4CD9A01BF001181B7FD0;;
ES-3203205-E1129BB5D38240AFA7FD02D5602E9A0E;;
ES-3204708-FA6C9443EBA14984905E3676DF2563F3;;
ES-3201407-75A8A92BBBC2414A85F67F1583DCC73E;;
ES-3201803-0665F16129714D0BACE230DDB61D2DC1;;
ES-3200300-25BD43486E7F42EF809ACF1CBE924B37;;
ES-3204500-23C2D24E22734E05BBDD3527B7D35DAC;;
ES-3200359-9B9A00866EE54987A1DECDC4BD192C9E;;
ES-3203205-0CC1453ABEEC44D8A6EC5E6D1813CFA7;;
ES-3205036-E580280E53A14FEFB569A2E7FF67753F;;
ES-3200300-6D561A3FF5734E479EA623E0E1137951;;
ES-3204658-9582749B4D6B40EE9C7AF88F38E43D24;;
ES-3202454-46E7F79D10B44334B4CE8FD107FC9450;;
ES-3202108-56E0F4EDC6F64890965DF8D2651E8598;;
ES-3201407-334E00B894E347978DB06E4B7ECDC3AF;;
ES-3200136-3D6E2778DCA14DCE91442698BC0AB617;;
ES-3204906-9E7C3A1F39854AA58328A93CDA25E9B3;;
ES-3204609-64EAC29727CE4E01A327A394DC29327F;;
ES-3203205-FB96074318514C36880C632EF44F0841;;
ES-3204351-6E50293C127A4AED960536500F5D895C;;
ES-3203205-5192C9B3B56348D29D105001360ACE2D;;
ES-3201902-6B9128DDA90947A0A945C4E95F4EE071;;
ES-3203403-6DA6FEECA6554B97B1B7CEAF0857024B;;
ES-3200904-B85A8A83E38D4257BAA1895B19216F30;;
ES-3202108-93401C46BAE640E0B5A0BF2F5A137D9A;;
ES-3204351-66473B40257C42F7B5500AAD3C3BA666;;
ES-3201407-BA442DB4A7224668B2371347E2C46BB4;;
ES-3200102-E902E0861F064EB2B02039A5D333375E;;
ES-3200169-FB4A857F607A4D0C910917AE40D11A74;;
ES-3200169-FDA65DB5E700486BB574F9CB7D8997D5;;
ES-3203403-B741D4F416FA4B09B0C286380CFB1EDC;;
ES-3200102-76DF7A59A86F43328425B9CAD3725D62;;
ES-3202405-B425797A7F384253B5C279FDA3BBA57C;;
ES-3200300-7C4819D37C624CBEA733D87D12F268A3;;
ES-3200607-9898F7997218451492F5DC4FBBCB96A5;;
ES-3200706-6292F5A9960346BA8060603BA6AAC9B7;;
ES-3201407-D937F5015C2545869800AC8C76FE0405;;
ES-3205176-FA6FEA1114744E708E389545FF31D195;;
ES-3204906-210B54EC5F754B4E865617CA3052E137;;
ES-3203205-050AD5333FEC4960BE827B5167EED36D;;
ES-3204104-D359CEF0C1EA45B986068C8B05D532F7;;
ES-3204658-DB5BAF088C8D4383981FD21B0352FD54;;
ES-3202306-3CD6158DF7C14712BD53C85452219378;;
ES-3200300-ABEE8D089E254FEDADC5558BD1BAAA3A;;
ES-3204906-526535F0DBE8494282BBF7E9979F1CC1;;
ES-3203908-9E2D7741F045492C8465E5C4EC0C537C;;
ES-3201704-0A6AF41E1B2E474A8C41C6E949018B61;;
ES-3200706-1AB7352EAEB148ABBF35BBF17AF020CB;;
ES-3202207-04EB973B4A6C4E8E877EA6DE059FB6E2;;
ES-3201902-71759D978A5C42A2AC3F17240908001C;;
ES-3204559-14391B6050A245D4A3517A5C160E2DF4;;
ES-3201209-D43109886F2E45B79BC92EE0906A7C08;;
ES-3200102-4836BA2E4FB64B53A5344F22D24A079E;;
ES-3203601-EB841E9B5DA344EFBCBD3C38533F92AD;;
ES-3200300-5B0BE578C98D4C08B6099753F9846021;;
ES-3202009-F56846A1E04047E5B2F6A5E8F6AE8A10;;
ES-3200904-B93CF7B065234AD7B3EBF0B3C84219B5;;
ES-3203908-9F6454B8C1404DEE820ED7F8E1C47B51;;
ES-3205002-F034CCF78BA54776A52F6AFEE7D97669;;
ES-3203601-CAA289BCA2CC40DCB325B279FA57E1CF;;
ES-3203403-A82976D23DA0437BADBB72966FCB31F6;;
ES-3203205-D60B6CF71B114667B0F06316D2710398;;
ES-3200300-5FB04D6ED3564F33B4FACD8DF38B0761;;
ES-3201605-789F65B8EBDB4E77ABEB39BA9E2D5C9D;;
ES-3202801-32267BD4C83647259180B56667EA8BE6;;
ES-3204005-767CDF6F40ED424E8E033CD18DA22C6B;;
ES-3200300-C0400E332A4D4363A995E0357B884BD3;;
ES-3201407-50EB2BADF7A14634BDC0A53F9A119115;;
ES-3205002-57015D237E5C4EFDB6C90F2D31C96E54;;
ES-3202504-E24836FB0353455894149247230B0ACE;;
ES-3200607-2A51B037CF0C41C389331B4DD4638574;;
ES-3203056-50440CE1670D45B1901ADAB6DC5F60F2;;
ES-3204708-CA842DA0C96C44628E1EF0C0D53126F0;;
ES-3203700-4527ADD2FCA6469087136ACEF77A8C62;;
ES-3205101-86E0F51B169846619997E46E4DE9338F;;
ES-3200904-9994081E9A274B7AA87CE0964AB56BDD;;
ES-3204252-EBD81AC6DF8448CF89E6A3FEBA66D5B8;;
ES-3202108-52015A82346643569E0F7B9805ACDD12;;
ES-3202108-22538F4C4C144D1C951BB87720026BD7;;
ES-3205002-38E552160B634AAC96B18B711E37970F;;
ES-3202603-AD31405BA95F405EBC525A937C087E60;;
ES-3202108-BDC8ABFE3E994A019F0F71E81315D3E2;;
ES-3202553-E4288C7BF0424F61A016CACF60C3FB72;;
ES-3203163-D2F95EF7630641269091AAA7B41BA8E3;;
ES-3203346-6CBBDB99CD394DF4A615873BAA23C754;;
ES-3203205-58BADF9EC7384F93A116D00421243909;;
ES-3201902-F0161F30ACCD47AA8380352A7801C075;;
ES-3203353-B0354CB7C1E84E559343005F0D1ED684;;
ES-3201407-2E9D047C248B42749B4E062C01F209B5;;
ES-3201407-EEEC7E6821414FB0BFF88393C55C76FB;;
ES-3202108-81BB0D94D100404C89AA1BDA44429221;;
ES-3202801-4F65D180BCEC431BBD509D8FC9184838;;
ES-3202553-CED21E2710E244A591253C02F637F765;;
ES-3205002-DBDF8E48DF7247E5B0725DE4F0252DC7;;
ES-3204302-581D6903E7564ECAA04D38B49DBE5F5F;;
ES-3201001-D8F4F6986384494AB51215DB81628EAB;;
ES-3200508-8C7774DF85CD4EEF8D98B994484286F6;;
ES-3204104-6D91956E61B14E648D5D77D4D0D789BC;;
ES-3202207-94573C3AF65D42979D81EED88DF35975;;
ES-3205036-BEDFA9BAE7264E328D9EDF123D186CB3;;
ES-3203601-7647B33ADE0442A4AACFEA8E3322E936;;
ES-3205101-6DF7D9207AD9432FBF032C7A3635F21A;;
ES-3203163-DE6519E7DAAD41EC92BA4D8E30E7EFF6;;
ES-3202009-E58B24FFBA9C41EFA32A17D3127FD75D;;
ES-3200805-C91DFE1A19B24BE09B940FA542442805;;
ES-3200359-3D5141F3F2EA48A4B1674243CECB6EA7;;
ES-3203205-9D0739C25FEA4BACB927229324F44C90;;
ES-3200409-B8D527A2B35D400B8BB8B585A6F43BBC;;
ES-3200300-59BA7DD20B544A04A82EDCCF855C1DC8;;
ES-3203908-BE72261FD5D944FF926171F2FCAAA525;;
ES-3201902-33673E16A73F4AF99EF305E1DC246BD0;;
ES-3203403-97137C17EF7C44EF8C78DBE6E63E6E4B;;
ES-3203130-6DE4A66CF0E04BC89EC90CAF22855B13;;
ES-3200300-B6A52FDD7B2447A38AD3C8E6EE85ED58;;
ES-3203403-F528BF63BF0D47719E206DCD3A63A5DC;;
ES-3205010-88959F6B800341E3A83471A8B3BB2728;;
ES-3203205-A1AB51EA6C2743A4A525F3AC036EA0C6;;
ES-3203908-96B8948547724AA294BD6463572A0BFF;;
ES-3203106-9BFFBF1DE3AB4071B012CB2781E29FFF;;
ES-3202900-14D66B337DFC490B91ED3F6DB9E11F1D;;
ES-3200169-3E15E5624B254D64BA8C966A12EE4D55;;
ES-3200409-A0B7DABA7AC54E5AAC9BE0CBA025E151;;
ES-3204708-CD7528F6D74D48FBBD36ABCB338DA5AE;;
ES-3204401-47B7A9659F484231BA4AEACEBE0864B3;;
ES-3201506-1F1A5F8C47724169AEC3CC3E12AA83BB;;
ES-3201159-3B23C71987204479870CCBE19A0F16AC;;
ES-3200102-2818A7EAE1A74D9F9A74D600ED8BB63E;;
ES-3204609-907A8BED2B5243FEA89D93DBDB3AFB35;;
ES-3201902-D1DFF412A7E94247BF2572B5D6FEF855;;
ES-3200409-324558B6007D4B90B49505F4C59032F0;;
ES-3202652-1B7D1F8B4A45499FAA00E5D6A836E3BD;;
ES-3200904-0A9556F1570F4976A4D82D4E9AAB976F;;
ES-3204906-2B07A9E378A34F36A6DD2FAC1DC8C675;;
ES-3200409-2FA3A06247EF4C3C89B384C9F8BBB409;;
ES-3203205-D6215475932C45EFBA38AC24B73D15CD;;
ES-3203304-E205874586954F2B844F1283BAA715C8;;
ES-3200201-86967EDD16CD4DE7935C4A3F2CD48094;;
ES-3203601-055833C50E774C03AF2712B6B2110BB4;;
ES-3201506-FA4B4291D654435F80A57FF6AD68BA5B;;
ES-3203403-0C4BEE105AB7437EABA497FBF70FE42C;;
ES-3203346-97C0EA9F21AE44FD817DB8D33170CA84;;
ES-3203130-CD4862A4EB744C8A893A6360A3255A00;;
ES-3204005-9D76351598BB4936B0DAF1F217594983;;
ES-3204559-EA200DB757D04984A8AF076AA5A0C2A8;;
ES-3204401-72EE291BD76E4098AD765B4E820A216B;;
ES-3200201-6F0BC3558F1045059C83AED90F7FB48D;;
ES-3205200-A1C4B644D395441B9861D4D029ADEDC0;;
ES-3200607-C05981407D984838911B70E92CD3B2B2;;
ES-3200508-EBC57735E4524942A59CA6DBAF57C602;;
ES-3203130-595BA763265C4FEAAE9844982453895A;;
ES-3202405-08CCE678B64D4BDABB10BEF4E1E92FC8;;
ES-3203007-6A12D49E71274DBC9B16A152CC682420;;
ES-3201407-0C42DCB41F204E8BBF313C704D864270;;
ES-3201209-40E968BE0A7F4D77B2C1E30EE73269A2;;
ES-3203320-8DCA243E6FF2462DA7F7B1BBFE4C22A6;;
ES-3200102-AD56F08E199C4C7892E9FD02CF6F935D;;
ES-3204609-0ECD73E401DE4132BBA2363157C67649;;
ES-3204005-984A0E481BB041949B347DDE5C3E31CC;;
ES-3204104-2CA933C0069A4B8D9A69390CC90AF2F6;;
ES-3204005-C0104065B33649E2868EAC4C1A369390;;
ES-3203205-34FF27CBAA73445AA9C802CC40F64EC5;;
ES-3200508-195DAB85E29E4315BFD959800F93244C;;
ES-3205002-8869F68ACFFD4138AEAC2632C2C2B7F5;;
ES-3202405-F1EEE29488FE40ECB78907B6D65B47C3;;
ES-3202207-DE812A0FB8764746A472CA7A6C6BA4BF;;
ES-3203700-9A22179D193E417D8B7A7C2128AF36E6;;
ES-3201308-AE2D5FFC70DC4AD3AA96DD616568184E;;
ES-3201506-A232557F9971447A9C6201B77E90A8BD;;
ES-3203205-CDFE5BBED71146D4BBB34773152D4A47;;
ES-3204708-EBA27C097BEE4339B298045EB3D45217;;
ES-3204559-2777E4A42F164E6BA8FCF7753D28E624;;
ES-3204609-124B597AF7F74EC8B1F429F3AC50A0C0;;
ES-3203700-6C4CE1E588D44D2FB8B1AE6C81AF70EE;;
ES-3202553-172D738BB3E74478A5AFAC68EA24F72D;;
ES-3201506-56AB8CBBB4AD4CE583FED44F44AA2018;;
ES-3203908-FF0B870DAEE347EF925646ACF180B9A9;;
ES-3201001-19BE8E2BF0E34C4197928A59437E258A;;
ES-3203056-CD7164085B2E4DE99F21533274D1B098;;
ES-3203205-4EF3BFBC70B44AE69386037EAFFEA874;;
ES-3204559-5C173CB66ABC4B4DAC64876215FAC97A;;
ES-3204500-9304D2EB104F4678BD8888059BD20A2D;;
ES-3205010-42EF39F778A24D45BFC7D68E2106768D;;
ES-3203403-A36007C14D5947D7B38CCE516ED8142C;;
ES-3202306-D1F2A43338244BE8B2A97FA118DCDDC8;;
ES-3204500-A2D76FCAE9E2410D9179868E745C7D2B;;
ES-3204906-5B0E8DCC03434693A6ED248890793459;;
ES-3204708-918AB98275CA4D25AA22758A6ABDC79B;;
ES-3200409-DB868FB62EF2476C8374A149F916E380;;
ES-3205010-6437EAFEBC7447C88245BF537D35E23D;;
ES-3203908-EC6D75015E5048738B1539BE32815A7E;;
ES-3203056-7C358E12B32347A59B132FFB918AA93D;;
ES-3202405-45DB3A40900C426BB2024E50F25EE870;;
ES-3204906-7E48ADC785D74BABA03EC26911F3CF28;;
ES-3203700-A7F3BBC8B8234D448694596D77E22D7F;;
ES-3203502-02D46EA1F122484FB0E7BA107187C473;;
ES-3200300-AC4E389BEC3E40CD9AD87647ECEEE181;;
ES-3201605-26D684C10F4B46E5BD0D281545DFC997;;
ES-3204351-4B0B7B6A6DE34CC1917D3F40747E022F;;
ES-3200300-23E5039663C746A8BF251FEDEB0835B5;;
ES-3204559-6D01531873E2476D9824DA8C0D460611;;
ES-3205002-DB02D87A2331486EB87DD04CB1DE8F66;;
ES-3205150-357AAEEA53EA4E208390A000C81C3993;;
ES-3203163-C5429B84FC3747A0A5E2311CE89594EB;;
ES-3200607-498E343E15BB49A7B05C4DAF5635D3D6;;
ES-3204559-A56E36DA5CCD44A6AE92D17FFEB6F535;;
ES-3203908-877A8DDCE94C416CB7F0AD92E38742C9;;
ES-3205010-0AADDBA9869D4A61941BF4992F7E123D;;
ES-3203809-7FC041971AF74225A61370EF0E6566B8;;
ES-3204500-88E1C256B5784AD4941E4009F93A1163;;
ES-3201506-0F01BE56954D490FA92D824090D7981F;;
ES-3200904-C5517DF42A9245C7B689183D4665EE22;;
ES-3200201-5C07A7877C644394A0E799C0E854CAB8;;
ES-3200201-816239BEC34B4CEDAB0154ACFBCDD3ED;;
ES-3203403-100E088895F544E4847170A27CB1FA44;;
ES-3200904-99A15189322741EA8F76C9032F22880A;;
ES-3205002-A821D329A3D8436E9B2F631DAF0D8D69;;
ES-3204559-1739400A44C543408B42F2CBDFBA9F6F;;
ES-3205176-B6D309E1D2044DB898E6634095C81D56;;
ES-3204906-7C9CD5DD6E084121BA63714125D92200;;
ES-3204955-3B27507C72B74C219494D09280E7683D;;
ES-3204401-352E6D9FA1D84F1C80DA153FEB00E1A3;;
ES-3200409-E9AB5A1716564B748DCC91E3E5D2BE28;;
ES-3201605-F289EDDA18704266AA2E7FA2BE0AC2BF;;
ES-3202652-632F7A90C22E4387BD6BA8B4E6BB8CEE;;
ES-3202652-44B11146D2924605B1CB19F2FAACD041;;
ES-3201407-D57C8FEC6A8848E69BCFED9B9A16F9BC;;
ES-3204906-54062AC90EAE46BB902B6EE597FD3242;;
ES-3200508-3C8A2A546FCD4B2B99C019BD2CC02489;;
ES-3204351-BBD648A7DB254199832AA3272E323543;;
ES-3202256-45A2714AFFD14B1FBD5F9F46D4B13043;;
ES-3205150-62426DEE97954A86A48AFB10ABD3E264;;
ES-3200607-F86FE7C66AF141588F245D06A921629D;;
ES-3200607-F4C0C37BCA934923A72623D89FA40953;;
ES-3202900-8C59399C80F14445AEC8FD6A8FA53B53;;
ES-3200706-E54F3DE3DB9D430CA3589E3AB2585D0B;;
ES-3200136-92CBA5AC540E41F792EADDAB29AA795D;;
ES-3204609-557351001EEA426FB72A382433039539;;
ES-3205002-DA1B9FBFA6E54D8B854CE47F23EE248A;;
ES-3200201-4699D9F90DCD400E90FFC8DB04C1740D;;
ES-3203320-DC85A60344994229916D180B5E8D6C33;;
ES-3200904-9A9ABCCE0313406CAA6D7ADF89A9A541;;
ES-3204302-145C1300DB5F4845953980D6D99F2F1B;;
ES-3200607-A73D0D8E7FAF41AC9B2DC2107B9BEE07;;
ES-3205036-9A3D5E675D8F4F3DB58077FF467C6AD5;;
ES-3200201-0DC5F640C6F54CDF8EA495CA34A09EB4;;
ES-3204559-4EA3E0E5DD6E4DE7ABE48A49D1E37947;;
ES-3203700-D45FB90B780643F5AC2FCD9A9B04E121;;
ES-3203908-71673D3FA1504C8CA385B37D60A4F641;;
ES-3204500-A28559429E244C10AE94A6D9510DDFAC;;
ES-3205101-240C2B3B69C642C086CF0B68F8B82C22;;
ES-3201506-5A0AA699C85D4025A8DF8F361360AC47;;
ES-3204955-F4E5B9F6F13E4D79AAF9FC164FCD8FF4;;
ES-3201159-D62576657E3E463289312CCC55C41707;;
ES-3203205-163F6E0B70BA47EE9BC5969832532799;;
ES-3202256-464D540A391F43CF98EE913DF5C5991F;;
ES-3205101-997D7CCACC544D40BFF5E6E34176D5D1;;
ES-3203908-6DBD3A3E4C984E42829525550929F31E;;
ES-3202553-BB9CF51941EC42839623CDB6823F5645;;
ES-3200300-2EE78DF2A60F44399FAEC23201E36CA0;;
ES-3200300-16FF8DB51CF642BB9066BB2837810ABE;;
ES-3204351-2F964C04F1F84394B38D02CE8FB5391E;;
ES-3200136-E5DB67C853FE4163A614405FCA6B9803;;
ES-3205036-BCC246466D7A4A7796944333601FB7DF;;
ES-3201506-1864C70EABAD4F4D8AC8938A4B3EC2C0;;
ES-3204252-CBAA2494739B41AC8C2E1E56FCEF9F4C;;
ES-3202504-6F94275B523149378FE047B69B620A1B;;
ES-3203320-0644277DAF014E588D8C7D46F068A2C9;;
ES-3201209-AF5E6F12BDA14B7B84F34DE390FD3C8F;;
ES-3204005-2153F7556DB24104A81A57D8D426F2A9;;
ES-3200102-338FCA6C14A44D408B7E02E6373C581D;;
ES-3205176-E88325686B3B4845A71A5B104D0BF2E7;;
ES-3203205-46AFA91D2F304465BBAA07FFAE06D76A;;
ES-3202405-72FF2F78B770470FA6DA62E0494E244D;;
ES-3203056-C433BBF40996433EB3BB043D5D753E46;;
ES-3203205-A4A3BA033272434EAEC277269AD57BDE;;
ES-3203304-5C5541EEA7D14D53B1FD07BC61B416DA;;
ES-3202009-1C22C6C2A15F4FF4A4A79C9F7C5E9DE0;;
ES-3203163-73A88AD0ADAB43359263C6719EE45B88;;
ES-3204500-95A95622390F46E29E72F35B2A76F6D9;;
ES-3200409-D9F4215085A14B968AEB49DF9E165D9F;;
ES-3202207-1D57EDB8E5C24A7D84D54AF0C3DEEF0A;;
ES-3205200-4FB68326506B412B8434377A83DE2799;;
ES-3200359-449C3E91C82A4C8FB5AA0FC034EFFED4;;
ES-3204351-AA4718C575CC4BEFB07986C906547500;;
ES-3201506-3D375E90BEC0422DAFB5B8DBED2618F0;;
ES-3205036-AF35F122C07F4E47ACF90D90BF1E4932;;
ES-3201506-7225CC4C3F19463493C97EF0A12ECABD;;
ES-3202108-3D2B86371F6345609CEA758CE69D1B46;;
ES-3203502-BC05F6FEA6C5412BA6563F8C89972CDC;;
ES-3204054-707EDC8A685846D493F33FFA15453E08;;
ES-3202553-0792C2B2C67C46EBBAA2CA4CC84CBE2B;;
ES-3205069-37B84C30842F425DB8048D191ACB18F7;;
ES-3203320-3C5BE9E9BCE042D4B3C136047009846B;;
ES-3204559-DDD1242F4EE642DFBF05E353A4951C43;;
ES-3204708-4AF9A14199894024A0D956B862D27042;;
ES-3203056-96168CDBA0E14998B968256E416ABCA5;;
ES-3204351-253CF14788044B8FB1F238EE0D0BD427;;
ES-3200409-801FD324C14C4094BB48514B8EA6DA26;;
ES-3204500-A39D2A86F8BA4B67802BCB17AEF84C3F;;
ES-3204054-3C75D3564C1548D5838BC6DDEAD1C911;;
ES-3205002-BFEFFBAE23D1400080188B54904EAF61;;
ES-3205176-34317B1C59394FB69458E4F50D0AA5C0;;
ES-3200300-EE90D718444C465896B82438D59BDD29;;
ES-3205101-4904023AFE564BE1948815E41B5A6E69;;
ES-3204401-E91719B61E114995A4DF3521048724AB;;
ES-3201902-7E258A7C46D7493D805F9BB3E503EE76;;
ES-3203700-52E909EEB4A842718317146FE0170A2B;;
ES-3202256-510BDDEFB3A34C248C4637D2CF7B9AC3;;
ES-3200102-4503B03305EF44E9BABA6A6514D547AC;;
ES-3201209-6F3FEA553D7A42DF9B71264B6CA7F4D5;;
ES-3200904-DA7181C7720F4DF4BB15DC034785E180;;
ES-3204401-DD3927C9E73C4A59A9CAC52D3D7D15AA;;
ES-3200201-2A139AB562F6496A8F2329FCDBCB0DE4;;
ES-3201506-384B0005ABC64F95932B67D0A6ADB9F5;;
ES-3200607-576D379C1A4E433B8BE381C4BFDA79C3;;
ES-3202405-C5B8C8788E994EA286E00D339AD412B4;;
ES-3202207-14337406AD93414B9B25C7B7496B4289;;
ES-3204609-0F406F259E2845B3B7FD25909523F742;;
ES-3203601-E15335AD6C924DFCA704FE76B1D82C07;;
ES-3204500-1E505D1B63DA4ADAB85D6CF705FDEAB9;;
ES-3204906-425D00875BBC4A7A984F4CC766334142;;
ES-3205069-E5E521B982404300813EA933D0AE50E3;;
ES-3200508-D8C8B5B0F18345B5A621F72153BFE56D;;
ES-3203007-97032677E87045ACADB1F88EF26CFB8C;;
ES-3203908-A755AB73D6D14768952150C3780BD48B;;
ES-3205150-7DEB82CE39CB45B4878AC654FDF56EA3;;
ES-3200300-11433D80AE3B446D9DE4CBC871496BB5;;
ES-3203908-C2931FA265E9406DB541A9F47DE70F57;;
ES-3203403-B24354A1B5FC42B38DB988EA8B6D620F;;
ES-3202207-202137D6BF444631982A2180BD528633;;
ES-3200805-5C9CD6B339624227BFBBFB7B4527FC6C;;
ES-3202405-D17629CBDA094BE593766C9E4316FC24;;
ES-3200300-08D736F24398458086651B452041F719;;
ES-3204906-FE72F2D3E27A4BC9A5DA226A7EE0612C;;
ES-3203700-70B8F3AC43C2411589649FB827D08FA5;;
ES-3204906-C0442D7EE0054ACD9891B330E2D3B0EC;;
ES-3204500-13D71999DBAC4F98B455480004E7EA6D;;
ES-3202256-1B070A34050741CEB05265E641F7EEDF;;
ES-3200102-2C05EE81BA984DDB8805A2EA17C595F1;;
ES-3200904-E715E32CE2DA450BA33CADA0408279D3;;
ES-3204609-3ABB7D6C9BF649A5A9DB53DFD0872C28;;
ES-3201100-BBC9EE7603B143EAB1054C63855634A9;;
ES-3203908-5A735924AE964A33A885404C89BECE84;;
ES-3202454-59AD7CE9220F48CCA32EBEA2DE76D49D;;
ES-3205069-9B4A3C3AB2144E2ABE24FBC04421705A;;
ES-3202603-D24E0E88185143FDB0FAF7C04FA9AA43;;
ES-3203353-A09AE7CE1D9C4CD1A4ABDFEDB835EAE3;;
ES-3205101-386A151D597747EDB75D637BFAA71C69;;
ES-3205200-F02EBEEF47DC4089A2D8B78BB84EAAE1;;
ES-3202405-33D9F12CD0BF4C918A41B7364FDA95B5;;
ES-3203205-D599AE0B602A437E80F65BFCEA9B68DD;;
ES-3204559-08BC88314C4448FF965CAB5C107B70BE;;
ES-3205176-262017A3189B4CF58D90D64466EAA79E;;
ES-3204559-C6588F6404C0492789574D9F08819FF3;;
ES-3205176-CFD65AB808894899BA29501EAB25EBD8;;
ES-3201506-3AD1CC6A789F4E56A5AEAA6E096D1E64;;
ES-3201209-CBB8F340A128457F800360570F6F3CFF;;
ES-3202652-EC9D0A2FC04F411D803548860404E7CC;;
ES-3204559-3EF29A2089D6447B90108F1CF87ACABA;;
ES-3200706-0A917B7DFB5940EBA9BBEEFDB2DD1DAC;;
ES-3204658-9DE6028702A145DD88FD7F00B74603C4;;
ES-3204104-97788D7818DA479A9763D097AFA9092A;;
ES-3203809-E21C42AA276945B6B7EBB6596FD43342;;
ES-3201407-CB81A8BEB937476F91DF18914E15FBDF;;
ES-3200607-6EA4E7AE820C4B7ABFD8D6F1A431D1E4;;
ES-3200136-CDF137178FAD48D5AFF4B23298C3FE66;;
ES-3201902-730CAC6499E6481D8468DCB1CE27B577;;
ES-3205200-0B64482AA60745DF849BAB98AF77CE65;;
ES-3202553-6CED6DE902CA4ADA90135A8F2948EBB1;;
ES-3204559-10AAFE9E4D6D412AB49665EAC96F7F1B;;
ES-3200904-C62E3F65441F4FFD9F3EF6D303EFF163;;
ES-3204054-320D900CA0144F4995D46C830138167A;;
ES-3204500-1E1379C56AAD44F6BC9EF618240CFE18;;
ES-3202009-CDFCA9EF32A048A091953DC398EAD93B;;
ES-3200904-01A052FCBB3649F485D6A39C93CF9EED;;
ES-3201159-0BDE6CBC24BC42079006C7591B058229;;
ES-3203205-2158D85BE2DB4CA49127EA68777EF2E3;;
ES-3204302-A43664E2FF894B82AFA0FB0B7FB179AA;;
ES-3203403-C8B78E6971344D83AC1465718525B2B6;;
ES-3202306-7B92E8A84391482DA4BD8941137CEE61;;
ES-3201506-B969B9BFBC594D6C89A5320E15B46589;;
ES-3203205-4159145AC9DD4388AD72D7EB00E4EB80;;
ES-3203908-9312CE2F54BD4201B36B5501C980A890;;
ES-3200102-0DC5CB3470AD4F74AE59C25C1C581C1B;;
ES-3202603-A7C52DA9B78F45A19E4C3A0DBE0F7836;;
ES-3204351-EB857DD9618F4BC68313911F3B275ABA;;
ES-3204005-0E9326DB9F9046B9989495577DDA8E0B;;
ES-3204302-20C32FCE357842D6B45ED689C234A779;;
ES-3203908-442D527A1E3149508AF5F68C67C551CF;;
ES-3201902-0CEB64CBED0A4B2595B6ED7EA44062EC;;
ES-3202108-A6AFB4E9D77D46B091A9C866707C8581;;
ES-3204906-F4C66980A0FF4E00BF18D54D19CEB59F;;
ES-3205002-380F622E21144025A842BA97F7461716;;
ES-3204500-CF48C5909B57403DA50FC374F5A28EDE;;
ES-3205101-93CB30B38ADD43D78D793AC7BFA5CB9B;;
ES-3203809-9D1B62F607FD4F8C909B0E36B586B8C0;;
ES-3200706-1FE4B2EF68CF4653A2318A75176C1745;;
ES-3201308-E3986936A0D542F4BDA67C0219CC2842;;
ES-3203007-CE64F9F9D90F4BFB966886F1A5CBF289;;
ES-3203007-FEF03DB32A894D6C8D76F49C5FBC1A7F;;
ES-3202108-32FF2E0D95CD47F1B2BE551972B96EF1;;
ES-3200102-57B6B2B6387A4665ADEFB55532AE1FF9;;
ES-3204559-AF8D387FFB1949C5BA0CF8677E6BA8E5;;
ES-3203205-1E2E914F7D694272ABBD618748409D7C;;
ES-3201407-A176008D1BE046559736D529F9F569DA;;
ES-3203700-55703C9065284510A0396D39CDFE44CA;;
ES-3204302-958FE00407EF484B8A8BC93E43ACBFCE;;
ES-3203056-45644E2849F54BFD84E8742654C70C3E;;
ES-3200904-2EFB52EF19AA466A8FCA7F9E8C20DDD5;;
ES-3203007-5536132934FA4400AF7DEEF2D2CB24B8;;
ES-3204559-C985B7906B3642E0BF452977E2CAC418;;
ES-3200102-8B8EBD97F0AB4E21AA7B2EDBB5F00377;;
ES-3200300-80DE3A1E73EA435D8D94121A1E2D0B88;;
ES-3204658-8C42DF531AAC449B8BFF3FD54D5A482F;;
ES-3203908-308435C823A94A8680B1C507060CB678;;
ES-3200607-CCE3393CB1C24FA4B302C729C0380E43;;
ES-3200409-8AA234F064CC441DBA94591B124CA941;;
ES-3203908-4DF16E95F32B4D18BDF0EA75F37D2031;;
ES-3202603-2DC3CC7BCE5E436A8F0150546A4BB1C5;;
ES-3200102-B065DCE421604F94844BE9E321AD1F33;;
ES-3204005-0D0A6CCACCB54E8791532D1193778724;;
ES-3201902-D4CEBE2A720C439DA1AEDA3042094D76;;
ES-3204658-21F45EB0AFDC4275AFD1C2B34F619A13;;
ES-3204401-53E36BC8FAD7409AAC90063CB2F5570F;;
ES-3203908-2CAEEE921C9449F69BC4DF1D77FCF460;;
ES-3202454-AFC5E4E9870E4BF09E0C0F5BBBC90FA7;;
ES-3203205-4AACAA52618C4A44BC8431CE34FA9F03;;
ES-3202207-DBD581D99C0D49C8B41B9BA219420900;;
ES-3204906-65D34BB3DFDC41D1840F1D3F0F6AAD3E;;
ES-3201209-8971C422DA2F4D5BA7A160695A9C173B;;
ES-3201001-7BA03102BAFE4D50AF61BCA8FE9E307A;;
ES-3203908-CCBB0991B42C4DBCAEE7A6E8CB90B632;;
ES-3203007-41C5E4AB83B24477949F70B7DE6A03AD;;
ES-3200904-FB84BE5FBEB44CCB9114DD4C795F5D8F;;
ES-3205150-9AC72DBAFEBF4887A1B053E94C86F3CA;;
ES-3201209-B30674E9C0A34ADCA0232F8719809200;;
ES-3202652-D2FA967E075B441DA222B9498FACE3D2;;
ES-3202702-CFF1E183353F43819499223D0D00E016;;
ES-3201407-37AD4607575746B7825390BB0D4C5422;;
ES-3202405-B8E0C49F30CC4F6CB9A318E542752CAA;;
ES-3200300-697BA408FDD74AC593F085C9986609C6;;
ES-3202702-A2AB56D81E5A48A9945D9B2166F269DC;;
ES-3204500-FB4833094F0942FE860812608E0CD7BF;;
ES-3205176-FD3F4A9F019F4B039EEF20031F3E9284;;
ES-3202207-CFA5D21A6D8D4844BC06D37E1B46681C;;
ES-3202652-1B9F7AA77BC84413A0E33F724974E32B;;
ES-3204559-1153D486E3E1477B96FB744CF577256C;;
ES-3203205-49F70E96C5094FF887026C2A7911B385;;
ES-3201506-5E9CC712B1D8472EA3DB650945A7FE1B;;
ES-3201902-D3287705726B45EEB71E638088EF199B;;
ES-3203163-52058EB46D104025814401EF58D7BF78;;
ES-3204906-8DE946BE29F441EFB784B676ED618FD1;;
ES-3205101-138A3D423F6E4321A6B522B1B16F3E92;;
ES-3201902-5CB61B2BF9474438907CBDC127744953;;
ES-3200136-ECD27ECB43DD431886C3D00B844494EF;;
ES-3203007-B1C015D458A947FD915739DF6D15DE74;;
ES-3202454-BB8962219EDC4B899BC735998A6BB5C9;;
ES-3203403-9E3D0B7833534B62B45435EF7701B0A2;;
ES-3201159-36B74C27615E4955A1FAAE94FB6E16E2;;
ES-3205101-023BE0D0D2404DA8B3B900D5B86B2DE0;;
ES-3204559-2A5EBC328D244C2284E0FAE3C994D641;;
ES-3203205-D28486C5497347789041AC8A654A3965;;
ES-3203205-7C4A45E31D2849F3880150C6B5977B09;;
ES-3200201-6ED0AEE52A434FB99B0FF8CB7CA2478D;;
ES-3205176-F417DFACCE5D471A9B5E69D3F43D1770;;
ES-3204351-2427611B609C47588B9B580E3F18E757;;
ES-3202504-AD767181CF174A0E99D2DB91C955A54D;;
ES-3203908-BB4E7EEA77344193BC44C83F17236778;;
ES-3200706-419CFAD3BE57400EA16C9663B1CBEFF3;;
ES-3202405-0D119411262A4FC786A9F8819E6A2E0C;;
ES-3201704-0F2F795219824C54876DA531735A19DC;;
ES-3200706-3836E3722A884144A1133D007AB4171C;;
ES-3204609-A195F94D040348718BC8DB482C06D6B0;;
ES-3200359-9C597713541B4E93B5CE1BE863520A8B;;
ES-3204351-C8979D82BC6C46B6B087C4177430F132;;
ES-3203007-484D195BE32048CB903F6EAA0BA5EF96;;
ES-3203056-2FFE9445C8934FC6AAE2DD9BC369A0DD;;
ES-3200169-00D0938AB67840348CCE5067DC6F9777;;
ES-3203056-1B9E61118D344D4A9BDC09B7C4A6BFCA;;
ES-3200904-C2C608E5D63D475ABA32CB6632D05191;;
ES-3200102-113D5419BA9143908E9671125585D8C4;;
ES-3200169-07A637FF278842CDB8E30CD539A136F4;;
ES-3204906-92BA36A11DCE41D29546EA65C47390F0;;
ES-3201902-5A24A37347D4469ABA425DA6D02F7E6D;;
ES-3201506-DD7F989CA42146C7B206DEB778B56AC6;;
ES-3202801-B82872720ADE42CCAF90B86FA022E986;;
ES-3204500-60D6903E8BC740B9A525D8C006689AE3;;
ES-3203320-FC668FD2F5644BB2AEE691A124588A51;;
ES-3203056-B02281D76E90462589518C3AB9C719E5;;
ES-3202603-5E63CAE25EA4406FB18DA10781FDE0EB;;
ES-3203056-AB8861B7C3A847E0B1BC6B2AC0A2C463;;
ES-3201308-46835064375F48B5B72F1ADF6E4DACFD;;
ES-3202652-2A2795B8B9FE4080AD7E6B80B81F7894;;
ES-3205010-80E3EFFBCE1E4C67A0C4A82FF147C4F6;;
ES-3200300-856B3655DE2E434A888091D4A9CED422;;
ES-3201902-49B7B61ADE0A43F3B5AB7F27B7E664C2;;
ES-3203908-6D359AC1FA744706AA7BBAB254AEDEC8;;
ES-3200102-EE4571E230554128A4237F17E1FBC6A3;;
ES-3201506-E91B67D500AE4F7BA5355FB89B718EC3;;
ES-3205002-E42EB17C16C34F24BB418BCF599BE2D1;;
ES-3200904-BBCE9B39ACFC45AAA5E77B9A8E2E7E7D;;
ES-3201506-1D7C78C5A88641B99F3A0DF2236338D6;;
ES-3203304-6BCBF1E79AE5486AA1698CDD315020FD;;
ES-3202405-61F5E970C8B14297A0EFE7F8DEFB3708;;
ES-3204559-73A9C2D561474F95BDA345D483459E7F;;
ES-3200359-F46EE165B93B4D36A572DB73159A7C3D;;
ES-3203205-34C403198FEA4308A00A2330BECE6CF2;;
ES-3205002-D15F507C165249EA87056553418071FD;;
ES-3201902-ED9B271A3C3D49A2AE569A4FF164774C;;
ES-3204609-1452CBD82E814843AE428EC01DFA8A7F;;
ES-3200102-F2CD5F4ED769452F8404F81F418A32D2;;
ES-3202702-077F24D57FBD4FFE88277A3BD31DC737;;
ES-3201100-2502A56924DE4F5E922ACA72624BA6CA;;
ES-3203908-5D1F6C1ACDB64E33A5C8C356604613D2;;
ES-3202553-4F8E22C9567544A4B144A16818A702D6;;
ES-3202702-D7AB3567EC134E6992CCBC438C518104;;
ES-3202405-B9B0BA671B304BD395F59F1718C2560A;;
ES-3202405-421BE8F8A2EE4991BBC6342CA16B5FF9;;
ES-3204906-B043A39A6C114163A7B79D4CC82B2049;;
ES-3203908-FB735D6216DE43058662C593AD98F60E;;
ES-3203601-7997E106153D4DA0AD3E6CB5B971F997;;
ES-3203007-3CAD0900848145398D85116549E9D4A9;;
ES-3203908-EA001196DD5B4BF887E52B266BF7DD3B;;
ES-3201407-5F70251B4D334731A51972E5F136277C;;
ES-3204351-DD6C2F0044F146F7BC57A2F5C8B33FEB;;
ES-3202207-658F170B5CC3467BA79CD8B298A851AD;;
ES-3205150-AC5F459BDAEA41FDB892965D6E43307E;;
ES-3204609-115EAAD193F04D0FAD44213F5EA078E2;;
ES-3202603-73EABEFD51F64213A9F300902C379D8A;;
ES-3205150-300CB0690D0B4C4CB9FC166DF342BBF7;;
ES-3201902-7E8D1B049BB5415EA7EE8DA4B14521B5;;
ES-3205036-3D5CC2AD29324DD595828654D2EF56C7;;
ES-3202454-CD0593A8C0F842BB8FE7C1782B854DF7;;
ES-3203908-57F959BEEB3445B882523209670ADFFF;;
ES-3204658-D979EE48762541A098817FF9A336A4AB;;
ES-3204351-0A5363B266D843349D3B28328C311CB9;;
ES-3204351-B30D454C88B24BC7AC63FC084533AA28;;
ES-3202702-FFC980BDF57541AA8A99CCD75A6C1902;;
ES-3204906-C10DBB9A7CE04B3C9EE6324A87F52CA8;;
ES-3204351-9AC7DDE25EFE4CD194C9045FF854D92F;;
ES-3203007-28D5E457099D4E80A6DE4D99EEA0C3C5;;
ES-3204955-39D747037C7C4B22A3D94CDC3E2CD8A3;;
ES-3200102-B17F965AF3DB4043970C591B218B64AE;;
ES-3204351-B89CBC30291A4857B231F1D8D6109CD7;;
ES-3202504-73D86B0C281B4D238782D341035C421E;;
ES-3200169-8AA9F0F1925C459A865FEBB2FE46CEDE;;
ES-3203403-D0976C4B83684D218B1AABD97FD378D1;;
ES-3203353-588D7244A55C46498E34BF82A11B4F18;;
ES-3201902-EA36960AB34547D4A0561364B7DFB73B;;
ES-3201704-9A52E43FA0C0447085E9DDE8D8E469D2;;
ES-3201902-22AC795026AA442785689F93C1AE5ED2;;
ES-3203403-D32C43DF78494454B64F5166D94E0A03;;
ES-3205150-72B4B24843354F4B8C0FE9BC0033DE51;;
ES-3204005-B5ED58D9AE274EEA9F36E44CB6CA98FD;;
ES-3203205-6B8C3B61956E443094974E9B47C810C7;;
ES-3205010-1E4040CCB7154A94A9E402B2B6430CB2;;
ES-3204302-0B067CE88BB046BEB2B363BB6FA1CFB6;;
ES-3200169-A3224A656BB84274A0A615C6DA0D5DFA;;
ES-3204559-682FC909231E4563946B152FC43B46B3;;
ES-3200508-6E33AEB85DA34C4BA549C6B07400977B;;
ES-3200102-58620DB85C7846469C0AD7E423956365;;
ES-3205176-88032B8229814DC782F80A076EF760D0;;
ES-3205101-29AA306B5AA145A4B582F509F892A1C0;;
ES-3202256-8EDD93C6659A40B3BAFF744DB921BB56;;
ES-3204708-4A6D5B8738214E3791E8C767A21ACC6C;;
ES-3205101-0880CB5F6F274843B6A0A98D4C4E1F29;;
ES-3202603-D56BEDBF0ECC410B871758FE2192551A;;
ES-3202652-8380E5EAEE1041B4A2AA45EE0A89EC8A;;
ES-3204807-2645A4C9121A4E008DD337B3943EC25A;;
ES-3204807-814817F9942B4D87ADE86ABF7C9A233E;;
ES-3204559-554558DF9C924A078C696AD0BA415E71;;
ES-3203163-14AC0EF7746B43539179CD8B0C8C9B36;;
ES-3204658-77C94B08F174411A84C4CB58D7D4E80E;;
ES-3203809-07DF091ED29D46B8BEA6DAE918336BD3;;
ES-3203130-23B11CBDB2A24789ABEA64AB33ECEB95;;
ES-3204609-4ECB65EFF8B14304940A197902652544;;
ES-3200904-AEF863D231C546DDB0B188345CA084F2;;
ES-3205101-B6D85EA5B2634B0DB399E630B0C42F43;;
ES-3204708-436D864CBEE9424EB6FA8908ABCD0FFA;;
ES-3203700-1862170F1E3745DB9578D00A14A5675B;;
ES-3203163-92D14FAE9B614A51A443D9B9BFADD24B;;
ES-3200102-95232E7301A34AA5AF6DFDBFD41599CA;;
ES-3202207-E7DEE5F39453425E8337D177038942F9;;
ES-3203700-11269DD90A6D43BAA32F0588D1E5DE88;;
ES-3201209-E3AC30594426472BA6BEE76F1BA97184;;
ES-3200607-33AC3CA7660B434282E001249D49314B;;
ES-3200169-C671806C0BEE494D834611B8D065159B;;
ES-3204104-0DB812F88437436A94294779B0FBFE8C;;
ES-3200102-694DE8F892D242F987AB7DD3CAB86F28;;
ES-3204351-AD819F4676EC4E81830C8B0D0EC0D551;;
ES-3201506-560D3C5E0FE2428A99FB9A0C4E47EDF3;;
ES-3203205-753D3A423EC04C83A9727DE36C274B38;;
ES-3205176-55FFBA36782D4A2DA4A1DE530746817C;;
ES-3203908-0C6C9DE994964B5888D95CC341FF8C4F;;
ES-3204906-92ED0B777822405F96C74AA6251CA23F;;
ES-3204658-E295732A5D3944778F2541D4EC288851;;
ES-3201159-B948E015D3A4475DA74181FEFCDA7B99;;
ES-3201308-6B73756F94A94528B9D9779DF19ACC61;;
ES-3201902-27A19156898A43C98F72BC8C2D1B4CB8;;
ES-3203205-F6E9116B16F348BBB56C1FACD378C7EE;;
ES-3202652-47CDA863EB584D7FA7C1E198C2171C40;;
ES-3205150-2E2C423115B74B1882C9FE5259D5E17A;;
ES-3201803-11276DB6BDBD4DFA8C0FC12079F55BDA;;
ES-3202256-789204C5E40A4E0B8F5AA1CEBA6025E5;;
ES-3203007-EB363488E2994EFE83CA2725C0BDA274;;
ES-3200359-639B7C4E35A4417CAE18D2F81C466146;;
ES-3202504-74E9E9BF32634A2EBD6270FB910BCC87;;
ES-3201902-1CF66E29016C4632BD2DC1227E9D54AD;;
ES-3204559-86937D88BAD740EBA7B2422837C10B8A;;
ES-3203908-5D5B7870B39C4AE698CD8F0D749E593D;;
ES-3204906-FF400BBA881543FE9D713025C3DCEA9E;;
ES-3204559-2D1D44F35D4A49D1BF48176460F1B850;;
ES-3204609-6E0E778BBBDD46DDA5B50905EFCF4C9C;;
ES-3201902-AB09B38763914CEEA1B2BF51E5D60D10;;
ES-3202900-198DC83EA2744292B12DA492F1BCEF32;;
ES-3203346-B0980E26C81641A0BA329DB789003D2B;;
ES-3203908-E2526EACB9654331B2DFFB4825CB8C93;;
ES-3205101-559B01CD32BC42CABE619C803977D3EB;;
ES-3200904-62AF72C596034EE19317AF3A8328DB51;;
ES-3204559-40EFF66BE7564E79951CEDFF95A5EBE0;;
ES-3204609-9C5F0647141D4D6DAED36E552C0EB527;;
ES-3203908-60D83EC933D0419E8F1915C2A17BB02A;;
ES-3205150-09062C3CCC0141159355A667F5845E7A;;
ES-3200201-41F1C870748C4BBBB471F02E9723EC2E;;
ES-3202207-5FAAEB760BBD4320BFBCC951AFB76078;;
ES-3204302-1D02C646CA9C4234831D2C1E2EFC6FEB;;
ES-3201902-071819CB06A442DEAB6F7FC701099D9A;;
ES-3205036-0844DE6D4E874A6BBC2996E22674AD7E;;
ES-3202454-2CB49CA825334CB0A4222A3208830DAF;;
ES-3200904-C734F4E6D4DF44CD850CF0EB990A4462;;
ES-3203908-5C895E826DCE40A58B301CE8B14F3B2F;;
ES-3203007-AC138C19695F46B7B17952EAB86AF51A;;
ES-3203809-E68C09267A594446B5B5E348F451C061;;
ES-3204351-0474AE262614402AB9A6D9AC80730362;;
ES-3201209-5DD3A13D8354454092679243BD7CC1AF;;
ES-3204658-6D11663B16844D03B8D373C8060412F7;;
ES-3202256-F692A880DF4341D88A6808CACD358ED4;;
ES-3204054-7CCC97E6ADA54580B86ED02E2FFC3BC3;;
ES-3203403-C7D3ED9A476D469E8986E7B9063E87A1;;
ES-3202207-BC2F43E358B241B296521A791377F369;;
ES-3202801-8D576D976BDD43B5A7BA06E60FAC02BB;;
ES-3203403-8C1FCA76D7894548AAA832F5BA1C0C64;;
ES-3202553-0C237847658E44C6A90F6B6A5131270B;;
ES-3202553-DAC3D0AE39FD4C31B423DC3E8DDE01C8;;
ES-3202801-0F386F0283B24F19AE0519549379DAF3;;
ES-3204559-5848C46DB53B46A38B137A4622E99046;;
ES-3204104-A4459160B02A49ACB1B785F5D639BB35;;
ES-3201902-44DA3D43A7AD404D9316680A8D541B0D;;
ES-3201803-9B0E460E1F9B4100A19C9E18DF1F4D03;;
ES-3203163-D28CE57B318D45E6BA8B841F668035D8;;
ES-3201308-315A1AD1EA484FB6BCEDDC3079480B05;;
ES-3202652-9485644CDDD243958C58FC0B8DB96102;;
ES-3204005-3E2163BEAE7A4DAB8C9C3996C4952417;;
ES-3201209-60C7E312864E4F908D3BFC43D6982F3B;;
ES-3201704-42D140493243447595686D9BAED216BB;;
ES-3200805-23967C5848334ED380DE5B07B75AAF8D;;
ES-3201704-34645F29C509410796792CE75FADBB16;;
ES-3202306-0C5447750BBD47AC8816ABC00EB232A6;;
ES-3200300-743DF0257A9A446E9BAF1D72CBE8B8A6;;
ES-3203056-FA027520B6C64EB7A9BA19707A691E59;;
ES-3203809-05997323A484480A91CD4B03E94D9490;;
ES-3204559-B916E4D8EF25403E94B9C1254E25C494;;
ES-3203320-C571659104F64BF88EE7A1B8E1BCCB46;;
ES-3204005-8497849E72D641C1A55563D633F21F67;;
ES-3203056-FBC6594DB7DA4FBE88B60B5B3CDAB8D0;;
ES-3204955-2C003995406047468A54A9C3E6D4AC68;;
ES-3205101-D5ADE6BC8A2E4736B1F3E4F398A43759;;
ES-3204500-9E1A052234F44B3B965140269EB29778;;
ES-3200300-8251466792D94AEBB99F8E2AB1BB53EB;;
ES-3200409-AC7C3146468247A5ADB5B1DE95904AAE;;
ES-3205200-F90F300E207249E587CFA0B7D0896EF1;;
ES-3202603-8806255E3E4B46459C49E23B16973AA5;;
ES-3200904-07BF4A78BA9E44AEB90754C9D920ADE9;;
ES-3200805-8400F77938EB4B4BAF52F0E719D9AC7E;;
ES-3204906-714E9CAD651A47F79930FAFCF5ECA38C;;
ES-3200102-0490A801A5C3405FBC64545E609E3219;;
ES-3201001-0996FD362D06441594230272E7B7CCB7;;
ES-3202454-E0978AB30EBB4E59BCF36BB22DE46F45;;
ES-3200805-6D2F671806CC40608825A36BFB2DCD4E;;
ES-3205176-D040E34AF1824534A47072FE7A40D1B3;;
ES-3203908-3BF9EF8E405542CCA066019BBC3DA22C;;
ES-3205010-B84B2FF5F1F345268C6E315DB27F2367;;
ES-3201159-DB0A2B36C1A24145B268EDF5EA8CFB33;;
ES-3202405-05BE0B78D4F24D2DB40628A66DA42A49;;
ES-3200607-B3FDB2FFC976405186A78AEE4982C8E5;;
ES-3200300-A3748C6138174DBDBA66E61D53C3C486;;
ES-3202801-1F6F1C5774814FD69A2AE649268B37B2;;
ES-3201902-1107D3A26D6246F0B9105DFC0FA649F0;;
ES-3201902-3C258338025645A1B856346BC07A0602;;
ES-3201209-0EC19A692369491F99C45B773BECAB36;;
ES-3200300-E86CF963D1984F2BA2574633CE733694;;
ES-3203163-B3FE14269A2E439A836872064B01612A;;
ES-3203056-4BCD5E1477BD41A3B377FECE88F4310F;;
ES-3200102-DE09FF58B859425CAF865A4FAFEBEF60;;
ES-3205150-DD378C0069EF449A9BB97B981DCF87A2;;
ES-3200607-25274780E3DF4A72853C560D5AC7C2B5;;
ES-3205176-7849C6D65113439D8CBF669806104CAC;;
ES-3201407-F71EF5853CF54518BD456803E1CC7617;;
ES-3203056-A75BB2C1CD5343D4BBB59F73C21C2D0E;;
ES-3204906-453E2C13C00B49E2967257BA7388E6D8;;
ES-3204500-4EFEE3AA5BF84BD0AABB69FF25FD4800;;
ES-3205176-E1C8993463D84551ABAEA67CC9E6426D;;
ES-3204609-38BC0304AD624233AFE1AFF72DB25607;;
ES-3200102-1789ACAD9993409BADA23D3A1498E474;;
ES-3204104-91EE195E4F8B43798DC0F858E228CC0C;;
ES-3204559-449371EFDAEA4DDA9738976337A8514D;;
ES-3204302-2674604E1ED949CCAC87EB00EFB14104;;
ES-3204559-64C8E4B2DE3E47E18B95E2353C3E0668;;
ES-3201902-DCF2ABCB58074AA0A21E6E73D08129ED;;
ES-3200706-057655D179B745028B963B70311EE47E;;
ES-3203320-CADCCF3E54304E63BC1B4958BF34CC9D;;
ES-3204005-96D25F058398468AB22DDB5469DDE7D7;;
ES-3202900-3398225AA38D4EB899B03EBEDC3B4899;;
ES-3200508-936E1EA3A2D34E848D1AB1935A0213F0;;
ES-3203205-84921866441443D886A4FEBB995F2F17;;
ES-3203205-2419671380C7412092493229EC2593B2;;
ES-3204005-670753E74E5F43789D728C72538D63EA;;
ES-3203056-415DC10A4A9249D9B22B4C7A4AC88822;;
ES-3200805-3AEA51F219B643D7BB8A36457EBF050F;;
ES-3204351-B36AA0AA53DF4BCAA7A2A176B69F6397;;
ES-3205002-F32ACA5512C04A028D8AC426442FE7E2;;
ES-3203502-3591D1E318E445C892526D2A3C286D2A;;
ES-3205002-B292E2C19425429DB4EB367EB8035F62;;
ES-3202256-5077F981A74A41C89E756C44EED131C5;;
ES-3203403-5B9DEA4B8CFF4423834A81E3CC475C78;;
ES-3200409-DCD8668B942542B88C8576DEAF818CFC;;
ES-3200706-AFCFB937AF56481693ADDE1135A7C0E2;;
ES-3203403-485CB938E1DA46CBB52F945BFD3460B4;;
ES-3205002-6EF2C9FA60AD47E5BEF03051E779A0F6;;
ES-3200300-215CE66D66F0471EBA95D4364D0A4157;;
ES-3201407-4751AE1B43884D9785B45CF62457A450;;
ES-3203908-130210A254474AF5BAAFC4474BBE7FA5;;
ES-3204708-5D9BAAB7A0704712BC95DCEE79A3E394;;
ES-3203106-CB765DFB8ECA4C27917F7CCD8B79E0A9;;
ES-3204351-7B5719CEA4574DC59B351837C1FD6E28;;
ES-3204955-89F3C08D6C8B4773ABC0A543D9F566FC;;
ES-3201506-22636CDC37A447B2856923C57160629A;;
ES-3204500-3B64856CB9284C8582B45353B0616CAE;;
ES-3200102-9A0B573D2CB949319FE658592BBA4F5B;;
ES-3200904-875917577A0745AF8155D2EB6008AA9F;;
ES-3200805-B046A32C3F404508B4EEE71F29A91ECA;;
ES-3201407-D027ABE525FC4BC1BC3697013F4B23C1;;
ES-3204500-EA88984A9448464FAEED260CCB29CE31;;
ES-3202405-FF1A9B6B23D643C0950BE5BA3E28D913;;
ES-3203502-C93C7BBE35684A6CAEC2F0C9AE94AA1F;;
ES-3201902-8C295235A63D4EB78487CA6C378DF570;;
ES-3200409-B5C304713F22492E9A6EB3415EF396AA;;
ES-3203007-F250E3A3B01A4A4AA8CC81C681E8E7B4;;
ES-3203130-BC5196E13B3B4BD6AA9EF08428CF151C;;
ES-3200102-F482384244F6407481EF3CE374791329;;
ES-3204708-38B233A8C1B14A4885A3512263E8EDBA;;
ES-3204351-CE2B49FDADD548DDA52D8EAF81314009;;
ES-3204906-1372659D64644744B2B6503A8BDAB038;;
ES-3203403-84CC231BBF5942BFAB07408E37326188;;
ES-3205069-552300355AC64D56B24104D1080DE663;;
ES-3201902-A6884186E39A4B95AAA78F3B7E1F0F91;;
ES-3204351-2982634035BF468E9130AE2568672B7C;;
ES-3205176-92ED17AD5A484EF891A3F9EF59CC179A;;
ES-3201159-CD6ADCC82EF840118E8108AFECF87624;;
ES-3201902-CD2B03D0CBC3426DB86FBA69D979F15D;;
ES-3204559-015F523972A1417FBC462986AC91C62F;;
ES-3201506-E6768B03534C4F399C789B9038B10715;;
ES-3201902-1C64989EB3124FEF89193A0283A91DDA;;
ES-3200201-D2D0E57F80D0465794AA3F30820CFEAE;;
ES-3201506-3E38D276AA1D47B7818C878405FFF5B7;;
ES-3204104-114159CEA2434103834290ED46F3D207;;
ES-3204906-6BABF40D45094A5891334F60B8C85306;;
ES-3204906-C0077480BE0C45FC8974C1CEE942D502;;
ES-3205176-591F335329974C75A02EFD3A01606002;;
ES-3204609-31AAB845A15546D4AB3EB1998B9F0479;;
ES-3205176-8B4F966235724C01B9A3EBF296609DA9;;
ES-3205176-60B85B6CC49D44FAAB8E09783A104F3B;;
ES-3201902-3005ABD7CA4B4EF5B6407FF9D7688228;;
ES-3203007-D1FD3BC6A1CC419DBF09C498F9624D83;;
ES-3205101-DFB10FCA7B8943CB865996F6D88C8C60;;
ES-3203908-BE8DB9F16A674206A5F25859DE8F2D04;;
ES-3204500-889EB6257E9D46C29DCDE1C8C703668E;;
ES-3204559-C746857D1F714B1F952AF92ED243A374;;
ES-3203056-A8CB308DDFD24A85A92365DDE2CAA2AD;;
ES-3204559-6BC4F38D3B274A208DC8D0A5F895B43C;;
ES-3202603-E36342BCBC75452794D0D7B540539478;;
ES-3201407-9F3F931BD3FA451CADD9FCC2576EEF27;;
ES-3204906-4AFF87CFE0DB46249D933EC0AB3E0E0C;;
ES-3202801-0006C1CEF1B144BC9B786E8851D7BA5D;;
ES-3203700-7B0FCF88A5F64AADB0305F80FE2B95BF;;
ES-3203205-39CADF530154468492B55F03EE4134F7;;
ES-3201506-D02266FD06CB47C291C1DD8D4F599530;;
ES-3200607-377FD21C4CC640CE9C25521E86118436;;
ES-3201407-8BEEEB6074D84C71BA24D7F66D987ECD;;
ES-3204054-0DA241CC7C614F4DBCFD2705F4A6D7D5;;
ES-3200300-8F5B938A8B0D4A9CAF051C5028E90FFB;;
ES-3202256-636AF4DEF86A489A927E23773DA3CC18;;
ES-3205002-738F02C2B3094656AF482C2EC194E275;;
ES-3200169-4C255D94A87E459AA5134BC5AF96973F;;
ES-3200201-1A779AC21E1E41AF8756BFB81D2087B0;;
ES-3202652-419E5D4E91A944A3BD4E579D2BEFC90A;;
ES-3200201-B13A379525EA4A77B5E836861666178B;;
ES-3204559-BAD6AFF0794A4F299EA42DF00E3EECCC;;
ES-3200201-4DFD6C611CF8471384E2C18D05B82132;;
ES-3203007-C7365DB7870845729A56213C3216A0F6;;
ES-3202454-B5F7641B89474D93938AB063867E3209;;
ES-3204302-92FEBF08EE3B4C36A4792F5FDA51FB68;;
ES-3205002-16706710EE224918A80F94F0FBE77F35;;
ES-3204559-0AA2690E9A974B248E6244143C0E5664;;
ES-3205069-0B9705B67EEA4EA898E959EC2F70EDBE;;
ES-3204104-B4B1AFCD1BAA4CABAA25113A05B3584F;;
ES-3203346-7C153EA55E5A4115AAE891010C654433;;
ES-3203130-591D8B455E3A44D0ADD39477214745CA;;
ES-3204609-07BDD4BE55F049EEA9235A1C155E4582;;
ES-3201407-F643704E61524EBABCA189DB564744A9;;
ES-3200102-4D34C8DC95C8471BAC1E8F21BDCA8A7E;;
ES-3202009-B194028DCF2E4CEBB0191B93AC1F4DB3;;
ES-3204906-8C98B6E023064382983B0B04097DED36;;
ES-3204559-52A77A9979DA4E81A3050A0F4DC9FE76;;
ES-3203403-DD6FDEA119B2459F91078C62B60F4DF1;;
ES-3203353-FED5FE93EF4F41BAA98EBC242BEA3ABE;;
ES-3202306-B6D18CD2F5BF45D58465C4A630F5A91A;;
ES-3200300-8EA87B73970F478D96F133406C695EA2;;
ES-3203205-26479D5C55A74009B7E457EA55522B52;;
ES-3201407-EECB30B99CEC4313B420FA35B65BA0EB;;
ES-3204302-285BFD5B35A641A7BD055DE0246EF345;;
ES-3202207-03BF79BD776A4C8AB85A4351A59D944B;;
ES-3200201-9E2E47D4A88D4EA0B5B3C97EC795CA6E;;
ES-3202256-4BAB4D871EBE462B89ABB47C1227C843;;
ES-3203007-3658D2D8F2A345EAAA92DC03C7F23087;;
ES-3204955-E3E4CE15B4BE4C57AA0A0319C524E220;;
ES-3200136-67C508E7BA864E9B9EE1D06EA06999DA;;
ES-3201902-70B7A8773E404DA4B745962D3A548CD4;;
ES-3200904-C823B8623FE74EA2AEAC0CD9931897DD;;
ES-3205101-8AF1148B14C8459AB6A8E86FD4BEA3A1;;
ES-3201209-F2B797C26F8D42B79633E1E6EB311FBD;;
ES-3200102-483C0108811C4FCD91BF3A654C0BE073;;
ES-3200201-EF7A298BCDAE431882924F6388AE9DFC;;
ES-3200904-49A346276DF74C3CAEB17AE1BB0DB329;;
ES-3204658-D049DEE76A6D499F9B7C3DCDC49887A1;;
ES-3202405-CD25BA06228E4BA2BC9ECEF8B5E41908;;
ES-3202454-474063AB259847B4BB4C433DD2239850;;
ES-3201902-1D852B29E32C4E59AFE86338698A4585;;
ES-3204203-2BE6485C9CF54ACA880BA4D80D2E40F5;;
ES-3204500-27A8C7E2CAC342218800EA7CC363B583;;
ES-3202553-73DA845185FC486C98FD506691F1BB7E;;
ES-3203403-8EFD33A9345945A7A82283A92436E1F1;;
ES-3204104-9A6C8264155144A2BF3ECEF8595D8E69;;
ES-3203056-25D3FE9D18184558AA61CAD02129998C;;
ES-3202553-D8A6FA94720E4F72BE1C6A5EC0774F11;;
ES-3204302-5E4903A5F5FE46D4A692772ED6C8B848;;
ES-3200136-CD48EB88867A4E8EB8DF52B4FAFB61A9;;
ES-3202207-761D9382298749BBA12C64C86C753CAE;;
ES-3203908-653843B00DB140EFB229B2FD9591A1A9;;
ES-3202652-91263F46153C40178F652B5EB069C0C4;;
ES-3200169-02945BA91DC843CE95975EB7DF3C71DF;;
ES-3205176-C724782CB3CA4F6E819774B890BDED66;;
ES-3204351-2F2A5607235641EFA1C6C314BCBC8BF9;;
ES-3200904-F1570879ACAB43DCAD4B23BCA2FF272D;;
ES-3203700-E2EAC936C0A844D7B546A80F909E7A2A;;
ES-3205176-80E6D0B943064FF7BD164868925D962B;;
ES-3203106-0A1B63EB32CF4626B983AE3B72F85D17;;
ES-3201407-1BA2580676E64E83A86F315DACD6665C;;
ES-3201407-30B4B3A5C6D14EF69B6824E14510BA6C;;
ES-3202009-198B5C8AEB9F4A16B1075CF01BD4FB99;;
ES-3205101-660F2FFE3614489CA8BFF9F0DA97E870;;
ES-3201704-210E8961E5674715B73A714E9723FDBD;;
ES-3200904-77A9B1AE242E49F3B915C52CB1B63ED5;;
ES-3205069-D03F93B1E46A4952A4E553FAE5FC9BAD;;
ES-3204955-6F454B2A295C4B05B069B0AA35CE79AE;;
ES-3204351-D376E6FAC17541AD924344A6FCD81205;;
ES-3204609-5746BCD383B5455CBF5E99890C463F39;;
ES-3202207-ABF5B95209D54C83937B5BD063B40447;;
ES-3203502-2F108247B4A54C9C9CE1FDB1E6333542;;
ES-3202256-1D0274D03CCC40C2AD9FC82F7E7AD972;;
ES-3201407-0D44A2EBD52D444AAD46042D815F1E99;;
ES-3201001-C291B30ED0B34DBDB2EED96DB4E4DEC3;;
ES-3201605-AB7B3B7F183E47758A241072CCB214F4;;
ES-3203205-E777AA380DAA496097CFE1C85E39A915;;
ES-3200201-764F19BA5661449C83DC712F91A7F6CA;;
ES-3200300-678CA978C9F049BDA5965C20AEB4BC0C;;
ES-3204708-2673CDC2C9724566BE79F7CE9DA462D8;;
ES-3204500-BCFB7E4C9763495C8C68E99B8CEC97EE;;
ES-3202108-BF14DF58B1274B72A0A6F17A618E58A7;;
ES-3204658-C902F7C0CE0C44FB88EFA9952783F9E6;;
ES-3202108-33E8E5C7BDB0425C9570935052A74C08;;
ES-3201902-7B9D175B184045D59508097FD0E7AED4;;
ES-3202900-705961420D7A49579A5CCEB3D1E9881A;;
ES-3201407-F91DC59B5A79451D928E722409D58924;;
ES-3200169-70753A0E20194872A32FAEDB56928247;;
ES-3204302-992EE01915484F07AAA81F9F5D6EE593;;
ES-3204906-6414FF6D2A384C65AB2A38314FBBE1D5;;
ES-3203320-BA6A3EBFA0DA4E92BB9C8FE4CC01FC7D;;
ES-3203908-9C617269FB4645CC9F9D0140F85BE7C0;;
ES-3204609-C7233CC4DF384DCB9DE5FF616DC36D7C;;
ES-3201902-EE37674EC48A4424B7E1209F01872080;;
ES-3202207-1905560F7A8F4B34BD416909A48E3BB0;;
ES-3203353-24161AD80CA747D9858A9300AD2DC6CF;;
ES-3205176-702C3A21FD8943529A1EABF3E39708D1;;
ES-3204500-33F1F3970B5A4C09ACAFEEAE5B90D4CF;;
ES-3203908-B9FFFA46073841D6B3C616DFF07351D6;;
ES-3201209-B4470D6454DE4F4EB6D78A99A184A507;;
ES-3202652-D3A4381778D741BCAEBFF82BB3FE1648;;
ES-3205200-292F9D05104445B29EAC48B35316F953;;
ES-3200201-274C27F6E7294E89A8C5AD8F9F592EA8;;
ES-3204906-4F608AE4550149639751E4C22770D787;;
ES-3200300-E9FAD1BDE8F442C09937B05EF2447A37;;
ES-3203205-97E14651D9AA46FD90E6B997E069830D;;
ES-3204906-9E4D0C3CA470421FB9619F84BBDF531C;;
ES-3200300-2C8465E3EC844FAE83995445B5203158;;
ES-3201407-BA46398C621144ED804F834C51493AED;;
ES-3201506-5D6F0FFDCD1E44B0B80E7C156B82708E;;
ES-3200136-9F0A13A6799F4C989D7488C5B5ACABCD;;
ES-3202306-F37EBEE0A0E84F41905FDEFDFDDA2636;;
ES-3202405-3B28A16F93024638B9486BCAFFFE0920;;
ES-3203304-AFC149C0943E41DF936B49A549691925;;
ES-3205150-CD9D3F7AF3274EC5A0C05E1702E0E7FF;;
ES-3204609-FDF822829FC84744BA85DF7E30F19B10;;
ES-3200359-6983943D8FA04342A812C33715C1CA78;;
ES-3202405-4ECB0187D110479CA72C9B26FD4B9700;;
ES-3201902-2B16E19C8C74468587A3F6A8C3DF067C;;
ES-3202405-1C6E66F7D8F9417D9DF84E5825B85E33;;
ES-3202306-9652071542C14E1584D6191CDDFC6587;;
ES-3203304-C6A031DE8C0B4E97B316B6AD8F4C6469;;
ES-3201159-C1438B59D4674BDDAB0B313C28B6C650;;
ES-3201209-37A8C646C9344C56A87D3ED3DA1B26B6;;
ES-3202306-7D9A262B49964C5B86E9139502B8873E;;
ES-3203304-8EBF1F239485474FAA15BEE4FB7B090C;;
ES-3202702-1AD5A36B35A54628BF9DCEE51D627FDA;;
ES-3204559-A446F3AB50DD47CB9011AA7F39CAFD65;;
ES-3204500-15318E0F72B64B159A8A832340913B64;;
ES-3201506-0AE950861F7643BCB092AA75D1AB17C1;;
ES-3201902-5794829DBABE422DBCBE0E9ADFE17CF9;;
ES-3202207-6E3D0D7C8CC441BF9E19EF3DF4AA1ABC;;
ES-3202306-6D9048DC177844FA80182ED95A12B887;;
ES-3200805-CC75F018332D46E398A7EB3E777E24D6;;
ES-3202207-9EDAF6EB9A2D4E518040B8E1890E2C89;;
ES-3200904-EF9C9DA5E1DF4F279AF205E4A06675A1;;
ES-3200300-23585A233126455FBB8CC736B040E96D;;
ES-3200300-BF680AA959E94CBDBF2298D5A4A98C0E;;
ES-3202108-EABCF0A70A7346C38E59899FAD5CC5B8;;
ES-3204500-A3615635600642F6892CD2514449FFB9;;
ES-3204609-75DAF69BB7B74C7991CA790847BE89B1;;
ES-3203809-986AF9BB4B264260B5D5774AFD3CC9EE;;
ES-3201704-20BB3F47BF8F4CC6A0B8B35644DFE763;;
ES-3205101-CC0E0378A8EC43799CB65C7F1B239DDA;;
ES-3203403-A07C379C75C647B687A08E2924E44391;;
ES-3200904-64AF2232272649A28F3A166BD524A370;;
ES-3204401-1A2D7E7740E04D168D3C663E8FD24528;;
ES-3201506-AD457513603E490799211F13C7D51261;;
ES-3202306-1AE51904802149CF912762517F28320D;;
ES-3205036-C2547032131A4FE7B03AE2EFD4E0C936;;
ES-3202652-5AF916FE7E934B94ACC0F08B14091195;;
ES-3203320-96E26867581E4052A883C6DD074CD98F;;
ES-3205101-501519F6CDE74485B58C7495C11C1431;;
ES-3204708-81C2CF65F210420387CE59FA0B828A1C;;
ES-3204559-BF4A3775CA614D548DAB3EEA6F1501A3;;
ES-3201308-3FC95FC9848A4840BD9B09748F1B205F;;
ES-3204401-64D820F883AE4D0A9DF18EFDBA4C744F;;
ES-3201407-0CF2F97F68084AD1B19323763DEBA9B5;;
ES-3202652-E82ACD2BB6C941CDB06949486E2B3381;;
ES-3201506-FA6F76ABC6744667BC5F88E1B156F81A;;
ES-3205002-8E1CD2206E9A400D8F8E36F9204AACA7;;
ES-3204559-0C2AB8CCDE5A4A2D928875294D0949E3;;
ES-3203130-73C3BCCFA7D24B99A865B6714CB39E85;;
ES-3203205-A55D242014924A35A3CCE3580A7AE311;;
ES-3201506-DE0A1F23002A42EC9458ED0899F55E35;;
ES-3204708-7194FD1D14F54F78B5DD204FFBE9CED3;;
ES-3204906-9A613291FC804FEE9AD060EF67478AD6;;
ES-3203700-E67BA43ABB694029AE03516393AC88E0;;
ES-3200805-887C708DCAF1418383A55F864EBEE6C1;;
ES-3203205-6FCCB24395B546D88A2F31ABB9C532F9;;
ES-3201308-D8C856E8603F43AAA4DF4C07F42D5679;;
ES-3202207-72D3580E3CF44BF4A010BDD99085DF5A;;
ES-3201209-C337E84F30C14FEFBA6856FC5AC038AC;;
ES-3203007-1C49A2C4BBEB4DC7B7ABAC57C5BBC728;;
ES-3201407-5B1439CDF49A4FAFAA1EAAEF54AC7AC7;;
ES-3200201-CE9AF66474DD48AFBDEAE8D617553925;;
ES-3200201-4EE09634A7404D3A93E7A19CDA11F377;;
ES-3202009-B1773F09A48D41CCBBEBED93A3B6C479;;
ES-3203700-743A141BDA944198A5654A3D8AED3DE4;;
ES-3203403-5774D225D3F74F2CB8B123F39C8DC009;;
ES-3201902-538F6BF2BEB6419DAE92C6E334FF8157;;
ES-3202108-6DEBF87BB2F74C72804107BC0A06F7C1;;
ES-3204559-E2380C09B2BD4FF3948BE01D8163A45E;;
ES-3204559-826221F4277346D6BED546B8683944A8;;
ES-3203403-F74FCE4A51424ED9A88E217DA1447E19;;
ES-3203346-0031CBDB09244995B2EFD7FBEB82177B;;
ES-3203908-D1D4A34BEF8C4601A11713B82D96773C;;
ES-3204302-6425BA0C448247928E41741D84FDC9F6;;
ES-3203130-CA30182C27004542A1C845181AAA0E26;;
ES-3204807-8670EABEF0E840AF91D894633B2229B1;;
ES-3202603-515E8A47900A4E0DAF6CDC504B334511;;
ES-3203353-20ACBEEEF7DE45BAB2E4D293388F7C04;;
ES-3204104-9C7DD06E07EC4C2BB017B2483AACEBD3;;
ES-3204401-9B2399274BD946C0BFDC0A31ABC1AB59;;
ES-3204005-5BBD21847CA84EC68403722FF68EE2D1;;
ES-3204559-FEF61F9B192E47ACA140F969AB3B0DEB;;
ES-3204500-C046F2FB00E6458DA20FB7B51AD4A402;;
ES-3202207-A5F1BEE08988488C93FC295EB8841CAA;;
ES-3203205-2B693251CF91413B8A0EE0DFB6714643;;
ES-3204005-A173BAB85F2D4DDB88997E938395D4E0;;
ES-3200300-03E3625FA4354E879B78403AB6F0FEDF;;
ES-3203601-7C13A9FF34764F678FE0039400E5E0AC;;
ES-3203056-507DB01B0A7D47A3BE3C02131CF67A67;;
ES-3205069-B114A934A8584E309CA5973FFB8315D5;;
ES-3204708-A27963325E0B4C7CA52C62EF059C25A3;;
ES-3205010-0682393D529645139283A9A193F82720;;
ES-3203403-CED445020FCA41F7AD8686411E34DCE2;;
ES-3202652-5AB84F08B6E4483185411B9F36E0A90D;;
ES-3204658-CD31BE94B0804B808D27B173D93D7ADA;;
ES-3203403-1878BC3E9C7D497185FFE85F9C410E64;;
ES-3203007-1AFC7DB42B0E48E4A2456EC9F010C3FD;;
ES-3201902-A76FB80E12AC486DB2D6EA995B9F028B;;
ES-3203007-6A8891F90B3D4FE3AF3C56BEC54079B8;;
ES-3200607-F8CF76EE0D3649AEB77655AB8928EB16;;
ES-3201308-7A26DB47CE1544779B06A7488351B68B;;
ES-3204500-D9486C9B7F0B4DCC93B3224EF65C84A3;;
ES-3200706-49C6734AFC0A45C1B3A6E250B9060271;;
ES-3201001-0777242A710B4C52A39983EDFD6CF4FC;;
ES-3204559-CE88F71E982046C3A130C4DBB054D13A;;
ES-3205101-C3B28C6BF87F42EEAA9C8EBF0AEEA1E8;;
ES-3200706-54489904DEC1455C8B5F26DA02AD26A2;;
ES-3202009-DDA6E5A2F4E4454CA9411BB81977F670;;
ES-3203205-34A4500D3AD7465F8E60E4A7A536F1EF;;
ES-3204609-2D5B0BE12F3243008510AFB4CEBCC770;;
ES-3204302-1B148F65C59D489DB3F8169FB85645DA;;
ES-3204054-E3E59A00F73F4A1BAFD4B8DABA77CFAE;;
ES-3205150-B719AA48B0494366B6B0C4CD9965F48D;;
ES-3203056-FA579AF4C16145FFA151E8ABE7523B67;;
ES-3202207-975E788668B749639D85B2FB1B52826F;;
ES-3205069-547731252FDC4DF583A97EF0965B102D;;
ES-3201902-2BE6E60038C8438298A04E33A920522E;;
ES-3203130-3230417DCD144367AF520F7D1A5FE02E;;
ES-3203601-633C63F9E825495188897D9BCBDE294E;;
ES-3200300-59413C70DA3645ADB4AA55F79CDBCA93;;
ES-3202454-0FEEC806865545B6AC585A3525A5143C;;
ES-3200102-EDA33DC5FDF548DE950C0D1D16FF2B98;;
ES-3202108-B0A2BDABEBBA45AA94F11953C1B49093;;
ES-3204609-16AA487AB8384DDDB041C32247D5B306;;
ES-3202900-C72C4C0610A445048ACE494138387D2E;;
ES-3202405-CD2336A7654E4D4AAAD70B1357290703;;
ES-3202900-748B1AC2394D453388AFC99D933AB451;;
ES-3202108-240DC9B3E06745BAB0C22D152D4D55C2;;
ES-3204955-022409DC2CB64A19B60A43E6D119061B;;
ES-3200201-622FC9110FCD43AB997522F8DEB4FABE;;
ES-3201159-C60C1D8A5167487CA235645F932BEBA2;;
ES-3205150-9FE2DDDEAB6C4FDE9CFE8D55D8693B34;;
ES-3204054-2102EA64CF934065944B21E6EDB0D2B4;;
ES-3204609-9E85E7129ADD411A824D0BFB620D7152;;
ES-3203205-11E7C3A225F648179269D90E3F9056D6;;
ES-3201506-D9E2C513B3F249F58BB8B97B9251306C;;
ES-3200169-3E32B15E2500412A82319C1AF1B1DA7B;;
ES-3202801-FE5827B0FBB94A35ADFAB23DB28F548E;;
ES-3203700-3B2D3B87E7C44FB1951DB5772F5C9716;;
ES-3202207-B673B809EE054C9B96C086DD87F1D52F;;
ES-3201159-6401FF8E23724D20B8BBB15EB1EEDD6E;;
ES-3201704-2F2F2658F9CB47EABFFA404CBF846FA2;;
ES-3202207-4DD23FBC4F2A4446B8FD67235EA348ED;;
ES-3203205-FDAA9AFA469E4E78A25DE84A8BCFAC20;;
ES-3200805-415A639B997348C299CF62D7218B858D;;
ES-3201159-2A6DFCD8F1DD4D09B0F6FEE376BE7774;;
ES-3202009-DB59EB1934014B39B80340E12947CA38;;
ES-3203403-561EE7A5F8584C20B0538C9156236C28;;
ES-3201159-EBF346342DC147A787747B2F456817DE;;
ES-3204005-4467B9EA633B435B87E17BD7A72E989B;;
ES-3203502-AF816BCA041A45B1809B42686032C927;;
ES-3201704-81447371A2C747C5ACACFDFDE3062CAF;;
ES-3201506-3BD8A6FB961F4F40BF131F851E21CF18;;
ES-3202405-70B7D9EBFEFE4640BCD0F12155F1651F;;
ES-3204609-628871380DFD46D68F32092767BD00D0;;
ES-3201902-0B498A71CF424D66996DB6B3262AB631;;
ES-3200359-92A478683D8E4C0F8B77E120D4347668;;
ES-3205176-69FE8CAD98544FC1B336D53031234E08;;
ES-3204351-E4D42418D17A40D48B718868794C01DE;;
ES-3201506-4934AD6B935448D2917D73247B5DC6BC;;
ES-3203304-C1E46BAF6CBB4B4FA74CAB72AD78A320;;
ES-3201159-58FDE62DCC9D4015943374409594712B;;
ES-3202207-61841912782F4C4E93930DF94DFB9675;;
ES-3202553-63182428B0654816835A5BB6D6023715;;
ES-3203346-803445ED06814D9E98F52AAB2398256F;;
ES-3204351-96B2BC37BCF84E27A9F28520476094FC;;
ES-3200201-3D9E097A5AF84275A7EFAFE2ED45C56C;;
ES-3202454-4223C8D4FB4F4860A47DDD49A3968639;;
ES-3200607-C89ECEA1F6DA4F1DAE6EFF2728BDD062;;
ES-3201159-9DB70FD029BA4F7BB9AE28374DBE0BAF;;
ES-3204302-F12759AF1CA545C88FFFB9B38A287575;;
ES-3200300-F19C79B6286846DBAE67A9DC597D001D;;
ES-3201209-771F0872E0EF4C41A62A41A5B93E0B6B;;
ES-3201506-9D45E253F5104D9FB62133A0445DF176;;
ES-3201902-C59B3BC708304C54ADEFDBF1C02C3DE0;;
ES-3202405-7760E457DF13417DB4A49CA66E7BB668;;
ES-3203007-F3BBEC8AA9B54E44B71E6C7B88369B5D;;
ES-3201506-24157DE23D204201A0701532E1C77FEC;;
ES-3200169-7B70D4FDF2AE4E9AA6E4960E41CD3747;;
ES-3203205-E5948B05194446FE978AA41AA412F691;;
ES-3201902-9B8F0E0E6F16461EA1F92BA2C3551BD8;;
ES-3200904-FE41DD2D2E3F42B3985C63E90CD76A9C;;
ES-3205036-A1A55A557C4B4E5DBDDA1A5868CE5EEF;;
ES-3203007-63EC6B9A959F4C0580D749C61E0E7139;;
ES-3205036-E702B274E87642F0ABD2D282B21900FA;;
ES-3200706-AD93F42A38BF4C9C9F8B49F5F691B249;;
ES-3203809-DF33DF47B3C5481BA441025E82F44EB6;;
ES-3204104-969D616C4C84476FAD4155086C33B1AE;;
ES-3202306-51FAC46EC0D84DC69F4168D7B52DD423;;
ES-3202405-E82FB835956248FD80E0DB2CD54CB2B1;;
ES-3204906-47C230B1C8B34C8A9DEDA070FC7A5705;;
ES-3203353-46F3B0FAD5B14FF8B54DDF8D48469DBA;;
ES-3204559-DA08DF2205AC4FEA8C642FC641E4C96B;;
ES-3202553-1B7972B9D7A843E996DBEB31056B9B73;;
ES-3202405-FE157A82FED4443C817123E737BF8764;;
ES-3203205-1DF6B83255F14CDFB4374C4E926ECBC9;;
ES-3204500-9C5086A28C5A4330B679E22BD8FAB0A2;;
ES-3203908-34966FC5DEF446F9BD1C43C70D08C941;;
ES-3204559-1C4D510FD5B544A2A10155C834062346;;
ES-3204500-8ACFFCAB75624551BE09A221AB83A736;;
ES-3200300-2BD9B9CF956D4EE2A79F4C64ACD87D13;;
ES-3202207-3B679ED540F344E9A8A36C5D63559B61;;
ES-3201902-B145D1ED95D64F56BAFA175C954CDA5D;;
ES-3200300-F102932CE696400BBB8A522FD64FA58A;;
ES-3201506-1ACFFA6C83B34D808899209285D424C3;;
ES-3203007-2E08178E73F149CDB7F115894AD3678E;;
ES-3205176-5E2E4CD822B940B2869DE64492118905;;
ES-3201902-8E45CEDA2C39491D93CFF24C21CABABB;;
ES-3204955-90D6C85AC0C84880ABD284645376A168;;
ES-3204609-C6FCBFB6050F49A0BED0E38C2EFA3B6A;;
ES-3202009-D866E09A635C42138E020B8DF603DB0C;;
ES-3201506-E87739A995F941A6B78D7A3C9CDC9577;;
ES-3204708-9F68E1D040B6492C8ACF4E6A6C5A383F;;
ES-3200201-AB2F259424F64CBE97B2DF4CDA20CF64;;
ES-3204906-73B1DCD1CB52410CAFD024333B771314;;
ES-3204609-036089460D904E5885958B75A6A81CDF;;
ES-3204500-6D95E2C4308C4B8694AEDA498C85E603;;
ES-3201902-91130A5FC7B44046AE6043358E7C19EF;;
ES-3203353-66411BF96F834E5884B25C8926910B8C;;
ES-3203163-E04AF7F5F729493493A5BD6BDE3CD6B1;;
ES-3204658-50E2B96F508C4A1D8AF9FED4AD96A0E2;;
ES-3200169-A3CB4573C5FC4E40B5D581CF8F27D870;;
ES-3203908-19F741C4129D47ACA03018905E6A5042;;
ES-3205150-51FE9DC59E54465086D7C70C28DEE7ED;;
ES-3200300-F38FF99A72F84AE2BA15539CB6467975;;
ES-3203163-2C9059D7C2A24A41966F01A4B0ACD818;;
ES-3203403-92758C1764604E3E8380116A5E66F406;;
ES-3204906-2A52E7DC6C6847F38C98073C1DBCDDC3;;
ES-3202405-931A93BC7B9F475DA805797FB2534B9A;;
ES-3204708-66FBA67207C54432BE8C1BE2BE522F9E;;
ES-3204906-E972EA1304E64EE5BE036D7412DCDC8E;;
ES-3202108-07ABC78FFEEC40159A9AD95BC733F405;;
ES-3204500-D90FAFC536A14C88A0C943EAAF20806B;;
ES-3200102-0B1F6A05101249FFB6A21B063BF8001F;;
ES-3202603-6E566893481D466182BE4DE1A48F9D7B;;
ES-3205002-BFD6B059345C44A1AF9F0ED5397CF23E;;
ES-3204906-D169174649BF49F99BDACFC2E446A547;;
ES-3203163-B2FE6DC580EB4CF2B5B95C060F67DBEE;;
ES-3204500-451FF643E3804464A1D0B6CA6AC0D2EF;;
ES-3200706-751705041F53410FA49F2CB88E03215E;;
ES-3201308-BB1EAD8BA0184DC497A708646BFAC96C;;
ES-3200508-0C9087CD059149D09667045856882A49;;
ES-3203163-1F67B433785D46C89F4E3DCFB512D7A3;;
ES-3202256-1D51BB96E46A4E6CA5FD729FD65857F9;;
ES-3203908-9D2A2B560E6D4642A6210FF0FB631F1A;;
ES-3203346-D56675BDC38242FBBBACF672A7B5277C;;
ES-3202405-E6214535899A4B1E8316D026185CACD8;;
ES-3200300-6D9D5B01DA3846D9B90000DD45D1371C;;
ES-3202256-A1BA4C1547CD4D748986490697813F1F;;
ES-3202603-3963428B15994D8689C77E4B75348915;;
ES-3200300-F3785C4ECEE543E3ABBA6BC81CA8D7BF;;
ES-3202108-8917C26A22F048B1B89C2994BB89DAD4;;
ES-3200359-D34DD6F0616A47CC9A8682BA014C7B2A;;
ES-3200607-8DFFF26C98054858916F12530B96CA7A;;
ES-3203007-31598B308E8C47DDACFBE51810B086A5;;
ES-3200904-067A3BE67CE64D54B2DDA6AC270F5C3E;;
ES-3201159-4AA7D4AD660A411CAB89D84FFCE5D35C;;
ES-3200169-889FFF7911A442F68B898EB2BBE39EC2;;
ES-3204302-83ADA9E340D244269F3AD36462C4A620;;
ES-3204906-85031AA739594BA38561F11C3C671A4D;;
ES-3203163-58D184D4957B4D5B90BF12ED920C038B;;
ES-3204708-CC59C3F5A1804F3B9AA82C5003652FDD;;
ES-3202207-541770B947E34872998A4BA3FDC32E21;;
ES-3203304-DE1048EC791847ECBA8283E139E7202D;;
ES-3205002-F436BBA49F744D628255B1A9E8FD20E1;;
ES-3204609-8A5D49979B19413DA936D39F1121BC67;;
ES-3201407-F8279EC185734039BA9FC7C2FDF15339;;
ES-3204351-C83827F9583A42C9A950E1F16E106342;;
ES-3205176-CE163AEDE13F4E7AB8EBD285C4420281;;
ES-3203601-6BE42601C4C64B6192DC7E4295A41BF2;;
ES-3205069-EA011FBDA37E43B6AE113F17ADB89FB5;;
ES-3204559-72E03CAA939F4634A53315005A9E00F9;;
ES-3202504-7AC544B438904609811D4AFDBB39418A;;
ES-3203346-EBD1EC15C3024FA69C44F0483C6D7B4E;;
ES-3204906-9B725785C4A84840A403D3AEF6B73970;;
ES-3203205-D7DD4829754B45429D187CA7009F2FB0;;
ES-3201506-A0B43F7D71C34589A7F065BAD9A11B5A;;
ES-3203908-C56697B157994607B104484DBC8692BC;;
ES-3204500-D71019E33A9D42FBA6C399D7768468B5;;
ES-3202603-DDCC64110CE34802AFB7848839FC80AF;;
ES-3205176-7515A2E7186B4800818D301B89A3F9E7;;
ES-3202702-E4D30239028E475B845897AA09D25645;;
ES-3204559-DB5B8B7465F049CCA48049239EA03E88;;
ES-3203346-D7E43764A29848E2AA87A371EC842501;;
ES-3202306-CC117A66264D44B5B19B87D11418693C;;
ES-3205101-E33081E2B4E94E61ABD8525880F8A0BB;;
ES-3202108-A0AEEC6E779141B7852DFDE79C0EA4DB;;
ES-3201902-64BE92D65D874AA59D3C47BA7B0552CB;;
ES-3205069-7C3877912C4740B1AF966E66ADE29DE2;;
ES-3203007-2022062F2C2C420EB4CC7897F5F489E8;;
ES-3204005-9477E95CAC364FEA8D2E396BEEB330F6;;
ES-3204708-9C173C731CDC42AEBB4955FED681172C;;
ES-3204955-B422A5DF46EA4F81BCFB1C1485834B7F;;
ES-3201902-42EA3A1564DD4944A36D5DE99E5E2D56;;
ES-3201902-1656CCB912A24521969683373FFCB4FD;;
ES-3200706-FF5DCFDFE67444DAAA3ECD86CAA6570D;;
ES-3201506-06AF07966CD848A6825A76792076A07E;;
ES-3202603-0B974A83FC3B449E90391837F7E92D4F;;
ES-3204005-2E01708A9AF446AD9423388EDDD1B4B5;;
ES-3205200-D21D7844BFB04AF1B3A38FF3E6AC674E;;
ES-3200102-03DF81DDDFDF4FA98746C6755B1FE652;;
ES-3202553-8CB74BD579E147319B8BDB4D199DD92A;;
ES-3202256-64CEEBD7055B425DBC33AF8284E34204;;
ES-3200904-C39C1146F29B431A801D30EC2C53E08A;;
ES-3204609-A5FD3C4340A74B11A919767B2AE89509;;
ES-3204708-1A63853EE82D4E2B8C322C075E21B2FF;;
ES-3202405-AD17FD5CCE5442CB83A2B73CE40FA36A;;
ES-3201704-9F3A8729933C4A56AA5DD8FA52C257F9;;
ES-3200300-3CF56AEC73694650A423933018F17F66;;
ES-3203346-EB0B983162E84E158ADFB20EE5EEBAFF;;
ES-3205101-E70DDB7234C545ABBEA6023D3C3BCFE0;;
ES-3205002-505DAA7560214DD8A1D8E0386373D7E8;;
ES-3204906-5A67FE61B74243EE94F80CB5BFAA8289;;
ES-3204609-C49561F4679B4958A95ACA0F7952D08B;;
ES-3202405-5A36F1F727BF4E339A708140235D0591;;
ES-3200102-9D2360E0EC6E4E04AE4976BA720BFCCE;;
ES-3201902-4050438F9C694CF19D2DA08F8A7CC997;;
ES-3204302-647A3495C95E4CCA99F506AB5519E797;;
ES-3200904-574524BECCEE40ACB626BA7831718362;;
ES-3204708-3E043FAA0BD841B78F55D002DA9B8430;;
ES-3200102-E706FDBCE8E84A578C0B1AFC3672B692;;
ES-3205176-29469DBCBD3F4DF889D40DDC743C86C6;;
ES-3200201-6019605123CD41659032D13B0B0D9ED1;;
ES-3204351-4F5F29388AF641EB89F645F1FA889E3A;;
ES-3204906-C967E1D1EBBF4AA2AA950101BC41E2FB;;
ES-3205101-AB6C66DDAC5F4BE29DA738EFAC18A57B;;
ES-3202553-D0FB03E9631F412D894616AD16A020BC;;
ES-3202603-514D70E5242E4AA68E2D9139A1D04A64;;
ES-3202306-4C3AE47A2B794CDA90A3F71BA8A1B6F6;;
ES-3202504-D2F79CD375244136AB8AAF9C1798D47F;;
ES-3205002-997879437BE44D8881B25F3CC356125E;;
ES-3201704-ED43C0752C344D30A598FC191D2AAD1C;;
ES-3203700-53E58487BCAE4C04B2E39CEC4EFBFF6E;;
ES-3202553-D7E27D84A89B4EBB9C4E1ECB16707F79;;
ES-3201704-1326E252494541CD8120080A4280BDF2;;
ES-3204807-C0FBDE60EE4645F097BE1770DE8E1103;;
ES-3205010-63DCA00690CB44E0B57AE14E79657C0A;;
ES-3201506-8B1E6673A1DB44998EE03A620C108F1F;;
ES-3201209-2BA6328AB90F43F1A5C0CDC9C62702D1;;
ES-3203809-4E9025B7DECF4A338841B42DCC3901BE;;
ES-3202405-70911138F5B3467989E9D5EB3B05F691;;
ES-3204807-EF2747B9A9F444FE97E6AFCA82D84AE0;;
ES-3200607-C20DBC9CCED443229D852B968BB62DE2;;
ES-3202405-1B43BA04F24E465B9BD412050CA27097;;
ES-3204559-E907E98862CE429788556D98C2D9A63F;;
ES-3200409-2290C7215ED5455499ABFA6569D8C295;;
ES-3203205-EE54D5FD1F2B4BF1AC35B09B4901D19C;;
ES-3202256-ADFC4E5AACA24E0DB5C0DF61C380B687;;
ES-3204658-AA79F0C75C344396B3AF896669976051;;
ES-3204906-F2472AE80C9A42EA96426A34B18A6772;;
ES-3205176-982F110E361648B989F87B13139F928D;;
ES-3203007-C0F341369DE94E8EAA3EBA1E8CE21531;;
ES-3205176-3EEDDAE715904D7789D0DD7F50034A47;;
ES-3200904-39D58C1C129E47F2A956580E6036CF0B;;
ES-3201902-F3445DA872294C989DF283BECD3876BF;;
ES-3204807-C21526B8DF4C438E9F5ADA6827133841;;
ES-3201704-77ADB5A22879435289F14F6699C50957;;
ES-3203007-D2267A0F3CC24179A2F9C1C8F02F259F;;
ES-3205150-7F9B2EB9C3C54BCD992FC180B228E326;;
ES-3204500-A681EE1CA1C8467E9C1BD0EE5744B037;;
ES-3202405-4E4AC5632ED045679518116F139F6F09;;
ES-3200508-8D07A71A7DF14F838F65D0BB80D9FFF7;;
ES-3204302-972FA213B6844AC48F702C68FF87FC3D;;
ES-3205036-1C0C5664821B4F6E8734C7E2CBE1241D;;
ES-3203908-42BF720121824AF3948BA865BDB35614;;
ES-3200805-35DE2500A7784433826E0D50818856D0;;
ES-3200169-E22FBF1425734127854E77BE57964BDB;;
ES-3205010-7E065E0846A745F78580A68CEC41FF44;;
ES-3202454-F3DFA72900144E41AB06BF9761E65921;;
ES-3204104-AB69B0BF715F494FB52AFBE0EBF5FCD0;;
ES-3203163-5CBEB9FDE2BE45818167A77EF99E6BC5;;
ES-3204906-1F0A3701D7424381B801B043A90B3F8E;;
ES-3203601-4FA4B170B3D44E85ABA9B73D2566ACA1;;
ES-3201803-9A4F72D440CC4825A6F463B6396D87C5;;
ES-3203502-5F8EBB8028AE41CBA9FE271EE0A3B8D2;;
ES-3200904-CF9CCF28DCF0415AA5D433E4730A7C57;;
ES-3202553-9468BF971C0E437ABF1869474901203F;;
ES-3201407-F7FF74F56B97428497956FB278C1D122;;
ES-3204609-CE8084D6784240C290DB3A7DCC76808A;;
ES-3201209-BCA916F215974B3FBA1A6904EC272E74;;
ES-3203320-0FA7D295C7B64EF49F9588E40DA80B22;;
ES-3202108-74B946DB7AD748CB838219390416D0BE;;
ES-3203403-E0741F53E2DE48AAAE11168694D6CC33;;
ES-3204906-BE8015F2197C4298A2FF682D95499D2B;;
ES-3200904-6A4C3136A51D451CB7401E372B73FB58;;
ES-3201506-190B6D6A1DE240F3AB623E485E790D57;;
ES-3203304-2AB8511E43FF4B6F907EEAE8EB86BB30;;
ES-3201159-84FB1892BBE044E8885AC9EE3D1DBF89;;
ES-3200136-0FC268E4D38948EE9662550C5A78E696;;
ES-3203403-B6B6391385EE4706BEBB70D56AB65A25;;
ES-3204906-C24936C0BE0E46DB8CD459C83B739D36;;
ES-3203007-787C5BA4EFEF41A7B9691C217E4A4A8F;;
ES-3203700-8E4E8626C62647EA8429CE8115B609B2;;
ES-3201902-44A4E8BAB5014D3CBFCB94A60C2A08D4;;
ES-3202405-D33B9A55DDC1456FACD98509212AD7B9;;
ES-3202405-C3BB97E73EC743B78CC58686B2F9A77C;;
ES-3203502-0D2785997A0A4FA888ED9AA8C1CEEBE4;;
ES-3200409-A9D5FF773C8642BF9C7CF6EFEB5FA97B;;
ES-3200201-95282032F48244658444726C4E7399EA;;
ES-3204351-6B81BA0ED93C4E96BAD70293B9B47017;;
ES-3203205-0C562D0572084DE4B61DCF32C3C6BD71;;
ES-3200805-E1DE45E25F364642B71E67DD77E49338;;
ES-3205150-232D57C89F624B9AAF41CAC62654CA39;;
ES-3205176-A784493C8FED4819898990CCE81776EF;;
ES-3205176-B57E48E8BFA14FA6B410283A89ADF117;;
ES-3203205-FFFAD154A25C467992498DD58142B642;;
ES-3203304-E11C77E915FB47FA9BABFD347940A85A;;
ES-3203205-85C770C2D2694029811F8E0852480573;;
ES-3204351-99F38AB3C5DA42DE8213B945E73980EB;;
ES-3204807-CE489E2B663A42D7B7B73F1999DED7E7;;
ES-3204401-F7F83BA946E9423BB7F4045151436FE5;;
ES-3203205-27B25AA7E66F4830840D8F369877B75F;;
ES-3200409-AD1345510FD64AB8843C68250D2F3FCD;;
ES-3203007-DF7E4ACBE0374189AAC795FB9863C0D4;;
ES-3203809-381A8F8E2F5B4A209A3C510BA989BC91;;
ES-3202405-60DE464CEBED4098BBAAB5682962D4AC;;
ES-3200904-83B59F61F8314AFB820E49D4BA3B1B7A;;
ES-3203007-7FDA875A5C394FC8BEB244541CEA7427;;
ES-3204955-54A472D61D40477D85049E78F292702C;;
ES-3203056-44B9EE82046046418171069C82ADEF3D;;
ES-3202405-0474AD69409D43BB8319353A1B2B3D45;;
ES-3203353-3EADB242E3614E2E8C63981AACA2BCD9;;
ES-3202108-A3858DA1A47A41E68BAF9C6BF0B30265;;
ES-3204302-CAA020CB84FE40D988201F5FB0BE97DC;;
ES-3202405-E7B47A380C3C4A2ABC7331425623463E;;
ES-3203205-120C1BA32A8D41EDA4D1DE44A6051E8A;;
ES-3202108-46566D7E69C34F02B44399DFFC76C43D;;
ES-3205069-1FD53CBC753045D8875F371A7A6B2CF4;;
ES-3205010-AD6540AAFC404DBBAD1ABBFE34AA8673;;
ES-3202207-BD131330906F48A58A8EAA716FD8540E;;
ES-3203056-BEF1D5DA00CF49C69663ED90D0CB2245;;
ES-3202652-3A261775332F474191E11E7A0FD6647B;;
ES-3202553-0B68450E76C24DB7A94B32B1FD9A6EB6;;
ES-3203205-9CC294369979420DBE82B4A1AFB42641;;
ES-3201407-F9C288EB7FD746D18E9B5CB9B71700FB;;
ES-3200805-18A26F95E4784EEA81B70EC5F454967C;;
ES-3200904-9953F39721804FC28BDD44E26EFD0492;;
ES-3204609-FB987BB0369841F5939D1BAE53BA653F;;
ES-3204609-5853F89FEDB943F5A3B25F6B16E2BFC5;;
ES-3202504-3B2D58B89D7F47C1BD536FF12DAC7919;;
ES-3201407-4C4A3774EB4741C1AED37AD971569D1E;;
ES-3202553-64EB4903F28E4C24AA00745A744F0DCE;;
ES-3204559-D464231383D74D8FB1264806F18DA685;;
ES-3201308-231188FCBF87401FA113C8CCCB421808;;
ES-3205069-AD11E76F42724708865BD087FFC6F5E7;;
ES-3203908-2459E32BBAFA40BA94B34A629AF825FF;;
ES-3204658-C9F1B3595D0E4319BFAC95F0BE37869C;;
ES-3204500-69206041E33E44CF93C640592482548A;;
ES-3204658-DBF9FB257CC4473AA73D9E39AD18567B;;
ES-3200409-E112E7204CE940499FAE5897383196BF;;
ES-3201704-72F85584EFFD4D9AA09F503B2FC5D0FF;;
ES-3201159-6E87B0FF56AC491D86D88DAD09E4B422;;
ES-3203205-A293D4997B3D4BFEBBF4BF083F7AF1B2;;
ES-3201159-0A681D2E2AE2436DAE994DD01DC868B1;;
ES-3202207-BDB6C69DA173433CA396F64D4FFAEEED;;
ES-3200508-A3FEB798A18A4A4BB761B414267D7607;;
ES-3200300-B27726262F654726A4EDD94DA4A16A22;;
ES-3200169-CDCA16F1DF5D44E994EA95F94DCA0A63;;
ES-3202256-6A4D6851FAAA488396DBF05821936D0A;;
ES-3204609-73C441CBB4644C498A7A1F424EE781FA;;
ES-3202108-8FD0DEC2DCF94D5D8808FD8FFD83AC5A;;
ES-3203205-0E5C860459824BDBA5B0F26354DF98F0;;
ES-3200805-4B25EC85D5A24340BFC379275B2795FA;;
ES-3202603-2874A7D5A35947289340F6EE5BFB5626;;
ES-3203205-7DF2D4D5D38F463E8083DD54D0A7EDBD;;
ES-3200169-D7C179DA0487444DA4DD14D3C8BF4034;;
ES-3200102-F97B3A167A094BC591E6F3C3981D88F2;;
ES-3201209-ECD04C6E8A8C4E909C33C5A9CFEE5638;;
ES-3201308-2F05845EE7984FEBA8EA6E873D6F5F1C;;
ES-3203163-6BA1B9142E6A4D06B991DDFAA31BCD0E;;
ES-3203700-EBC34B9A2CEA48B4963435C54CC43DCD;;
ES-3205176-13470A5E15C44D91BA0558923159DE5A;;
ES-3200706-FB814D713E5C479E800EF6FBD56E6E3E;;
ES-3200904-4C5843B44F35482FA23D590208EDD362;;
ES-3203809-501F412F63CA45D0933F3476EFF71BCD;;
ES-3204807-06AA11C629894E2F8DE6A43941167BB2;;
ES-3205036-D7B08F7F2D5546809308CBC15146E08D;;
ES-3204005-6E70F161DF7D48E5BF52B4A756F41715;;
ES-3203007-1F7E8295320D4A788CA148B07979E086;;
ES-3200201-3BD125FCFEEB49BC951743C755291724;;
ES-3200102-4D4BA105FD5648BCAD4788E45E94AD63;;
ES-3202009-48BA14C54DDE4ABAA5763D808080EA25;;
ES-3205101-20F0C2C8FB2F48338A6CAA6007D62380;;
ES-3204005-D61EA3AFE45140F38DEDFB5B8EA8297A;;
ES-3205002-2806C8EBC142403499D4436F9D8E15D1;;
ES-3204955-0CA229FE7E034B2C9BF2522E96C50EBA;;
ES-3202108-63CABCD1F6E94EA788DE9BE89BD7E69E;;
ES-3200904-7C83EE6D0A1E4FB998A071EBE8D3A8AB;;
ES-3203130-C243C2D4233840B2996892053E0B03EC;;
ES-3202652-C0DF8433818A4B2AA557FDEE031E4503;;
ES-3200169-1908FDA801AE4F67A75828279677DBFE;;
ES-3201704-363F46807D2440B996FAE32D45EC8502;;
ES-3205036-E8BC2A5AAAD9444191C749A18D169F62;;
ES-3201209-FB470C9BE75C416CBA4A9E0FDE0A77A7;;
ES-3204906-CA7F6D0103044D29BE0BD402030B5483;;
ES-3202108-E1EF518C2C0E493FAAA4753B97306A03;;
ES-3201902-E440CB25D8FF4793A5D8DCDD3E51C994;;
ES-3204559-E1844A3A2F174A7FA1659BEE6AE3661E;;
ES-3203908-2E78AFB78381460CA4C7EF41F1D00EC3;;
ES-3203056-AB8A5D880B484211ACB5AC7640D24D28;;
ES-3200409-7179D0FE25A843DCBD2B14759F02407D;;
ES-3200805-B6BFC19A8B224617943D2B9786C28228;;
ES-3203056-9C0A632862BB4092A6C3F5D6A8023761;;
ES-3201902-3A3878BD23574F04AB2D16D79ECC6CFD;;
ES-3202207-0E4BFA04DC034F058DCA80D3A0B48C01;;
ES-3202207-BD254990C4C146F79EA842025586B54F;;
ES-3202108-46CF5CF6568A4970A892D0B05BF1EE27;;
ES-3202702-0920EB028F8B4EB2BAC9FB3D4635D790;;
ES-3203205-F499F9C9411F40B288ED9FFE9386237F;;
ES-3203130-84D3DD9259B744E5B959F7F137FB1664;;
ES-3201209-6584AAF22661400D9EFC3E0918F6E530;;
ES-3202504-155446D30A0D4FEDB6A870EE6976B640;;
ES-3203353-AF4AAE719D094BFE8D900A348561F643;;
ES-3204559-4D97A0BE6F1948ABADA7015812F1FC27;;
ES-3200300-5B2E3842970A4BE3BFD0D234F09064E7;;
ES-3200201-66FDC4D5B66A4495B7F2FF2C3147CED0;;
ES-3200169-4F695580AE9C45F59D924F2F44469DA7;;
ES-3203163-1E7EA54B65064BABBC1182F896FDCF20;;
ES-3201506-B3CAE4B8BFC0402CAA59899C42B17A85;;
ES-3200201-EDD4FAFEDF9F4AEF8F75E55CA7BFED54;;
ES-3202405-7B1D530D738D43578F57F35BAAD0A33E;;
ES-3204559-633D75A148FD491185DA82C49D843B92;;
ES-3200904-0507EC9F8F614D97AD9CD145B57D36EF;;
ES-3202603-73BCB23D7C854E7FA8E42272B4EF4140;;
ES-3202108-D988CEBE8DA040C48DAE390579178464;;
ES-3203163-BCCEEECE31AF460081BA1ECB0735F0FF;;
ES-3203056-3440AEDC67894820B73E6D1CFA022EFF;;
ES-3204708-4A0E13AD8D0548B28004DABA6A69847B;;
ES-3201407-9C0AA3CB6EBB4397B9A98BD30A94FA91;;
ES-3202009-6CC35F4FA53A49EAB23196A1C642EB70;;
ES-3205002-53DD262B62B242368B4EBB065E77274D;;
ES-3204708-010E45CEA7D34C219718F781D0256254;;
ES-3200102-65A8CB40E71E42B382607142E510C9C7;;
ES-3203304-A089AE9260EB427580F4B2EABBD39961;;
ES-3204955-51F6D32D1FE24F16BC4C3F974D56E812;;
ES-3205002-5C5633EB93ED4DFA949FDC69ED368677;;
ES-3203205-BC5BF7C88E3C4042B7A4ACA5B14164B9;;
ES-3204302-1E91A80D44F74CE49485AF68D6DA00FF;;
ES-3202702-2419509BCB094E5D8DE32E2C08F09D3D;;
ES-3204005-A3C3570C81904A74947E2FA7A7E5EF92;;
ES-3203353-D63A42F5CF4F45DD9B03C0E9F45D7E1C;;
ES-3201902-D409BA58A58B4AEE9B0CBA6EE526D2BF;;
ES-3200102-FE1F4CB8DC464A759DA41F0E2ECE0318;;
ES-3202256-E621424A708549F2B6232FD95C13A896;;
ES-3201308-9910D11CD0884459943545757DDCA39D;;
ES-3203908-E0622A29F92E43968DB21D127EDE5508;;
ES-3201902-7DE57DE9192843B6A738C31E975F18F4;;
ES-3204906-A1AA9CC9985C494EAC1E74CAE2C6778C;;
ES-3203205-91D2CAF3A38E4B0D8A14F75576B6D9E3;;
ES-3201159-8EFB09F800394CBABA96B87A6AB8B0B2;;
ES-3200300-D8822A18C03C4EA3978F8246EDB0E013;;
ES-3203163-680F00D5045649C69E0435EB95FABCF9;;
ES-3202256-020158A79C5F4D9C84470BC953710D08;;
ES-3205010-9DCD58EA137449DA877BFC41194106B1;;
ES-3204500-418E86D03E5B4D8B90E53D77A2734585;;
ES-3204906-3E607011F1EB496080B50A1FBF7A6A5F;;
ES-3203908-9EABB1FE6D9E467FBB015A2A3EBFAA37;;
ES-3202405-1EC73E5385FF42488DFF614B8D108D9E;;
ES-3201902-82EB30612C284C4FA43A86A549B8B36A;;
ES-3201407-02DFC0BD18554C6FAE5FC6F06F69FCBB;;
ES-3201308-FC7C0A4EA3574FA1BE2966DA15B73CBA;;
ES-3200136-16289D2E09ED4BDEAC8B5C78E57E2185;;
ES-3200904-71B0EAF7E1F5402A8D04F4648F7D6649;;
ES-3204955-C90045E021C646B7B12788E867B3B22A;;
ES-3202454-5C0F9143528C454CA257A92B76788724;;
ES-3204807-D76DC6D30441462B9ADB77CF402F79BC;;
ES-3201902-03C3419F4DEF47268DB505A80218511F;;
ES-3200904-F3ABFA15CF70494FBA9571D98C73194B;;
ES-3202801-B5DE2C73133247D0957DFA49831F3AB8;;
ES-3200706-44270EAA04E34DA99E983B0953503319;;
ES-3202256-95CFB26EEE1D4F04B0F331A714A5AC4F;;
ES-3203353-25C203BE7B4A4E3E8097F16D30639900;;
ES-3201902-90C93B6CD2FF4ABE95DA8379DA006DF2;;
ES-3204005-1D250DE7BEE6474F9F5F9462BC114112;;
ES-3200201-712F13C26FF042D298EBF7D304294EEF;;
ES-3200359-F21ACAA72FE14DBFB68B2A5744EB8D06;;
ES-3204351-52ADD513EF7B476BA55A95F63F898D45;;
ES-3204351-53F8621874A4462DAFAE79E58715190D;;
ES-3202256-58CDF45724A84BAEB62011F62A65B85E;;
ES-3201209-69E675E7302044F094B09B5F5546096B;;
ES-3203205-4DEE93FD2BA340A9864701A35618F9E8;;
ES-3200904-5A488A47250A4E62AB1B5560AF8E024A;;
ES-3205101-1E72A94C6B23442CBE6BF12F36032668;;
ES-3201159-8EAD1FAB95534B5AB2BD4BE3C5671365;;
ES-3202256-EEC47BBC9B32494C8E507D263B6081D6;;
ES-3202108-1FC52D2A065C4FA58B93CF8F0BF95856;;
ES-3201209-32E9EAA8C3A140F6BF643DFE84F89A8A;;
ES-3203205-98747692F3044C0380182DB9B5F61C3F;;
ES-3201902-4CCFBAC30F294790A3FEC57D33972A08;;
ES-3203205-8DB264DAC46D449D95884DF58C163351;;
ES-3201407-AA0FA4D4D60441B2A123AD6E1A91C185;;
ES-3203353-18F6C10534C340CE9C5569B298200966;;
ES-3205036-1A70D7A0EE2C4A4ABC174154EADF46B6;;
ES-3202207-F9942339ED5A40829740E78D29A686B9;;
ES-3202553-FEAB2FF10AFB4604BA0DAD6C788A9742;;
ES-3202108-60369AAF7E0840208C5B3AEB2093A85D;;
ES-3204500-FE47792FF5044732AA63EDC2761BA525;;
ES-3202702-34D9D1B2866B4E2795BB2F45D127D0BB;;
ES-3204955-F98F2537773D49B0A635B8ED6DAC7A35;;
ES-3203908-23DC1126D66546159D8C2C34F1649611;;
ES-3204906-FC42DE75CDD148CB917AB20960703B7B;;
ES-3204351-439D669B10024B5DA6CED7BE9C8B96D9;;
ES-3202405-103E4AF4953D4FF5945F5C6561A68F59;;
ES-3205101-499C4865E7CA4F739DB4D72DBFC86957;;
ES-3201902-8AC3556DEC2443F7B08325FA0B33BD17;;
ES-3200904-B9393398EE2E4B4C84DC8631E75B5F64;;
ES-3204203-59CE8216916F4671A9AD06FD46B47D9E;;
ES-3202900-F9BED5CEAC7C4636B6AEFE9278A4DC5A;;
ES-3204906-562ACE7282114C7B92972891CDBA74B9;;
ES-3202405-12470890966643D693A48E9F326AA121;;
ES-3202207-3284AB2F92BD439DA1BE17674A51629E;;
ES-3204559-F213632B6B0A493D8C28EF51DC5D1F13;;
ES-3201902-5F1F1C51DFB440FF80684334E16537F1;;
ES-3203353-09E070844FA140B9952BF75E3954ECB8;;
ES-3205002-8CD577EA1BC847F68720F1A0F8B169A6;;
ES-3202801-1C82A848156B4DA385819A5062AABC09;;
ES-3201902-C4796F49024C4AE0A1C366935E60D613;;
ES-3202553-FE921D121B5C454B94A5B5540355AC1B;;
ES-3202207-163FFD5587ED4C02946EC47A83311A3D;;
ES-3204005-BE9EA9E065B140A8A7AABEDE8F62331B;;
ES-3205150-D71122CE10D14681824FA3B861B6933A;;
ES-3200607-D518167685F54F38980362718AA675D0;;
ES-3203205-46AD6C925C3F4250A251EB060881652A;;
ES-3203908-1E8437D31F5A458BB7E1D63D9A522350;;
ES-3204054-E19DC31EBA984416A70967C61F341C7F;;
ES-3201159-04DCAA26FC77403D9CD2649533D5A1D2;;
ES-3205069-E1A0612FC3A94FA1AE693001FEA2B110;;
ES-3203908-E0E77CC22B2F41C088F759089CC60A43;;
ES-3204609-B394F6AB1E404C28B49EC618935FBDAD;;
ES-3202900-D8F66E9ACC1344009D9702C063947327;;
ES-3203700-AA5C902D2ED74C00A78F8B4B22D80695;;
ES-3203353-B25A5658DB4147DF8AB0A81F01D2E666;;
ES-3204351-FE400E401A3D4108906757C03936DDDE;;
ES-3201001-A7A06D6AF1194F43A2E513836302D235;;
ES-3205200-B8812266CDD6498999E8F359DD7DF194;;
ES-3200300-0F00D95AA0F04172AA990582E578369B;;
ES-3204104-C37211E5F5A94B648BE9604A512DCB04;;
ES-3202405-97B1F2C052644AF8AD76D90ABFFE4E5F;;
ES-3203106-5F9294A527D746B5AAB5B3E7C48708EE;;
ES-3203502-FFD6F60ADEE242A694F48F16D651EE91;;
ES-3202405-7FC4A643BA3F4C21954C6158A7B8763D;;
ES-3203205-500A7841F00C491B86E611F0C778841B;;
ES-3205176-57A03A09E4A14497B4D6F97583CB693D;;
ES-3201308-BB0E412C112344C8A32329BD060DECAD;;
ES-3201902-4985ED4B5AAD4625A3D003378CBB0111;;
ES-3201209-D2844A0A60424E41833248EAAF53C0E2;;
ES-3200102-49C6892BE8AB4EED9D1677D65984C1DA;;
ES-3203403-2E6600DE96DE42A9A293B2470A177A3A;;
ES-3204559-D73686D185B94FBFB962082901C53548;;
ES-3204609-884C9A0899804695BF28BD8612B71569;;
ES-3203403-FF8BC8EB2DBB432C8EA633B05D6B3878;;
ES-3201209-8E8C37AE73C3474AA8701A917BC432D8;;
ES-3204500-DAD1E43D8CF74B458765B84A2F46A673;;
ES-3200201-DD95ED241D7F476EBFB5D9F81B984272;;
ES-3203056-4636FB3849AB4C8080BAF596404FBD66;;
ES-3201902-A65D39891E854DC2A3CE2AF419EEF3C9;;
ES-3205101-7B4FBB1AA8D44F418326FE2FFC496813;;
ES-3200607-63B4B399E5C14A1380187C5F26078665;;
ES-3201902-85AD2C4A6FF840CB9EF717119A6D2574;;
ES-3201209-C4E02926BFA049BA929D7754463D8D98;;
ES-3202108-BDE8B975C8354D789E9B1AD8C47B7D48;;
ES-3204005-A5A8B44AB3D149D0A4E68DFBCCC63399;;
ES-3204559-0569E3675EC648B1BF7FCE1E13EDD264;;
ES-3202900-C78016D5196C41D1A23C37B17EBDEC67;;
ES-3205002-FA29152E6E0F48AC8A52D2C080B9AED9;;
ES-3204906-E789892AED624C1D98132BD79312859F;;
ES-3201407-3FD8E0788B9545FD93EB12F2D97911D5;;
ES-3200607-90251BAFC841450D86DFD758879C15BB;;
ES-3203908-200A2F3293954D4C85653FE4C0D188D9;;
ES-3203320-9D37C2A0A3204E1F867D688A7EF43F63;;
ES-3201159-7F7084560D8E48BEA3E3A9D52159769C;;
ES-3201001-6E94A1490C4C48C594B8DA5A189EBB82;;
ES-3200409-9A5A2C90910247E58276E8E979FB5143;;
ES-3203809-F52A1B7898AD4E319F266B1F71D4C9C1;;
ES-3205176-23C5B226A4B74901B2479F4C6B669BEC;;
ES-3202256-A32A1D90D16F4B3FAC1B63B6B329E833;;
ES-3200300-BF3D1DD8E7224F72947A55D11C6368DE;;
ES-3201308-9024207626D6465887BDDDBCDD3E7238;;
ES-3202306-253918175FAC4E73A0059B0B6A1B4FF4;;
ES-3203056-93F24C2153EE41F58BA152B982ACBE2D;;
ES-3201308-51F6BC64ECB64BFAA91EBA4DD5CF60BE;;
ES-3203163-63503E87A1914BECAC5CC6361EBB7F25;;
ES-3203700-8984E2AF90FF4B8E9E6997C609F934DE;;
ES-3202405-CA1DACFB2ADA493BA3392D929FE9243C;;
ES-3201209-A70A2F3CD8CB4C35A230D6AB73EC1FC4;;
ES-3205010-F3B8EA856A8544DB9AF387F3E00FD9AC;;
ES-3200607-0E54259F89504CC79BD76B562AF8432D;;
ES-3204104-E82400D2116C446AA26AEAC47F2C062E;;
ES-3205002-55087D7BB6E3455286E9D8AF47C99DA9;;
ES-3203130-F54E056ACDB141DBA89255A08E757D43;;
ES-3202256-75F3C3F7CA9B42549C465FEE0501E0AE;;
ES-3204559-F09439F67E284810BEA6B3F5A3080CA5;;
ES-3200607-FCC068C4C36E4F99AF8D127D39B1966A;;
ES-3200136-24DD107CC0634248BDB63641641B61DF;;
ES-3203403-6146BF70AC91440F91BB1A54F1ED91B5;;
ES-3203809-D259A6DCADA949D69E589A14A53DEBAA;;
ES-3205010-DCAFE593D1A24E0AB2C2C7AB864035DD;;
ES-3204559-63546250DE714A6E81B7E30635C76ED1;;
ES-3204906-FB438AD81CF04496922C3931E9AB53A0;;
ES-3204609-7783B2362E03436EB9B1BE305DAC2ECD;;
ES-3205150-BE9D3902E88C4A90BD496025D53C9099;;
ES-3201209-61D4F913F8C44EAAB4122F1DC608A5A5;;
ES-3203809-330F85F9FDF1400698DB32B3C91D740A;;
ES-3204906-17D1D80E797F4185B509950168DC2DA1;;
ES-3202801-0E622D7611DF40FE970E912482534BC4;;
ES-3202405-A5E4F7F08E3347FB81FA60202577A25D;;
ES-3203403-90245488820843D08A08AE24EBC4DC4F;;
ES-3205176-E86278ABDA794993BFCC62DFACCC5779;;
ES-3204708-A27C7713A29748998B019FA6489CF87C;;
ES-3203106-FD6113AD3AE04FE983805EDA78A8EF9D;;
ES-3200607-C8FCB3A634864C93944D9FBE9F32C39B;;
ES-3203403-11A5F18BDFF046E381749751004B1AC7;;
ES-3202306-B62A7EB31F28499FB0388B02F005AAC5;;
ES-3202108-AD6F54FCD5CA4C2ABCA4FC5E9C0D3629;;
ES-3201506-D44F543B81A84FD093C65DD60D0F8C5D;;
ES-3205150-36E652B379B448DE9CDA4F425BD0222A;;
ES-3203130-7300DAD62BAC4D0BB7242D2D56553A35;;
ES-3204401-2DBF54DE8A3D4CA9A0D887F2A51A2BF5;;
ES-3204807-095CAEF6FC3340DBA76E4A19066185EB;;
ES-3204559-694143FDA69949C4B67B065FE070C152;;
ES-3201902-50A1E15D8DD146C18ACB5FD66381E128;;
ES-3203205-CF2E01E69E294820A79BD3A3DFC10BCA;;
ES-3200607-BD208CDF42D8499EB9B044CCF289379B;;
ES-3203205-DB8A6EAE526743DCABBC1939EF43D93A;;
ES-3203908-E5ABF8155D7C429491C78AA67F38D11E;;
ES-3205101-515B88742AD2425B91F85689CD87284F;;
ES-3201902-32DF0BEE9EB54FD68FF579EFD5DE86AE;;
ES-3201506-4F1825AAD9354090B8C5573A33CFEB7A;;
ES-3200706-2B4F4FA6756A4DA884E9E0207D0AF3A1;;
ES-3200102-123EB22263564DECBDC667AD915FDB5B;;
ES-3204658-275AAC9E84804C66B54E54DC6C073F28;;
ES-3204906-1DD042AEBE8144B68E5D282FF511BE5B;;
ES-3203502-35A074A5EACF432592B6F092789D2605;;
ES-3204559-68C9A8684829463793910E6FA9E28FA5;;
ES-3203205-1B6A5D71C9534269B1675562944C4259;;
ES-3203908-16ADB55E62DC426793E3044D2F0D8D27;;
ES-3204559-478E6E93B2F84DBA99D228A7C2BCE562;;
ES-3205010-3E35D5D2DB83493482315F7FDC8C6074;;
ES-3200300-DF2931E213EB443C8B69531B70850834;;
ES-3205002-A398967CCD7949F5A21A9B850D278238;;
ES-3203403-FBD707EA39694187AAB5D16C8D95D628;;
ES-3202702-BC672A34158943D88A5262D87C83F360;;
ES-3200508-0EE0284A4EC74980A9461F90C5A39369;;
ES-3203056-74232BAFFD4548B5B166CD96E7F1F139;;
ES-3200607-B6FFD59DFCB64991BEB0295172D69E1F;;
ES-3202207-20E94A1F470143E59877EF30B18DFA88;;
ES-3204302-1ED389FE413E494583754F37A54D74B7;;
ES-3205036-BA6E90FB62974826B98698193562AA61;;
ES-3202256-454A91D18204401595B52635BF2BD1F0;;
ES-3201803-FA6E574C31B9426D96D144F35D3136DD;;
ES-3204559-BFAC2DAF57D34B0E9395450FBF511CE3;;
ES-3202900-6DA550D4BBB84C5885C08DBF8A7604C2;;
ES-3203908-27329A2A94A147D28C5BB09BB58DD561;;
ES-3204559-7D774CA5FFC247E9A88D28BA8221B819;;
ES-3200102-2A7240BC01A84EA4B6B1B1BAAB2AF937;;
ES-3202454-0BA546CADDA64305B2C463C6F4712D43;;
ES-3200904-55F7BE57C25F4895860711075E800572;;
ES-3200805-BCCB8A666EFD422EB48142A10C15AF30;;
ES-3204104-EA16A1AAF0074F0DAB1A3C9CF6CC5FAD;;
ES-3202504-7368F695D56446E49EE1FD0B2DB75AE4;;
ES-3205010-95C02AEE51AA4BA2B4B95F65BB29B55D;;
ES-3200607-AFF7C5FCEA814FEBB43243022CA53A4B;;
ES-3202009-90A553CF03C249D4B226226F8D00E0DE;;
ES-3203056-2C4F7150DE2849B780C3B538FCE1EC19;;
ES-3202603-8060CB1FEDDB4FD3B2D1E4E77C39DC7B;;
ES-3203163-22D78BE8C12A4447829593C4AF155A48;;
ES-3205002-2C30E82244D444FBA5072881C560CCA1;;
ES-3200508-64B22192EE29405C953E28C09038E30A;;
ES-3202603-7020A11501A84115B5234E00297829E0;;
ES-3203908-9431713D24C8410BBA0217D6F84269C9;;
ES-3201159-DB69D854AE34418E8E3B2F494044FF2D;;
ES-3200904-77F0A264491A40CCAD9E62BC6F26229E;;
ES-3200102-02BF805EF61E4C638361B62B3836E5BF;;
ES-3203007-83832D195C764CAC80F0C676DB505D00;;
ES-3203205-38F7D0550ED84346B86D7EAABFF32631;;
ES-3200904-F921E05072DB4104810BD8837AA996FF;;
ES-3201605-0617810E24AF43088E70E507CF5A8529;;
ES-3202405-178597F2074C41059E42BF65BF6530FA;;
ES-3202108-4DF5E411C76E4BEC8B4479AC43877143;;
ES-3205176-B216A7C8A4174E48BC8A1087EF2C0EB9;;
ES-3200409-78FF90D7137D476A8B5365CEBB771D78;;
ES-3204559-361D002BCE654EEEBEA9CC47FC27FD9E;;
ES-3200409-CBC31FF886DA41DAB311FE4CD0AC23D0;;
ES-3203056-3BFCCCECD3FF4268B0E2B85E972460A4;;
ES-3200300-9AEDA0B90AF94E72B8EBC07B0E8EA514;;
ES-3204906-2F1F1C7882644E3097374FE1556AFF39;;
ES-3201902-9160FF726B3A4C249CD8557B75F40690;;
ES-3200201-441AEC9862BF4EB0AD67BC691837F0DA;;
ES-3204955-511BF43BAD47478F8CBB365EDAE191D1;;
ES-3203403-81B7324272664EA2805559F7F83BFAE4;;
ES-3201902-F0DC7261B736406380F38B75D4FD59FB;;
ES-3203163-222CEE35686D490DA4E6EF7769ABDE30;;
ES-3200904-4EF2A7BA3C004837A1DFED742297F32B;;
ES-3202108-0B0EC224E68A494A8C4FA4ACB6CBA241;;
ES-3201159-2F9D12F7987F4C4BBBCF2C942DC89815;;
ES-3205176-952B571669454D88B297D15D488394FC;;
ES-3200136-02BBB37D267046E481A18C4E128B554B;;
ES-3205150-EF0F6728A5294756AA7F4ED4781B9C73;;
ES-3201308-09C3A6F29630445685F85C498002D8C8;;
ES-3205200-C0D60EA103DA49B68D160365FD230E01;;
ES-3200409-9DA997FC836246DBBF13F8F7BBA748CF;;
ES-3204609-A9594E99E7FA454E99F960A574D61EA5;;
ES-3202207-39401849912B452FBA01AEDD07D89136;;
ES-3203106-194235B06CE14111B91CE1B2D1E66506;;
ES-3202801-94A7A374F4394B8BB8389787D71B36BB;;
ES-3203403-441BD7359846432D9D1E47C5118F76C2;;
ES-3204906-C14E8B4CFA2C4F1B988DF79F5C6F6FBD;;
ES-3200359-D0A6531704864636B0E72F4FB41AF4E4;;
ES-3204955-213EED3AD6C04C1C8622BD091F9DCFB1;;
ES-3204104-10D7044315354AAABCEBEA6843C1E2D5;;
ES-3200102-F050D6C4F94A47BBAC07279F72B5B565;;
ES-3203908-C6EF27DD992C4F7CA3E56BC5F21F7EE1;;
ES-3204955-E6A789934E3F41038F985FAD858E815C;;
ES-3203353-FA3D1104FE3A454E8D90F59DEB4C7790;;
ES-3202306-585B488710F6461EB1343B473A9FDA22;;
ES-3202108-B6A1F425802E4EC7A82918111C66735A;;
ES-3204906-53B9C17B7A2142D19575BFB5691351CC;;
ES-3200607-C37DF5746C564FDABFC2B9C5977E6EE8;;
ES-3200904-23090DC30BA944DEAA618BDF4791F620;;
ES-3204559-A81F336FC3F240D8AC64428569C14E44;;
ES-3203502-4AA5769F03F34C99AC1B31C5B5B73C89;;
ES-3201902-D7ED9C20272A4F2B8FB74D927537498A;;
ES-3204708-EE532EC02EE940478DDACFEC5644F290;;
ES-3202207-207B1792A555405DA2F7A50F2A41B6D1;;
ES-3200169-A22402D460EB444588A41F29D8D01BC0;;
ES-3203346-C2B91CF598B0408CB41ED68F055F3BE7;;
ES-3200169-CCFEA342219443CC98E714956EEDE476;;
ES-3200300-748CC242DC014366870B6BD62CCCC311;;
ES-3203908-23BE049493AB45A6BC0BA6698B42BB0B;;
ES-3201902-19C274F65755442BA97E6A3311396176;;
ES-3201209-AB284E78F8CB4DD4A6146A39C11A5692;;
ES-3201704-327F90841784450BB3954F62D03EAEBC;;
ES-3203205-E60AD01F629F49468E29F39AFEFD284E;;
ES-3202108-DF279FE15D7D4EF2AB3C43C2814BA194;;
ES-3204005-FB63C1E3DA004314A0C4BA29A8730043;;
ES-3201209-9F48FF0EE1894C93BAFEB2F6EAE2AD22;;
ES-3201704-D8A372F6EE3C4407971BA0739CDCED83;;
ES-3203601-2A8FC5EB5CBF4A9A9D5CD51A10ED28D2;;
ES-3202702-A5583E9F6B0A4DB7B51010409D67588F;;
ES-3201506-49DFC539640E4310944AF13942D3AFF4;;
ES-3204104-AD4F158603CF482EBF6EB8E81515E8A0;;
ES-3203700-BAF6DE3F94304F308284D217D2DD7FA6;;
ES-3202405-544A32530A874F0A94B978949FD76CDD;;
ES-3201407-E3AD91DC33D142EAB70BFDC5627BA6D5;;
ES-3202801-3AD58D9B90CB4616846512467CCA8DDC;;
ES-3204609-40A390A2626846B188B707ED24AAD833;;
ES-3201902-3E2F40EC0C224B319E0807AEC123A483;;
ES-3201308-1EE43E1A765845C4B34CC2190384C287;;
ES-3201209-845DA19AC7834B3A905AB69699E77DB5;;
ES-3203056-AB6C424AF3604B28BB619C606E3A344F;;
ES-3204906-BEDD44CBAB2F4F018FC8B67C7D5B8D9D;;
ES-3205101-F85876838BDE4978A6F6011A441EAF22;;
ES-3200300-9EA49F12ED744804A5B3CC7EDBC4E8B9;;
ES-3204351-8C564D6D6F6B4A358286DAC73F9CD573;;
ES-3201209-C50D366B4FEE41ECA2549BEA03DE646D;;
ES-3204906-0C61D843C55B4C8294CCA1D2788B8656;;
ES-3204708-4901ED94F5B94495BE6CDBDDE2FB8E3C;;
ES-3200607-ABA8CE0AF5F74F35B5DA4F5EB7C7FA06;;
ES-3203163-51577D0F955E44AD8414E636FCCEBFE6;;
ES-3205002-9849C2D46224436DB0CEFFBDCF25E9D5;;
ES-3204351-4524D785C21F4321A8148F7725C7067C;;
ES-3205069-51702B7E076349E1A0E11FA8DF5DB541;;
ES-3203007-D27666FDDD8045669D289A9A52E4B53B;;
ES-3202900-F23E94E813D0475B973F1405BA68935F;;
ES-3203205-9E7D51E93AF749378311F37E2CFF3DF2;;
ES-3204351-00944DEBCD9E4E2FA793CBB3BE438A75;;
ES-3205002-68C817BE62A84A1682A3506FFCC30EA0;;
ES-3203163-A086E7C076E84AF083A392B3948FB5AA;;
ES-3204559-56DE8214ED1F4F0F83415FC9C746E6A8;;
ES-3201506-A9D2D1F0A98542D89B9F409DE6E7495F;;
ES-3204351-150F06947DDE401CB8A817CCFF55EFE6;;
ES-3202306-36695FC4CD3E4020B75E292552F6176F;;
ES-3204658-34FF833E2A944F49A54FD50721B91536;;
ES-3201407-3523CFACA5EF409FA23431BC61D14E7B;;
ES-3203304-406FC9C7282E4C97A5EC152ED2D2B03C;;
ES-3203007-A56B8A645EA647159F83E68B30397ACC;;
ES-3200805-64F7DFD9E00142C098877136F54F0EB7;;
ES-3202207-9B4E6DF21E6944A4AAC8C35B3E7F17A4;;
ES-3200904-CEB091B38CE04A43871C312451A7D676;;
ES-3203007-C3C0AB762B0A4DCC898EFCD19FD519C2;;
ES-3200359-DF773E7E9EC546C88DE05FAE02BEAFE9;;
ES-3202405-8DE09624EE20417992CC5D77B6433BFF;;
ES-3201308-956B311F3DE64A9B9EC4DE3A2CABE635;;
ES-3200300-FA1C6BBC093E4081A775425796A31973;;
ES-3204401-02C6CBD4275D4EC694C19068D1761566;;
ES-3203163-D4264BDED75D4320A5D681C6AEA520FE;;
ES-3204906-95D43B8F40F6402FB9C98C2E28D2090F;;
ES-3205176-FC6544E910F346A1B89047CE53F12A96;;
ES-3204559-E7F1AD119F764F62ACCE9B3874D36DAD;;
ES-3200300-723D79D44E7F4511BAC31F7574AC619F;;
ES-3202454-6FD84E79A6F44C239CFE56BAC9D484A1;;
ES-3203403-756DA72C557C477C80E7BBC57A7940DE;;
ES-3204609-2060C0E2364D4D5B958D59A1F8DF95DF;;
ES-3200607-D12C7833551C4AA2A665A42944B2BCC8;;
ES-3203205-F7C26A6BF84B419A92F3243B404B659A;;
ES-3204559-1177B694D4124A67ADDC75D9AF275779;;
ES-3200300-46B2A723524240C2A6571B91A9130C44;;
ES-3204906-78D5CB1B4C7042D9911366959B843BBD;;
ES-3200201-F1A97CD95CA447BB82BF12CEC904EBD2;;
ES-3203205-11FEAD1852AD4D41972BB1DA4BE7CA9E;;
